Tên sản phẩm,Giá (VNĐ),Thương hiệu,Đã bán,Điểm đánh giá,Số lượng đánh giá,Danh Mục
Sữa Rửa Mặt CeraVe Sạch Sâu Cho Da Thường Đến Da Dầu 473ml,335000,CeraVe,1.7k/tháng,4.9,116,Chăm sóc da mặt
Nước Hoa Hồng Klairs Không Mùi Cho Da Nhạy Cảm 180ml,218000,Klairs,2.0k/tháng,4.8,147,Chăm sóc da mặt
Combo 2 Nước Tẩy Trang Bí Đao Cocoon Làm Sạch & Giảm Dầu 500ml,242000,Cocoon,1.7k/tháng,5.0,56,Chăm sóc da mặt
Kem Chống Nắng Skin1004 Cho Da Nhạy Cảm SPF 50+ 50ml,273000,Skin1004,1.2k/tháng,4.8,119,Chăm sóc da mặt
"Nước Tẩy Trang L'Oreal Tươi Mát Cho Da Dầu, Hỗn Hợp 400ml",133000,L'Oreal,2.4k/tháng,4.8,297,Chăm sóc da mặt
Combo Cocoon Nước Cân Bằng Sen Hậu Giang 310ml + Nước Tẩy Trang Bí Đao 500ml,242000,Cocoon,1.2k/tháng,4.9,13,Chăm sóc da mặt
Kem Chống Nắng L'Oreal X20 Thoáng Da Mỏng Nhẹ 50ml,231000,L'Oreal,1.2k/tháng,4.8,44,Chăm sóc da mặt
Sữa Chống Nắng Anessa Dưỡng Da Kiềm Dầu 60ml (Bản Mới),430000,Anessa,587/tháng,4.9,44,Chăm sóc da mặt
Nước Tẩy Trang Bioderma Dành Cho Da Nhạy Cảm 500ml,337000,Bioderma,608/tháng,4.9,228,Chăm sóc da mặt
Nước Tẩy Trang Bioderma Dành Cho Da Dầu & Hỗn Hợp 500ml,344000,Bioderma,504/tháng,4.9,228,Chăm sóc da mặt
Serum L'Oreal Hyaluronic Acid Cấp Ẩm Sáng Da 30ml,304000,L'Oreal,554/tháng,4.9,27,Chăm sóc da mặt
Sữa Chống Nắng Anessa Cho Da Nhạy Cảm & Trẻ Em 60ml (Mới),431000,Anessa,380/tháng,5.0,22,Chăm sóc da mặt
"Serum L'Oreal Sáng Da, Mờ Thâm Mụn & Nám 30ml (Mới)",368000,L'Oreal,440/tháng,4.9,26,Chăm sóc da mặt
Serum La Roche-Posay Giảm Thâm Nám & Dưỡng Sáng Da 30ml,874000,La Roche-Posay,185/tháng,5.0,29,Chăm sóc da mặt
Sữa Rửa Mặt CeraVe Sạch Sâu Cho Da Thường Đến Da Dầu 236ml,255000,CeraVe,585/tháng,4.9,116,Chăm sóc da mặt
Nước Tẩy Trang L'Oreal Làm Sạch Sâu Trang Điểm 400ml,157000,L'Oreal,926/tháng,4.8,297,Chăm sóc da mặt
"Kem Dưỡng Obagi Retinol 1.0% Trẻ Hóa Da, Ngừa Mụn 28g",1487000,Obagi,92/tháng,4.9,28,Chăm sóc da mặt
Kem Dưỡng La Roche-Posay Giúp Phục Hồi Da Đa Công Dụng 100ml,578000,La Roche-Posay,230/tháng,4.9,55,Chăm sóc da mặt
Nước Tẩy Trang Garnier Dành Cho Da Dầu Và Mụn 400ml (Mới),133000,Garnier,962/tháng,4.9,69,Chăm sóc da mặt
Kem Dưỡng La Roche-Posay Giúp Phục Hồi Da Đa Công Dụng 40ml,299000,La Roche-Posay,412/tháng,4.9,56,Chăm sóc da mặt
Sữa Rửa Mặt CeraVe Cho Da Thường Đến Khô 473ml,342000,CeraVe,333/tháng,4.9,115,Chăm sóc da mặt
Sữa Rửa Mặt Cetaphil Dịu Lành Cho Da Nhạy Cảm 500ml (Mới),314000,Cetaphil,358/tháng,4.8,42,Chăm sóc da mặt
"Nước Tẩy Trang L'Oreal Dưỡng Ẩm Cho Da Thường, Khô 400ml",133000,L'Oreal,844/tháng,4.8,297,Chăm sóc da mặt
Combo Cocoon Mặt Nạ Nghệ Hưng Yên & Tẩy Da Chết Toàn Thân Cà Phê Đắk Lắk 30ml+200ml,189000,Cocoon,528/tháng,5.0,8,Chăm sóc da mặt
Kem Dưỡng Olay Luminous Sáng Da Mờ Thâm Nám Ban Đêm 50g,158000,Olay,621/tháng,4.9,57,Chăm sóc da mặt
Combo 2 Sữa Chống Nắng Cocoon Bí Đao Quang Phổ Rộng 50ml,402000,Cocoon,243/tháng,4.8,21,Chăm sóc da mặt
Combo Cocoon Nước Tẩy Trang Bí Đao 500ml + Gel Rửa Mặt Bí Đao 310ml,257000,Cocoon,379/tháng,5.0,7,Chăm sóc da mặt
Sữa Chống Nắng Sunplay Skin Aqua Dưỡng Da Sáng Mịn 55g,145000,Sunplay,664/tháng,4.9,107,Chăm sóc da mặt
Gel Rửa Mặt SVR Không Chứa Xà Phòng Cho Da Dầu 400ml,379000,SVR,253/tháng,4.9,46,Chăm sóc da mặt
"Kem Dưỡng Vichy Sáng Da, Mờ Thâm Nám Ban Đêm 50ml",765000,Vichy,114/tháng,5.0,22,Chăm sóc da mặt
"Kem Chống Nắng Beplain Nâng Tông, Cấp Ẩm Căng Bóng 50ml",285000,Beplain,302/tháng,4.9,25,Chăm sóc da mặt
"Serum Garnier Giảm Mụn Mờ Thâm Cho Da Dầu, Mụn 30ml",213000,Garnier,401/tháng,4.9,50,Chăm sóc da mặt
Combo 2 Bông Tẩy Trang Hotosu Cao Cấp 150 Miếng,53000,Hotosu,1.6k/tháng,4.8,47,Chăm sóc da mặt
Nước Tẩy Trang La Roche-Posay Dành Cho Da Nhạy Cảm 400ml,376000,La Roche-Posay,224/tháng,4.8,47,Chăm sóc da mặt
Combo 5 Bông Tẩy Trang Hotosu Cao Cấp 150 Miếng,132000,Hotosu,587/tháng,4.8,47,Chăm sóc da mặt
"Gel Rửa Mặt La Roche-Posay Dành Cho Da Dầu, Nhạy Cảm 400ml",429000,La Roche-Posay,179/tháng,4.9,142,Chăm sóc da mặt
Kem Chống Nắng MartiDerm Phổ Rộng Bảo Vệ Toàn Diện 40ml,555000,Martiderm,136/tháng,4.9,110,Chăm sóc da mặt
Kem Dưỡng Ẩm Neutrogena Cấp Nước Cho Da Dầu 50g,235000,Neutrogena,305/tháng,4.8,69,Chăm sóc da mặt
Combo 3 Gel Rửa Mặt La Roche-Posay Cho Da Dầu Nhạy Cảm 50ml,149000,La Roche-Posay,477/tháng,4.9,142,Chăm sóc da mặt
Nước Tẩy Trang L'Oreal Căng Mịn Da 400ml,175000,L'Oreal,394/tháng,4.8,297,Chăm sóc da mặt
Kem Chống Nắng Vichy Thoáng Nhẹ Không Bóng Dầu SPF 50 50ml,382000,Vichy,175/tháng,4.9,35,Chăm sóc da mặt
Nước Hoa Hồng Obagi 2% BHA Giảm Nhờn Mụn 148ml,898000,Obagi,74/tháng,4.9,15,Chăm sóc da mặt
Serum Skin1004 Rau Má Làm Dịu & Hỗ Trợ Phục Hồi Da 100ml,317000,Skin1004,205/tháng,4.9,102,Chăm sóc da mặt
"Kem Chống Nắng Beplain Nâng Tông, Kiềm Dầu Mịn Lì 50ml",273000,Beplain,236/tháng,4.9,25,Chăm sóc da mặt
"Nước Tẩy Trang La Roche-Posay Cho Da Dầu, Nhạy Cảm 400ml",384000,La Roche-Posay,165/tháng,4.9,34,Chăm sóc da mặt
Combo Kem Chống Nắng Dr.G Dưỡng Sáng Da 50ml+20ml,357000,Dr.G,177/tháng,4.9,16,Chăm sóc da mặt
Combo 2 Gel Rửa Mặt Cocoon Bí Đao Giúp Giảm Dầu & Mụn 310ml,290000,Cocoon,216/tháng,4.9,12,Chăm sóc da mặt
Kem Chống Nắng d'Alba Nâng Tông Tím Hiệu Chỉnh Sắc Da 50ml,411000,d'Alba,152/tháng,5.0,26,Chăm sóc da mặt
Nước Tẩy Trang L'Oreal Làm Sạch Sâu Cho Da Dầu 400ml,165000,L'Oreal,377/tháng,4.8,297,Chăm sóc da mặt
Nước Tẩy Trang Garnier Dành Cho Da Nhạy Cảm 400ml,123000,Garnier,500/tháng,4.9,69,Chăm sóc da mặt
Tẩy Da Chết Mặt Cocoon Cà Phê Đắk Lắk 150ml,106000,Cocoon,573/tháng,4.9,29,Chăm sóc da mặt
Combo 2 Kem Chống Nắng Cocoon Bí Đao Quang Phổ Rộng 50ml,363000,Cocoon,166/tháng,4.8,12,Chăm sóc da mặt
Mặt Nạ Beplain Đất Sét Từ Đậu Xanh Hỗ Trợ Sạch Sâu 120ml,268000,Beplain,222/tháng,5.0,7,Chăm sóc da mặt
Combo 10 Mặt Nạ BNBG Vitamin B Phục Hồi Da 30ml (Mới),147000,BNBG,393/tháng,4.9,11,Chăm sóc da mặt
"Combo 10 Mặt Nạ Caryophy Giảm Mụn, Thâm & Dưỡng Ẩm Da 22g",229000,Caryophy,244/tháng,5.0,34,Chăm sóc da mặt
Nước Tẩy Trang Garnier Làm Sạch Sâu Lớp Trang Điểm 400ml,135000,Garnier,413/tháng,4.9,69,Chăm sóc da mặt
Sữa Dưỡng Ẩm Embryolisse Siêu Phục Hồi Da 75ml,327000,Embryolisse,170/tháng,4.8,40,Chăm sóc da mặt
"Serum Torriden Dưỡng Ẩm Sâu, Sáng Bóng Da 50ml",224000,Torriden,248/tháng,5.0,5,Chăm sóc da mặt
Serum d'Alba Dạng Xịt Nấm Truffle Trắng Căng Bóng Da 100ml,361000,d'Alba,150/tháng,5.0,8,Chăm sóc da mặt
"Kem Chống Nắng La Roche-Posay Phổ Rộng, Nâng Tông Kiềm Dầu 50ml",395000,La Roche-Posay,134/tháng,4.8,26,Chăm sóc da mặt
Combo 4 Gel Rửa Mặt La Roche-Posay Cho Da Dầu Nhạy Cảm 50ml,219000,La Roche-Posay,239/tháng,4.9,142,Chăm sóc da mặt
"Serum GoodnDoc Dưỡng Ẩm, Hỗ Trợ Phục Hồi Da 30ml",343000,GoodnDoc,151/tháng,4.9,23,Chăm sóc da mặt
Combo L'Oreal Serum Hyaluronic Acid Cấp Ẩm Sáng Da 30ml + 2 Kem Dưỡng Siêu Cấp Ẩm Căng Mịn Da 15ml,327000,L'Oreal,158/tháng,4.9,27,Chăm sóc da mặt
Sữa Rửa Mặt Simple Giúp Da Sạch Thoáng 150ml,91000,Simple,566/tháng,4.8,129,Chăm sóc da mặt
Kem Rửa Mặt Hada Labo Sạch Sâu Dưỡng Ẩm 80g,60000,Hada Labo,842/tháng,4.9,87,Chăm sóc da mặt
Serum Timeless Vitamin B5 Làm Dịu & Phục Hồi Da 30ml,344000,Timeless,145/tháng,5.0,65,Chăm sóc da mặt
Tinh Chất Chống Nắng Sunplay Hiệu Chỉnh Sắc Da 50g (Tím),130000,Sunplay,378/tháng,4.9,136,Chăm sóc da mặt
Combo Angel's Liquid Tinh Chất 30ml + Kem Dưỡng 50ml Giảm Thâm Nám Chuyên Biệt,1143000,Angel's Liquid,43/tháng,5.0,8,Chăm sóc da mặt
Kem Chống Nắng d'Alba Nâng Tông Sáng Hồng Tự Nhiên 50ml,411000,d'Alba,118/tháng,5.0,26,Chăm sóc da mặt
Sữa Rửa Mặt Cetaphil Dịu Lành Cho Da Nhạy Cảm 1000ml (Mới),567000,Cetaphil,85/tháng,4.8,42,Chăm sóc da mặt
Serum La Roche-Posay Giúp Tái Tạo & Phục Hồi Da 30ml,1140000,La Roche-Posay,41/tháng,4.9,20,Chăm sóc da mặt
Dung Dịch Tẩy Da Chết Paula’s Choice 2% BHA 30ml,264000,Paula's Choice,174/tháng,4.9,154,Chăm sóc da mặt
Combo Cocoon Tẩy Da Chết Cho Mặt 150ml + Toàn Thân 200ml Từ Cà Phê Đắk Lắk,159000,Cocoon,284/tháng,5.0,53,Chăm sóc da mặt
Kem Dưỡng L'Oreal Sáng Mịn Mờ Thâm Nám Ban Đêm 50ml,268000,L'Oreal,156/tháng,4.9,20,Chăm sóc da mặt
Kem Dưỡng La Roche-Posay Giảm Mụn Hiệu Quả 40ml,383000,La Roche-Posay,109/tháng,4.9,23,Chăm sóc da mặt
Sữa Chống Nắng L’Oreal Bảo Vệ Phổ Rộng Sáng Da Mờ Thâm 50ml,248000,L'Oreal,166/tháng,5.0,3,Chăm sóc da mặt
Nước Tẩy Trang Garnier Vitamin C Làm Sáng Da 400ml,123000,Garnier,331/tháng,4.9,69,Chăm sóc da mặt
"Kem Dưỡng Obagi Retinol 0.5% Trẻ Hóa Da, Ngừa Mụn 28g",1384000,Obagi,30/tháng,4.9,28,Chăm sóc da mặt
"Kem Dưỡng Vichy Ngừa Lão Hóa, Săn Chắc Da Ban Ngày 50ml",825000,Vichy,49/tháng,5.0,22,Chăm sóc da mặt
Kem Dưỡng Olay Ban Ngày Sáng Da Chống Tia UV SPF15 50g,158000,Olay,254/tháng,4.9,57,Chăm sóc da mặt
Kem Chống Nắng Cell Fusion C Nâng Tông Da 50ml,335000,Cell Fusion C,116/tháng,4.9,21,Chăm sóc da mặt
Kem Chống Nắng Beplain Vật Lý Hỗ Trợ Kiềm Dầu Mịn Lì 50ml,251000,Beplain,154/tháng,4.9,25,Chăm sóc da mặt
Serum 9Wishes Dưỡng Ẩm & Làm Căng Bóng Da 30ml,206000,9Wishes,185/tháng,4.9,36,Chăm sóc da mặt
Nước Tẩy Trang Bí Đao Cocoon Làm Sạch & Giảm Dầu 500ml,170000,Cocoon,221/tháng,5.0,56,Chăm sóc da mặt
"Serum oh!oh! Dưỡng Sáng Da, Giảm Thâm Nám 30ml",566000,oh!oh!,66/tháng,5.0,28,Chăm sóc da mặt
Sữa Rửa Mặt Eucerin Dịu Nhẹ Cho Da Nhạy Cảm 400ml,244000,Eucerin,151/tháng,4.9,47,Chăm sóc da mặt
"Mặt Nạ Caryophy Làm Giảm Mụn, Thâm & Dưỡng Ẩm Da 22g",22000,Caryophy,1.7k/tháng,5.0,34,Chăm sóc da mặt
Combo 10 Mặt Nạ BNBG Vitamin E Dưỡng Ẩm Da 30ml (Mới),160000,BNBG,225/tháng,4.9,11,Chăm sóc da mặt
Bông Tẩy Trang Hotosu Cao Cấp 150 Miếng,27000,Hotosu,1.3k/tháng,4.8,47,Chăm sóc da mặt
Mặt Nạ Nghệ Hưng Yên Cocoon Giúp Da Rạng Rỡ Mịn Màng 30ml,94000,Cocoon,381/tháng,4.9,35,Chăm sóc da mặt
Gel Chống Nắng Anessa Dưỡng Sáng Nâng Tông 90g (Mới),363000,Anessa,98/tháng,4.8,15,Chăm sóc da mặt
[Mini] Combo 10 Sữa Rửa Mặt CeraVe Sạch Sâu Cho Da Thường Đến Da Dầu 30ml,229000,CeraVe,151/tháng,4.8,13,Chăm sóc da mặt
Tinh Chất Chống Nắng Tenamyd Dạng Nước SPF50/PA+++ 70ml,368000,Tenamyd,91/tháng,4.8,35,Chăm sóc da mặt
Hộp 8 Miếng Mặt Nạ Naruko Tràm Trà Kiềm Dầu Giảm Mụn 26ml/M,199000,Naruko,168/tháng,4.9,263,Chăm sóc da mặt
"Kem Chống Nắng Caryophy Nâng Tone, Ngừa Mụn 50ml",307000,Caryophy,106/tháng,4.9,33,Chăm sóc da mặt
"Gel Dưỡng Megaduo Plus Giảm Mụn, Mờ Thâm 15g",130000,Gamma Chemicals,250/tháng,4.8,88,Chăm sóc da mặt
Gel Chống Nắng Anessa Dưỡng Ẩm Bảo Vệ Hoàn Hảo 90g (Mới),339000,Anessa,95/tháng,4.8,5,Chăm sóc da mặt
Serum Vichy Cải Thiện & Ngăn Ngừa Thâm Nám Đốm Nâu 30ml,838000,Vichy,39/tháng,4.9,8,Chăm sóc da mặt
Kem Chống Nắng Naris Cosmetics Dạng Gel Nâng Tone Da 80g,389000,Naris Cosmetics,83/tháng,4.9,92,Chăm sóc da mặt
Serum Vichy 89 Khoáng Chất Phục Hồi Chuyên Sâu 50ml,793000,Vichy,41/tháng,4.9,34,Chăm sóc da mặt
"Gel Rửa Mặt Simple Thanh Khiết, Giảm Bóng Nhờn 150ml",91000,Simple,347/tháng,4.8,129,Chăm sóc da mặt
Kem Dưỡng L'Oreal Sáng Mịn Mờ Thâm Nám Ban Ngày 50ml,263000,L'Oreal,119/tháng,4.9,20,Chăm sóc da mặt
Nước Tẩy Trang Chacott for Professionals 500ml,239000,Chacott,128/tháng,4.8,12,Chăm sóc da mặt
"Kem Dưỡng Torriden Làm Dịu Mát, Dưỡng Ẩm, Sáng Bóng Da 100ml",257000,Torriden,118/tháng,5.0,6,Chăm sóc da mặt
Sữa Rửa Mặt Cetaphil Dịu Lành Cho Da Nhạy Cảm 125ml (Mới),125000,Cetaphil,239/tháng,4.8,41,Chăm sóc da mặt
Nước Hoa Hồng Caryophy Ngừa Mụn Kiềm Dầu Giảm Thâm 300ml,264000,Caryophy,113/tháng,4.8,19,Chăm sóc da mặt
"Combo 3 Hộp Mặt Nạ Colorkey Dưỡng Ẩm Làm Dịu, Sáng Da, Ngừa Mụn 10 Miếng/Hộp",234000,Colorkey,127/tháng,5.0,3,Chăm sóc da mặt
Sữa Rửa Mặt CeraVe Sạch Sâu Cho Da Thường Đến Da Dầu 88ml,145000,CeraVe,204/tháng,4.9,115,Chăm sóc da mặt
"Serum Neogen Dermalogy Dưỡng Sáng Da, Mờ Thâm 32g",372000,Neogen Dermalogy,75/tháng,4.8,10,Chăm sóc da mặt
"Kem Dưỡng Hada Labo Sáng Da Chuyên Sâu, Giảm Thâm Sạm 50g",162000,Hada Labo,170/tháng,4.8,74,Chăm sóc da mặt
Sữa Rửa Mặt Tia'm Ốc Sên Làm Dịu & Phục Hồi Da 200ml,175000,TIA'M,157/tháng,4.9,14,Chăm sóc da mặt
Kem Chống Nắng innisfree Nâng Tông Kiềm Dầu 60ml (Mới),258000,innisfree,106/tháng,4.9,8,Chăm sóc da mặt
Kem Dưỡng Olay Collagen Peptide 24 Tái Tạo Da Căng Bóng 50g,375000,Olay,72/tháng,5.0,5,Chăm sóc da mặt
Nước Tẩy Trang JMsolution Rau Má Cho Da Dầu Mụn 500ml,113000,JMsolution,236/tháng,4.9,14,Chăm sóc da mặt
Kem Dưỡng Olay Chiết Xuất Retinol24 Ngừa Lão Hóa Ban Đêm 50g,377000,Olay,71/tháng,5.0,3,Chăm sóc da mặt
Gel Tẩy Tế Bào Chết Caryophy Ngăn Ngừa Mụn 250ml,276000,Caryophy,96/tháng,4.9,11,Chăm sóc da mặt
Serum Klairs Vitamin C Cho Da Nhạy Cảm 35ml,285000,Klairs,93/tháng,4.7,76,Chăm sóc da mặt
Tẩy Tế Bào Chết Rosette Thu Nhỏ Lỗ Chân Lông 180g,117000,Rosette,224/tháng,4.9,17,Chăm sóc da mặt
Kem Dưỡng Bioderma Giúp Se Khít Lỗ Chân Lông 30ml,351000,Bioderma,73/tháng,4.8,28,Chăm sóc da mặt
Kem Chống Nắng Skin1004 Nâng Tông Cho Da Nhạy Cảm SPF50+ 50ml,267000,Skin1004,96/tháng,5.0,3,Chăm sóc da mặt
"Kem Rửa Mặt Hada Labo Sạch Sâu, Dưỡng Sáng Da 80g",66000,Hada Labo,383/tháng,5.0,21,Chăm sóc da mặt
Nước Hoa Hồng Klairs Dành Cho Da Nhạy Cảm 180ml,233000,Klairs,109/tháng,4.8,147,Chăm sóc da mặt
Sữa Rửa Mặt CeraVe Cho Da Thường Đến Khô 236ml,240000,CeraVe,105/tháng,4.9,115,Chăm sóc da mặt
Sữa Dưỡng Ẩm Embryolisse Siêu Phục Hồi Da 30ml,198000,Embryolisse,125/tháng,4.8,40,Chăm sóc da mặt
Hộp 10 Miếng Mặt Nạ Wonjin Phục Hồi Chuyên Sâu 30g/M,223000,WonJin,110/tháng,5.0,15,Chăm sóc da mặt
Dầu Tẩy Trang Cocoon Chiết Xuất Hoa Hồng 310ml,280000,Cocoon,88/tháng,4.9,13,Chăm sóc da mặt
Combo 4 Bông Tẩy Trang Ipek 150 Miếng,108000,Ipek Klasik,225/tháng,4.8,67,Chăm sóc da mặt
Combo 3 Hộp Bông Tẩy Trang Silcot Cơ Bản 82 Miếng,113000,Silcot,213/tháng,5.0,63,Chăm sóc da mặt
"Serum SVR Làm Giảm Mụn, Mờ Nám, Làm Mềm Mịn Da 30ml",502000,SVR,48/tháng,4.9,20,Chăm sóc da mặt
"Serum Angel's Liquid Dưỡng Sáng Da, Mờ Thâm 30ml",322000,Angel's Liquid,72/tháng,4.9,39,Chăm sóc da mặt
Kem Chống Nắng Eucerin Kiềm Dầu & Ngừa Mụn 50ml,379000,Eucerin,61/tháng,4.8,71,Chăm sóc da mặt
Xịt Khoáng Evoluderm Cấp Nước & Làm Dịu Da 400ml,130000,Evoluderm,176/tháng,4.8,41,Chăm sóc da mặt
Kem Dưỡng Olay Regenerist Ngừa Lão Hóa Da Ban Đêm 50g,317000,Olay,71/tháng,5.0,10,Chăm sóc da mặt
"Kem Dưỡng Avène Làm Lành Da Nội Sinh, Ngừa Nhiễm Khuẩn 40ml",288000,Avène,78/tháng,4.9,34,Chăm sóc da mặt
Nước Hoa Hồng Simple Làm Dịu Da & Cấp Ẩm 200ml,107000,Simple,208/tháng,4.9,76,Chăm sóc da mặt
Sữa Chống Nắng Sunplay Hiệu Chỉnh Sắc Da 50g (Tím),130000,Sunplay,171/tháng,4.8,85,Chăm sóc da mặt
"Serum Tia'm Làm Sáng, Phục Hồi Cho Da Dầu Mụn, Nhạy Cảm 40ml",275000,TIA'M,81/tháng,5.0,10,Chăm sóc da mặt
Gel Rửa Mặt SVR Không Chứa Xà Phòng Cho Da Dầu 200ml,263000,SVR,84/tháng,4.9,46,Chăm sóc da mặt
Gel Dưỡng I'm from Dưỡng Ẩm Và Kiểm Soát Dầu 75g,328000,I'm from,67/tháng,4.8,49,Chăm sóc da mặt
Combo 10 Mặt Nạ Sur.Medic+ Tinh Chất Glutathione Làm Sáng Da 30g,228000,Sur.Medic+,96/tháng,5.0,26,Chăm sóc da mặt
"Serum Eucerin Dưỡng Sáng Da, Mờ Thâm Nám 30ml",1077000,Eucerin,20/tháng,5.0,12,Chăm sóc da mặt
"Gel Rửa Mặt La Roche-Posay Dành Cho Da Dầu, Nhạy Cảm 200ml",341000,La Roche-Posay,63/tháng,4.9,142,Chăm sóc da mặt
"Serum So'Natural Tái Tạo Da Sinh Học, Mờ Thâm Sáng Da 35ml",295000,So'Natural,71/tháng,5.0,14,Chăm sóc da mặt
Kem Dưỡng Olay Total Effects Ngừa Lão Hóa Da Ban Đêm 50g,228000,Olay,91/tháng,4.8,14,Chăm sóc da mặt
Dung Dịch Tẩy Da Chết Paula’s Choice 2% BHA 118ml,649000,Paula's Choice,32/tháng,4.9,154,Chăm sóc da mặt
"Combo 10 Mặt Nạ Sinh Học Emmié Phục Hồi, Dịu Da 25g",250000,Emmié by Happy Skin,82/tháng,5.0,14,Chăm sóc da mặt
Sữa Rửa Mặt CeraVe Làm Sạch & Tẩy Tế Bào Chết Dịu Nhẹ 236ml,290000,CeraVe,69/tháng,4.9,115,Chăm sóc da mặt
Sáp Tẩy Trang Banila Co Original Cho Mọi Loại Da 100ml,308000,Banila Co,65/tháng,4.9,8,Chăm sóc da mặt
Kem Dưỡng CeraVe Cho Da Khô Đến Rất Khô 340g,341000,CeraVe,58/tháng,5.0,12,Chăm sóc da mặt
Kem Dưỡng Hatomugi Cấp Ẩm & Làm Sáng Da 300g,88000,Hatomugi,223/tháng,4.7,27,Chăm sóc da mặt
Kem Dưỡng GoodnDoc Rau Má Dưỡng Ẩm Phục Hồi Da 50ml,399000,GoodnDoc,49/tháng,4.8,13,Chăm sóc da mặt
"Serum Balance Active Formula Làm Sáng Da, Mờ Thâm 30ml",126000,Balance Active Formula,155/tháng,4.9,52,Chăm sóc da mặt
"Kem Dưỡng Obagi Clinical Kinetin+ Giúp Dưỡng Ẩm, Làm Dịu Da 50ml",1230000,Obagi,16/tháng,5.0,10,Chăm sóc da mặt
Sữa Rửa Mặt Cocoon Chiết Xuất Từ Nghệ Hưng Yên 310ml,194000,Cocoon,100/tháng,4.9,8,Chăm sóc da mặt
"Mặt Nạ Wonjin Cung Cấp Năng Lượng, Phục Hồi Chuyên Sâu 30g",22000,WonJin,864/tháng,5.0,15,Chăm sóc da mặt
Combo La Roche-Posay Nước Tẩy Trang 400ml + Gel Rửa Mặt 50ml Làm Sạch Sâu Cho Da Dầu Mụn,530000,La Roche-Posay,36/tháng,0,0,Chăm sóc da mặt
Sữa Chống Nắng Anessa Dưỡng Da Kiềm Dầu 20ml (Mới),178000,Anessa,107/tháng,4.9,43,Chăm sóc da mặt
"Serum Some By Mi Retinol 0.1% Ngừa Lão Hóa, Căng Bóng Da 30ml",328000,Some By Mi,58/tháng,5.0,12,Chăm sóc da mặt
"Serum 9Wishes Dưỡng Sáng Da, Giảm Thâm 25ml",211000,9Wishes,89/tháng,4.9,36,Chăm sóc da mặt
Bông Tẩy Trang Mihoo Kokimi Bông Vuông Túi 240 Miếng,47000,Mihoo,395/tháng,4.9,39,Chăm sóc da mặt
Combo Angel's Liquid Serum 30ml + Kem Dưỡng 50ml Sáng Da Chuyên Sâu,738000,Angel's Liquid,25/tháng,5.0,4,Chăm sóc da mặt
Combo 2 Sữa Rửa Mặt Simple Giúp Da Sạch Thoáng 150ml,186000,Simple,99/tháng,4.8,129,Chăm sóc da mặt
"Serum oh!oh! Dưỡng Sáng Da, Giảm Thâm Nám 10ml",229000,oh!oh!,80/tháng,5.0,28,Chăm sóc da mặt
Nước Hoa Hồng Skin1004 Phục Hồi Và Tái Tạo Da 210ml,312000,Skin1004,59/tháng,4.9,18,Chăm sóc da mặt
Kem Dưỡng Skin1004 Làm Dịu Da Chiết Xuất Rau Má 75ml,273000,Skin1004,67/tháng,4.9,23,Chăm sóc da mặt
Serum La Roche-Posay Giảm Mụn 3 Tác Động 30ml,727000,La Roche-Posay,25/tháng,4.7,9,Chăm sóc da mặt
Nước Tẩy Trang Simple Làm Sạch Trang Điểm Vượt Trội 400ml,125000,Simple,141/tháng,4.9,22,Chăm sóc da mặt
Khăn Lau Mặt Khô Hotosu Cao Cấp 80 Miếng (15x20cm),39000,Hotosu,447/tháng,5.0,9,Chăm sóc da mặt
Combo 2 Nước Tẩy Trang L'Oreal Căng Mịn Da 400ml+95ml,179000,L'Oreal,97/tháng,4.8,297,Chăm sóc da mặt
Gel Rửa Mặt Eucerin Cho Da Nhờn Mụn 400ml,402000,Eucerin,43/tháng,5.0,229,Chăm sóc da mặt
Combo 10 Mặt Nạ Wonjin Siêu Tinh Chất Phục Hồi 27g,159000,WonJin,108/tháng,5.0,8,Chăm sóc da mặt
Nước Tẩy Trang JMsolution Hyaluronic Acid Mọi Loại Da 500ml,114000,JMsolution,148/tháng,4.9,14,Chăm sóc da mặt
Kem Dưỡng L'Oreal Siêu Cấp Ẩm Căng Mịn Da 50ml,262000,L'Oreal,64/tháng,5.0,4,Chăm sóc da mặt
Combo L'Oreal Nước Tẩy Trang Tươi Mát Da 400ml + Nước Tẩy Trang Căng Mịn Da 95ml,161000,L'Oreal,104/tháng,4.8,297,Chăm sóc da mặt
"Kem Dưỡng Angel's Liquid Làm Sáng Da, Mờ Thâm 50ml",394000,Angel's Liquid,43/tháng,4.9,29,Chăm sóc da mặt
[Mini] Combo 5 Sữa Rửa Mặt CeraVe Sạch Sâu Cho Da Thường Đến Da Dầu 30ml,118000,CeraVe,140/tháng,4.8,13,Chăm sóc da mặt
[Mini] Mặt Nạ Ngủ Môi Laneige Hương Quả Mọng 3g,61000,Laneige,269/tháng,4.8,36,Chăm sóc da mặt
Combo Kem Dưỡng Olay Ngừa Lão Hóa Ban Ngày & Ban Đêm 50g/Lọ,407000,Olay,40/tháng,4.8,14,Chăm sóc da mặt
Tẩy Tế Bào Chết Rosette Thu Nhỏ Lỗ Chân Lông 120g,115000,Rosette,141/tháng,4.9,17,Chăm sóc da mặt
Sữa Rửa Mặt Cocoon Sen Hậu Giang Làm Dịu Da Nhạy Cảm 140ml,159000,Cocoon,102/tháng,5.0,6,Chăm sóc da mặt
Kem Rửa Mặt Hada Labo Dưỡng Chuyên Biệt Ngừa Lão Hóa 80g,71000,Hada Labo,228/tháng,4.9,9,Chăm sóc da mặt
Nước Cân Bằng Cocoon Sen Hậu Giang Làm Dịu Da Nhạy Cảm 310ml,169000,Cocoon,96/tháng,5.0,9,Chăm sóc da mặt
Combo Simple Chăm Sóc Cho Da Sạch Khỏe Đàn Hồi 3 Món,191000,Simple,84/tháng,4.9,16,Chăm sóc da mặt
Serum Skin1004 Rau Má Làm Dịu & Hỗ Trợ Phục Hồi Da 55ml,289000,Skin1004,56/tháng,4.9,102,Chăm sóc da mặt
Nước Tẩy Trang JMsolution Hyaluronic Acid Mọi Loại Da 850ml,156000,JMsolution,101/tháng,4.9,14,Chăm sóc da mặt
"Kem Dưỡng Ẩm Klairs Cho Da Khô, Nhạy Cảm 80ml",287000,Klairs,55/tháng,4.9,13,Chăm sóc da mặt
Combo L'Oreal Nước Tẩy Trang Sạch Sâu Trang Điểm 400ml + Nước Tẩy Trang Căng Mịn Da 95ml,167000,L'Oreal,94/tháng,4.8,297,Chăm sóc da mặt
Serum Caryophy Giảm Mụn Mờ Thâm Se Lỗ Chân Lông 30ml,324000,Caryophy,49/tháng,5.0,3,Chăm sóc da mặt
"Ampoule Angel's Liquid Dưỡng Sáng Da, Mờ Thâm Nám 30ml",393000,Angel's Liquid,40/tháng,4.9,35,Chăm sóc da mặt
"Combo 2 Nước Tẩy Trang L'Oreal Tươi Mát Cho Da Dầu, Hỗn Hợp 400ml",297000,L'Oreal,53/tháng,4.8,297,Chăm sóc da mặt
Dầu Tẩy Trang Hada Labo Sạch Sâu Dưỡng Ẩm Tối Ưu 200ml,170000,Hada Labo,91/tháng,4.9,21,Chăm sóc da mặt
Kem Chống Nắng Cetaphil Vật Lý Cho Da Nhạy Cảm SPF50 50g,309000,Cetaphil,50/tháng,5.0,1,Chăm sóc da mặt
Sữa Rửa Mặt Naruko Dạng Bùn Tràm Trà 120ml,165000,Naruko,91/tháng,4.9,31,Chăm sóc da mặt
Gel Rửa Mặt Bioderma Dành Cho Da Dầu & Hỗn Hợp 200ml (Tuýp),245000,Bioderma,61/tháng,5.0,14,Chăm sóc da mặt
Sữa Rửa Mặt Skin1004 Làm Sạch Sâu Cho Da Nhạy Cảm 125ml,244000,Skin1004,62/tháng,4.9,21,Chăm sóc da mặt
Kem Chống Nắng L'Oreal Mịn Nhẹ Nâng Tông Giảm Thâm 50ml,289000,L'Oreal,52/tháng,4.8,44,Chăm sóc da mặt
Combo 2 Sữa Chống Nắng Anessa Dưỡng Da Kiềm Dầu 60ml (Bản Mới),909000,Anessa,17/tháng,4.9,44,Chăm sóc da mặt
Sữa Chống Nắng La Roche-Posay Cho Da Dầu Mụn 50ml,447000,La Roche-Posay,33/tháng,4.8,18,Chăm sóc da mặt
Kem Dưỡng Olay Ban Ngày Ngăn Ngừa 7 Dấu Hiệu Lão Hóa 50g,220000,Olay,67/tháng,4.8,14,Chăm sóc da mặt
"Gel Dưỡng Hada Labo Sáng Da Chuyên Sâu, Giảm Thâm Sạm 50g",176000,Hada Labo,83/tháng,4.8,74,Chăm sóc da mặt
"Kem Dưỡng Mắt Sur.Medic+ Giảm Nếp Nhăn, Ngăn Lão Hóa 35ml",369000,Sur.Medic+,39/tháng,4.9,29,Chăm sóc da mặt
"Gel Dưỡng Megaduo Giảm Mụn, Mờ Thâm 15g",123000,Gamma Chemicals,116/tháng,4.8,88,Chăm sóc da mặt
Nước Tẩy Trang Cocoon Hoa Hồng Cấp Ẩm Da 310ml,176000,Cocoon,80/tháng,0,0,Chăm sóc da mặt
"Xịt Khoáng Avène Cấp Nước, Làm Dịu & Giảm Kích Ứng 300ml",288000,Avène,49/tháng,5.0,26,Chăm sóc da mặt
Combo 10 Mặt Nạ Colorkey Dưỡng Ẩm Sáng Da Với Niacinamide 25ml,90000,Colorkey,156/tháng,4.8,9,Chăm sóc da mặt
Combo 10 Mặt Nạ Sur.Medic+ Cung Cấp Multi Vitamin 30g,230000,Sur.Medic+,61/tháng,4.9,19,Chăm sóc da mặt
Combo 2 Gel Rửa Mặt SVR Không Chứa Xà Phòng Cho Da Dầu 400ml/ Chai,784000,SVR,18/tháng,4.9,46,Chăm sóc da mặt
"Serum Derladie Niacinamide 20% Giảm Mụn, Mờ Thâm Đỏ 30ml",280000,Derladie,50/tháng,5.0,11,Chăm sóc da mặt
Serum Skin1004 Rau Má Dưỡng Sáng & Làm Dịu Da 100ml,352000,Skin1004,40/tháng,5.0,10,Chăm sóc da mặt
"Combo 2 Gel Rửa Mặt Simple Thanh Khiết, Giảm Bóng Nhờn 150ml",186000,Simple,74/tháng,4.8,129,Chăm sóc da mặt
Combo 10 Mặt Nạ BNBG Vitamin B3 Làm Sáng Da 30ml (Mới),160000,BNBG,85/tháng,4.9,11,Chăm sóc da mặt
Kem Dưỡng CeraVe Dạng Gel Kiềm Dầu Cho Da Dầu & Hỗn Hợp 52ml,281000,CeraVe,49/tháng,4.9,10,Chăm sóc da mặt
"Kem Dưỡng Angel's Liquid Dưỡng Sáng Da, Mờ Thâm Nám 50ml",397000,Angel's Liquid,34/tháng,5.0,24,Chăm sóc da mặt
"Combo Dr.G Kem Dưỡng Cấp Ẩm, Phục Hồi 70ml & Kem Chống Nắng Sáng Da 20ml",394000,Dr.G,34/tháng,5.0,1,Chăm sóc da mặt
Sữa Chống Nắng Sunplay Skin Aqua Dưỡng Da Sáng Mịn 25g,80000,Sunplay,163/tháng,4.9,107,Chăm sóc da mặt
Mặt Nạ Tẩy Tế Bào Chết Huxley Cho Da Mịn Màng Sạch Sâu 30g,78000,Huxley,167/tháng,4.8,17,Chăm sóc da mặt
Kem Dưỡng CeraVe Cho Da Khô Đến Rất Khô 50ml,136000,CeraVe,96/tháng,5.0,12,Chăm sóc da mặt
"Kem Dưỡng Mắt Meishoku Ngừa Lão Hóa, Giảm Quầng Thâm 30g",258000,MEISHOKU,50/tháng,4.8,12,Chăm sóc da mặt
Mặt Nạ Naruko Tràm Trà Kiểm Soát Dầu Và Giảm Mụn 26ml,24000,Naruko,530/tháng,4.9,263,Chăm sóc da mặt
[Mini] Combo 3 Mặt Nạ Ngủ Môi Laneige Hương Quả Mọng 3g,182000,Laneige,70/tháng,4.8,36,Chăm sóc da mặt
Combo 2 Nước Tẩy Trang Simple Làm Sạch Trang Điểm Vượt Trội 400ml,249000,Simple,51/tháng,4.9,22,Chăm sóc da mặt
Kem Dưỡng La Roche-Posay Giúp Phục Hồi Da Đa Công Dụng 15ml,179000,La Roche-Posay,70/tháng,4.9,55,Chăm sóc da mặt
Kem Dưỡng Hada Labo Chuyên Biệt Cải Thiện Da Lão Hóa 50g,187000,Hada Labo,67/tháng,4.8,74,Chăm sóc da mặt
Kem Dưỡng Bioderma Phục Hồi Da Tổn Thương Và Ngừa Sẹo 40ml,304000,Bioderma,41/tháng,5.0,7,Chăm sóc da mặt
Tinh Chất Angel's Liquid Giảm Thâm Nám Chuyên Biệt 30ml,579000,Angel's Liquid,22/tháng,5.0,4,Chăm sóc da mặt
Kem Dưỡng Pekah Làm Sáng Và Nâng Tông Da 50ml,368000,Pekah,33/tháng,4.9,12,Chăm sóc da mặt
Tinh Chất Chống Nắng Senka Nâng Tông Sáng Mượt Da Dầu 50g,132000,Senka,92/tháng,4.8,52,Chăm sóc da mặt
Bông Tẩy Trang Ipek 150 Miếng,27000,Ipek Klasik,445/tháng,4.8,67,Chăm sóc da mặt
Kem Dưỡng Eucerin Làm Sáng Da Ban Đêm 50ml,670000,Eucerin,18/tháng,5.0,16,Chăm sóc da mặt
Dung Dịch Hada Labo Gokujyun Dưỡng Ẩm Da Tối Ưu 170ml,212000,Hada Labo,56/tháng,4.9,18,Chăm sóc da mặt
Sữa Rửa Mặt Cetaphil Dịu Lành Cho Da Dầu Nhạy Cảm 500ml,398000,Cetaphil,30/tháng,4.7,6,Chăm sóc da mặt
Combo 3 Hộp Bông Tẩy Trang Silcot Cao Cấp 66 Miếng,113000,Silcot,104/tháng,4.9,12,Chăm sóc da mặt
Combo 2 Sữa Chống Nắng Anessa Dưỡng Da Kiềm Dầu 60ml+20ml (Bản Mới),650000,Anessa,18/tháng,4.9,43,Chăm sóc da mặt
Mặt Nạ Wonjin Dưỡng Sáng Da 30g,24000,WonJin,480/tháng,5.0,15,Chăm sóc da mặt
Kem Dưỡng Bio-essence Dưỡng Da Tươi Sáng Căng Mọng 50g,280000,Bio-essence,41/tháng,5.0,14,Chăm sóc da mặt
Kem Dưỡng Ẩm Neutrogena Cấp Nước Cho Da Khô 50g,259000,Neutrogena,44/tháng,4.9,8,Chăm sóc da mặt
Kem Dưỡng Forencos Dầu Marula Nâng Tông Da Ban Ngày 15g,175000,Forencos,65/tháng,4.8,6,Chăm sóc da mặt
Combo L'Oreal Nước Tẩy Trang Dưỡng Ẩm 400ml + Nước Tẩy Trang Căng Mịn Da 95ml,163000,L'Oreal,70/tháng,4.8,297,Chăm sóc da mặt
Gel Rửa Mặt Cocoon Bí Đao Giúp Giảm Dầu & Mụn 310ml,175000,Cocoon,64/tháng,4.9,12,Chăm sóc da mặt
Mặt Nạ Wonjin Cấp Ẩm Chuyên Sâu 30g,23000,WonJin,484/tháng,5.0,15,Chăm sóc da mặt
Nước Tẩy Trang Eveline Hyaluron Clinic B5 Cấp Ẩm 500ml,136000,Eveline,82/tháng,5.0,4,Chăm sóc da mặt
Nước Dưỡng Da Chinoshio Dokudami Chiết Xuất Lá Diếp Cá 500ml,67000,Chinoshio,166/tháng,4.8,26,Chăm sóc da mặt
Kem Dưỡng Cocoon Dạng Thạch Hoa Hồng Dưỡng Ẩm Da 30ml,172000,Cocoon,65/tháng,4.7,9,Chăm sóc da mặt
Combo 2 Nước Tẩy Trang L'Oreal Làm Sạch Sâu Trang Điểm 400ml,379000,L'Oreal,29/tháng,4.8,297,Chăm sóc da mặt
Serum Chống Nắng Garnier 12H Kiềm Dầu & Hỗ Trợ Giảm Mụn 30ml,159000,Garnier,70/tháng,5.0,3,Chăm sóc da mặt
Toner Ma:nyo Chứa Tinh Chất Dưỡng Ẩm Cho Da 210ml,180000,Ma:nyo,61/tháng,5.0,3,Chăm sóc da mặt
Combo 2 Nước Tẩy Trang Garnier Dành Cho Da Dầu Và Mụn 400ml (Mới),248000,Garnier,44/tháng,4.9,69,Chăm sóc da mặt
"Kem Dưỡng Swiss Image Sáng Da, Giảm Thâm Nám Ban Đêm 50ml",384000,Swiss Image,28/tháng,4.9,26,Chăm sóc da mặt
Bông Tẩy Trang Bông Bạch Tuyết Calla Giúp Sạch Sâu Túi 500g,149000,Bông Bạch Tuyết,72/tháng,5.0,3,Chăm sóc da mặt
Kem Rửa Mặt Hada Labo Cho Da Mụn Và Nhạy Cảm 80g,71000,Hada Labo,151/tháng,4.7,9,Chăm sóc da mặt
"Serum Klairs Cấp Ẩm Cho Da Khô, Nhạy Cảm 80ml",285000,Klairs,38/tháng,4.9,32,Chăm sóc da mặt
Mặt Nạ Banobagi Dưỡng Sáng Và Cấp Ẩm Cho Da 30g (Xanh),17000,Banobagi,622/tháng,4.9,18,Chăm sóc da mặt
Nước Hoa Hồng Some By Mi AHA-BHA-PHA Cho Da Mụn 150ml,227000,Some By Mi,47/tháng,4.9,75,Chăm sóc da mặt
Combo Nước Tẩy Trang L'Oreal Làm Sạch Cho Da Dầu 400ml + Căng Mịn Da 95ml,174000,L'Oreal,61/tháng,4.8,297,Chăm sóc da mặt
Bông Tẩy Trang Jomi 120 Miếng,26000,Jomi,401/tháng,4.8,20,Chăm sóc da mặt
Serum DrCeutics Vitamin B5 Cấp Ẩm Cho Da Dầu Mụn 30g,116000,DrCeutics,90/tháng,5.0,9,Chăm sóc da mặt
Kem Dưỡng Angel's Liquid Giảm Thâm Nám Chuyên Biệt 50ml,588000,Angel's Liquid,18/tháng,0,0,Chăm sóc da mặt
Kem Chống Nắng Pekah Vật Lý Bảo Vệ Khỏi Tia UV 70ml,249000,Pekah,41/tháng,4.9,11,Chăm sóc da mặt
"Serum Uriage Làm Dịu, Phục Hồi Da Tổn Thương Hằng Ngày 30ml",708000,Uriage,15/tháng,5.0,5,Chăm sóc da mặt
Kem Dưỡng Ẩm Hada Labo Tối Ưu Cho Mọi Loại Da 50g,168000,Hada Labo,61/tháng,4.8,74,Chăm sóc da mặt
Gel Rửa Mặt SVR Không Chứa Xà Phòng Cho Da Dầu 55ml,141000,SVR,71/tháng,4.9,46,Chăm sóc da mặt
Kem Dưỡng Forencos Dầu Marula Nâng Tông Da Ban Ngày 50ml,498000,Forencos,21/tháng,4.8,6,Chăm sóc da mặt
Tẩy Tế Bào Chết Eucerin Dành Cho Da Nhờn Mụn 100ml,256000,Eucerin,39/tháng,4.8,9,Chăm sóc da mặt
Toner Eucerin Dành Cho Da Nhờn Mụn 200ml,305000,Eucerin,33/tháng,4.8,17,Chăm sóc da mặt
Gel Giảm Mụn Alcom Derma Forte Advanced 15g,98000,Gamma Chemicals,101/tháng,4.8,4,Chăm sóc da mặt
Kem Dưỡng L'Oreal Săn Chắc Da và Giảm Nếp Nhăn Ban Đêm 50ml,329000,L'Oreal,30/tháng,5.0,5,Chăm sóc da mặt
"Kem Dưỡng Ẩm Bioderma Dành Cho Da Mụn, Nhạy Cảm 30ml",339000,Bioderma,29/tháng,4.6,10,Chăm sóc da mặt
"Mặt Nạ Mắt JMsolution Ngọc Trai Mờ Quầng Thâm, Nếp Nhăn 90g",169000,JMsolution,58/tháng,4.9,18,Chăm sóc da mặt
Sữa Rửa Mặt Cetaphil Tạo Bọt Dịu Lành Cho Da Nhạy Cảm 473ml,374000,Cetaphil,27/tháng,5.0,7,Chăm sóc da mặt
Kem Chống Nắng Eucerin Chứa Tinh Chất Sáng Da 50ml,391000,Eucerin,25/tháng,4.9,11,Chăm sóc da mặt
Thùng 30 Túi Bông Tẩy Trang Hotosu Cao Cấp 150 Miếng,778000,Hotosu,13/tháng,4.8,47,Chăm sóc da mặt
Serum Chống Nắng Anessa Dưỡng Da Nâng Tông 30ml,649000,Anessa,15/tháng,4.8,11,Chăm sóc da mặt
[Mini] Serum Skin1004 Rau Má Làm Dịu & Hỗ Trợ Phục Hồi Da 30ml,159000,Skin1004,61/tháng,4.9,102,Chăm sóc da mặt
Dầu Tẩy Trang Cocoon Chiết Xuất Hoa Hồng 140ml,128000,Cocoon,76/tháng,4.9,13,Chăm sóc da mặt
"Combo Cosrx Gel Rửa Mặt Tràm Trà, 0.5% BHA 150ml + Kem Chống Nắng Mỏng Nhẹ, Trong Suốt 50ml",386000,Cosrx,25/tháng,5.0,1,Chăm sóc da mặt
"Combo Torriden Serum 50ml + Kem Dưỡng 100ml Cấp Ẩm, Sáng Bóng Da",809000,Torriden,12/tháng,0,0,Chăm sóc da mặt
Bông Tẩy Trang Silcot Cơ Bản Hộp 82 Miếng,38000,Silcot,253/tháng,5.0,63,Chăm sóc da mặt
Kem Chống Nắng Cocoon Bí Đao Quang Phổ Rộng 50ml,249000,Cocoon,39/tháng,4.8,12,Chăm sóc da mặt
Gel Rửa Mặt Bioderma Dành Cho Da Dầu & Hỗn Hợp 500ml,409000,Bioderma,24/tháng,5.0,14,Chăm sóc da mặt
[Mini] Mặt Nạ Ngủ Môi Laneige Hương Quả Mọng 8g,187000,Laneige,51/tháng,4.8,36,Chăm sóc da mặt
Xịt Chống Nắng Anessa Dưỡng Da Đa Năng 60g (Mới),306000,Anessa,32/tháng,5.0,2,Chăm sóc da mặt
Sữa Rửa Mặt DrCeutics Hỗ Trợ Sạch Sâu Cho Mọi Loại Da 150ml (Màu Ngẫu Nhiên),133000,DrCeutics,71/tháng,0,0,Chăm sóc da mặt
Sữa Rửa Mặt Cetaphil Dịu Lành Cho Da Nhạy Cảm 250ml (Mới),250000,Cetaphil,38/tháng,4.8,41,Chăm sóc da mặt
Nước Xịt Khoáng Bio-essence Dưỡng Da Ẩm Mượt Mịn Màng 300ml,172000,Bio-essence,55/tháng,4.9,9,Chăm sóc da mặt
Combo 2 Kem Chống Nắng L'Oreal X20 Thoáng Da Mỏng Nhẹ 50ml,481000,L'Oreal,20/tháng,4.8,44,Chăm sóc da mặt
"[Mini] Gel Rửa Mặt La Roche-Posay Dành Cho Da Dầu, Nhạy Cảm 50ml",69000,La Roche-Posay,136/tháng,4.9,142,Chăm sóc da mặt
Gel Giảm Mụn Eucerin Dành Cho Mụn Viêm & Không Viêm 40ml,316000,Eucerin,29/tháng,4.9,58,Chăm sóc da mặt
Nước Tẩy Trang Byphasse Cho Mọi Loại Da 500ml,109000,Byphasse,83/tháng,4.7,78,Chăm sóc da mặt
Combo 2 Sữa Rửa Mặt innisfree Dưỡng Ẩm Từ Trà Xanh 150g (Mới),357000,innisfree,26/tháng,0,0,Chăm sóc da mặt
Hộp 10 Miếng Mặt Nạ Wonjin Cấp Ẩm Chuyên Sâu 30g/M,234000,WonJin,39/tháng,5.0,15,Chăm sóc da mặt
"Mặt Nạ Sinh Học Emmié Phục Hồi, Dịu Da 25g",25000,Emmié by Happy Skin,358/tháng,5.0,14,Chăm sóc da mặt
"Nước Cân Bằng La Roche-Posay Cho Da Thường, Nhạy Cảm 200ml",486000,La Roche-Posay,19/tháng,5.0,7,Chăm sóc da mặt
Chấm Mụn Neogen Dermalogy Hỗ Trợ Giảm Sưng Viêm 15ml,242000,Neogen Dermalogy,37/tháng,5.0,27,Chăm sóc da mặt
Serum Paula's Choice Se Khít Lỗ Chân Lông Tối Ưu 20ml,1220000,Paula's Choice,8/tháng,5.0,13,Chăm sóc da mặt
Combo 10 Mặt Nạ BNBG Vitamin Dưỡng Da Chuyên Sâu 30ml,159000,BNBG,56/tháng,4.9,11,Chăm sóc da mặt
Mặt Nạ Ngủ Môi Laneige Hương Quả Mọng 20g,394000,Laneige,23/tháng,4.8,36,Chăm sóc da mặt
Sữa Chống Nắng Sunplay Skin Aqua Dưỡng Da Ngừa Mụn 25g,96000,Sunplay,91/tháng,4.9,26,Chăm sóc da mặt
Sữa Rửa Mặt Caryophy Ngăn Ngừa Mụn Giảm Thâm 150ml,202000,Caryophy,43/tháng,4.8,9,Chăm sóc da mặt
Bông Tẩy Trang LilyBell Lilian Puff Cotton 222 Miếng,58000,LilyBell,148/tháng,5.0,26,Chăm sóc da mặt
Serum Garnier Tăng Cường Sáng Da Mờ Thâm 30ml,194000,Garnier,45/tháng,4.7,21,Chăm sóc da mặt
"Sữa Tắm Hatomugi Cấp Ẩm Sâu, Hỗ Trợ Sáng Da 600ml",87000,Hatomugi,99/tháng,4.5,2,Chăm sóc da mặt
Mặt Nạ Some By Mi Đất Sét Trà Xanh Thu Nhỏ Lỗ Chân Lông 100g,259000,Some By Mi,33/tháng,4.7,19,Chăm sóc da mặt
Kem Chống Nắng Naris Cosmetics Dạng Gel Dưỡng Sáng Da 90g,389000,Naris Cosmetics,22/tháng,4.9,92,Chăm sóc da mặt
"Mặt Nạ Wonjin Nâng Cơ, Trẻ Hóa Da 30g",23000,WonJin,366/tháng,5.0,15,Chăm sóc da mặt
"Combo 10 Mặt Nạ Banobagi Dưỡng Sáng, Cấp Ẩm Cho Da 30g",160000,Banobagi,53/tháng,4.9,18,Chăm sóc da mặt
Kem Dưỡng La Roche-Posay Giảm Mụn Hiệu Quả 7.5ml,94000,La Roche-Posay,89/tháng,4.9,23,Chăm sóc da mặt
Gel Rửa Mặt SVR Không Chứa Xà Phòng Cho Da Dầu Túi 400ml,317000,SVR,27/tháng,4.9,46,Chăm sóc da mặt
"Tinh Chất La Bonita B5 Hỗ Trợ Phục Hồi, Làm Dịu Da 50ml",293000,La Bonita,29/tháng,4.0,2,Chăm sóc da mặt
Gel Rửa Mặt I'm from Từ Ngải Cứu Sạch Sâu Dịu Nhẹ 150ml,209000,I'm from,40/tháng,5.0,6,Chăm sóc da mặt
Nước Tẩy Trang Bio-essence Không Cồn Sạch Sâu Da 400ml,149000,Bio-essence,55/tháng,5.0,26,Chăm sóc da mặt
Bông Tẩy Trang Mihoo Bông Tròn Túi 200 Miếng,56000,Mihoo,146/tháng,5.0,26,Chăm sóc da mặt
Mặt Nạ Sur.Medic+ Tinh Chất Glutathione Làm Sáng Da 30g,24000,Sur.Medic+,338/tháng,5.0,26,Chăm sóc da mặt
Kem Dưỡng Ẩm Cetaphil Dịu Lành Cho Da Nhạy Cảm 453g,410000,Cetaphil,20/tháng,4.8,12,Chăm sóc da mặt
Kem Dưỡng Garnier Tinh Chất Serum Sáng Da Ban Ngày 50ml,148000,Garnier,54/tháng,4.8,6,Chăm sóc da mặt
Serum Eucerin Cấp Ẩm & Ngăn Ngừa Lão Hóa 30ml,711000,Eucerin,12/tháng,5.0,30,Chăm sóc da mặt
"Combo 10 Mặt Nạ Wonjin Siêu Tinh Chất Nâng Cơ, Trẻ Hoá Da 27g",169000,WonJin,47/tháng,5.0,8,Chăm sóc da mặt
"Kem Dưỡng SVR Kiềm Dầu, Se Khít Lỗ Chân Lông 40ml (Mới)",378000,SVR,21/tháng,4.9,9,Chăm sóc da mặt
Combo Cocoon Nước Tẩy Trang Bí Đao 140ml + Tẩy Da Chết Mặt Cà Phê Đắk Lắk 150ml,130000,Cocoon,61/tháng,0,0,Chăm sóc da mặt
Sữa Rửa Mặt innisfree Dưỡng Ẩm Chiết Xuất Trà Xanh 150g (Mới),175000,innisfree,45/tháng,0,0,Chăm sóc da mặt
Combo 2 Nước Tẩy Trang Garnier Làm Sạch Sâu Lớp Trang Điểm 400ml,265000,Garnier,30/tháng,4.9,69,Chăm sóc da mặt
Nước Tẩy Trang Bioderma Dành Cho Da Nhạy Cảm 100ml,172000,Bioderma,46/tháng,4.9,228,Chăm sóc da mặt
Sữa Chống Nắng Sunplay Hiệu Chỉnh Sắc Da 50g (Xanh),138000,Sunplay,57/tháng,4.8,85,Chăm sóc da mặt
Mặt Nạ BNBG Vitamin B Phục Hồi Da 30ml (Mới),16000,BNBG,482/tháng,4.9,11,Chăm sóc da mặt
Serum d'Alba Dạng Xịt 8 Loại Dầu Hoa Đỏ Cấp Ẩm Dịu Da 100ml,369000,d'Alba,21/tháng,5.0,1,Chăm sóc da mặt
Miếng Dán Mụn Derma Angel Dùng Cho Ngày & Đêm 18 Miếng,55000,Derma Angel,140/tháng,4.9,8,Chăm sóc da mặt
"Combo La Roche-Posay Kem Dưỡng Giảm Mụn Hiệu Quả 40ml + Gel Rửa Mặt Cho Da Dầu, Nhạy Cảm 50ml",409000,La Roche-Posay,19/tháng,4.9,23,Chăm sóc da mặt
Sữa Rửa Mặt St.Ives Tẩy Tế Bào Chết Trà Xanh & Than Tre 170g,129000,St.Ives,60/tháng,4.9,74,Chăm sóc da mặt
Serum Garnier Tăng Cường Sáng Da Mờ Thâm Ban Đêm 30ml,234000,Garnier,33/tháng,4.7,21,Chăm sóc da mặt
"Combo 2 Serum Torriden Dưỡng Ẩm Sâu, Sáng Bóng Da 50ml",487000,Torriden,16/tháng,5.0,5,Chăm sóc da mặt
"Kem Chống Nắng The Saem Kiềm Dầu, Nâng Tông Sáng Hồng 50g (Mới)",131000,The SAEM,58/tháng,5.0,4,Chăm sóc da mặt
Sữa Rửa Mặt Eucerin Dịu Nhẹ Cho Da Nhạy Cảm 100ml (Mới),115000,Eucerin,66/tháng,4.9,47,Chăm sóc da mặt
[Mini] Combo 10 Sữa Dưỡng Ẩm CeraVe Cho Da Khô Đến Rất Khô 30ml,229000,CeraVe,33/tháng,4.7,7,Chăm sóc da mặt
Combo Simple Chăm Sóc Cho Da Dầu Mụn 3 Món,191000,Simple,39/tháng,4.9,16,Chăm sóc da mặt
Kem Dưỡng Eucerin Sáng Da Ban Ngày 50ml,767000,Eucerin,10/tháng,5.0,16,Chăm sóc da mặt
Bông Tẩy Trang Bông Bạch Tuyết Calla Mềm Mịn Túi 500g,141000,Bông Bạch Tuyết,53/tháng,5.0,3,Chăm sóc da mặt
Miếng Dán Mụn Some By Mi 18 Miếng,60000,Some By Mi,123/tháng,4.9,17,Chăm sóc da mặt
Combo 2 Sữa Chống Nắng Sunplay Skin Aqua Dưỡng Da Sáng Mịn 55g,306000,Sunplay,24/tháng,4.9,107,Chăm sóc da mặt
Serum Balance Active Formula Ngừa Mụn Mờ Thâm 30ml,130000,Balance Active Formula,57/tháng,4.8,45,Chăm sóc da mặt
"[Mini] Kem Dưỡng Vichy Ngừa Lão Hóa, Săn Chắc Da Ban Ngày 15ml",149000,Vichy,49/tháng,4.8,11,Chăm sóc da mặt
Combo 2 Sữa Rửa Mặt innisfree Kiểm Soát Nhờn Tro Núi Lửa & BHA 150g (Mới),331000,innisfree,23/tháng,5.0,1,Chăm sóc da mặt
Nước Tẩy Trang Eucerin Dịu Nhẹ Cho Da Nhạy Cảm 400ml,337000,Eucerin,22/tháng,5.0,5,Chăm sóc da mặt
"Combo 5 Mặt Nạ Sinh Học Emmié Phục Hồi, Dịu Da 25g",125000,Emmié by Happy Skin,58/tháng,5.0,14,Chăm sóc da mặt
Nước Tẩy Trang Simple Làm Sạch Trang Điểm 200ml,59000,Simple,123/tháng,4.9,22,Chăm sóc da mặt
[Mini] Sữa Rửa Mặt CeraVe Sạch Sâu Cho Da Thường Đến Da Dầu 30ml,23000,CeraVe,312/tháng,4.8,13,Chăm sóc da mặt
Gel Tẩy Tế Bào Chết Bio-essence Dưỡng Da Tươi Trẻ 60g,153000,Bio-essence,47/tháng,5.0,32,Chăm sóc da mặt
Combo 10 Mặt Nạ Wonjin Siêu Tinh Chất Cấp Ẩm 27g,179000,WonJin,40/tháng,5.0,8,Chăm sóc da mặt
Sữa Chống Nắng La Roche-Posay Bảo Vệ Khỏi Tia UVA Dài 50ml,512000,La Roche-Posay,14/tháng,4.8,18,Chăm sóc da mặt
Kem Dưỡng Naris Cosmetics Collagen Ngừa Lão Hóa Da 48g,467000,Naris Cosmetics,16/tháng,5.0,21,Chăm sóc da mặt
"Nước Tẩy Trang Senka Ngừa Mụn, Kiểm Soát Nhờn 230ml",80000,Senka,88/tháng,4.9,59,Chăm sóc da mặt
Sữa Rửa Mặt Isis Pharma Giảm Nhờn Và Ngăn Ngừa Mụn 150ml,315000,Isis Pharma,22/tháng,4.8,11,Chăm sóc da mặt
Nước Hoa Hồng Bioderma Dành Cho Da Nhạy Cảm 250ml,330000,Bioderma,21/tháng,5.0,4,Chăm sóc da mặt
Gel Rửa Mặt Swiss Image Cho Da Hỗn Hợp Và Dầu Mụn 200ml,298000,Swiss Image,23/tháng,5.0,18,Chăm sóc da mặt
Nước Tẩy Trang SVR Micellar Giúp Loại Bỏ Dầu Cho Da 400ml,363000,SVR,19/tháng,4.8,4,Chăm sóc da mặt
Nước Tẩy Trang DrCeutics Sạch Mịn Màng Cho Mọi Loại Da 500ml (Màu Ngẫu Nhiên),139000,DrCeutics,50/tháng,5.0,2,Chăm sóc da mặt
Sữa Rửa Mặt Senka Tạo Bọt Chiết Xuất Tơ Tằm Trắng 120g,83000,Senka,83/tháng,4.9,36,Chăm sóc da mặt
Nước Tẩy Trang Bioderma Dành Cho Da Dầu & Hỗn Hợp 100ml,172000,Bioderma,40/tháng,4.9,228,Chăm sóc da mặt
"Kem Dưỡng Bio-essence Cấp Ẩm Sâu, Ngăn Bụi Bẩn 50g",213000,Bio-essence,32/tháng,4.9,19,Chăm sóc da mặt
Kem Dưỡng La Roche-Posay Giảm Thâm Nám & Dưỡng Sáng Da 40ml,839000,La Roche-Posay,8/tháng,5.0,4,Chăm sóc da mặt
Combo 2 Nước Tẩy Trang Garnier Dành Cho Da Nhạy Cảm 400ml,232000,Garnier,29/tháng,4.9,69,Chăm sóc da mặt
Mặt Nạ Ngủ Garnier Tinh Chất Sữa Chua Sáng Da Ban Đêm 50ml,162000,Garnier,41/tháng,4.8,9,Chăm sóc da mặt
Combo 2 Gel Chống Nắng Anessa Dưỡng Sáng Nâng Tông 90g (Mới),745000,Anessa,9/tháng,4.8,15,Chăm sóc da mặt
Mặt Nạ innisfree Chăm Sóc Lỗ Chân Lông 100ml (Mới),220000,innisfree,31/tháng,5.0,2,Chăm sóc da mặt
Sữa Rửa Mặt Simple Dưỡng Ẩm Cho Da Dạng Gel 150ml,91000,Simple,73/tháng,4.8,129,Chăm sóc da mặt
Combo 2 Kem Dưỡng Olay Luminous Sáng Da Mờ Thâm Nám Ban Ngày 50g,316000,Olay,21/tháng,4.9,57,Chăm sóc da mặt
"Serum Melano CC Dưỡng Sáng Da, Ngừa Thâm Nám 20ml",217000,Melano CC,31/tháng,4.9,27,Chăm sóc da mặt
Khăn Lau Mặt Khô Hotosu Cao Cấp 80 Miếng (20x20cm),49000,Hotosu,133/tháng,5.0,9,Chăm sóc da mặt
Gel Sữa Chống Nắng Senka Ẩm Mượt Cho Da Khô 80g,170000,Senka,39/tháng,4.8,52,Chăm sóc da mặt
Combo L'Oreal Serum Hyaluronic Acid Cấp Ẩm Sáng Da 30ml + Serum HA Mini 7.5ml + Kem Dưỡng Ngày HA Mini 15ml,311000,L'Oreal,21/tháng,5.0,1,Chăm sóc da mặt
Mặt Nạ Ngủ Senka Cấp Ẩm Chuyên Sâu Dạng Gel 50g,157000,Senka,42/tháng,4.8,21,Chăm sóc da mặt
Kem Dưỡng Cocoon Dạng Thạch Bí Đao Giảm Dầu & Mụn 30ml,175000,Cocoon,37/tháng,4.7,11,Chăm sóc da mặt
"Serum Tia'm Thu Nhỏ Lỗ Chân Lông, Giảm Dầu Nhờn 40ml",328000,TIA'M,20/tháng,5.0,8,Chăm sóc da mặt
Sữa Rửa Mặt Simple Dưỡng Ẩm Cho Da Khỏe Và Mịn Màng 150ml,91000,Simple,71/tháng,4.8,129,Chăm sóc da mặt
"Nước Tẩy Trang Caryophy Cho Da Dầu Mụn, Nhạy Cảm 500ml",241000,Caryophy,27/tháng,4.8,12,Chăm sóc da mặt
Tẩy Tế Bào Chết Rosette Hỗ Trợ Dưỡng Sáng Da 180g,157000,Rosette,41/tháng,0,0,Chăm sóc da mặt
Sữa Rửa Mặt L'Oreal Glycolic Bright Sáng Da 100ml,114000,L'Oreal,55/tháng,4.0,2,Chăm sóc da mặt
Sữa Rửa Mặt CeraVe Cho Da Thường Đến Khô 88ml,131000,CeraVe,48/tháng,4.9,115,Chăm sóc da mặt
Mặt Nạ Cocoon Bí Đao Giảm Dầu & Mụn 30ml,94000,Cocoon,66/tháng,4.9,36,Chăm sóc da mặt
Kem Dưỡng Pond's Sáng Hồng Rạng Rỡ Cho Ban Đêm 45g,134000,Pond's,47/tháng,4.7,7,Chăm sóc da mặt
"Serum Paula’s Choice Sáng Da, Giúp Se Lỗ Chân Lông 20ml",1290000,Paula's Choice,5/tháng,4.8,4,Chăm sóc da mặt
Combo 2 Tinh Chất Chống Nắng Sunplay Hiệu Chỉnh Sắc Da 50g (Tím),270000,Sunplay,23/tháng,0,0,Chăm sóc da mặt
Miếng Dán Mụn Mayan Ultra Thin Spot 20+4 Miếng,27000,Mayan,228/tháng,4.9,30,Chăm sóc da mặt
Dưỡng Môi Đa Năng Pure Paw Paw Chiết Xuất Đu Đủ 25g,77000,Pure Paw Paw,80/tháng,4.6,11,Chăm sóc da mặt
Kem Dưỡng Neutrogena Retinol Ngăn Ngừa Lão Hóa 50g,302000,Neutrogena,21/tháng,0,0,Chăm sóc da mặt
Nước Tẩy Trang Nivea Ngăn Ngừa Mụn 400ml,160000,Nivea,39/tháng,4.8,16,Chăm sóc da mặt
Combo 2 Mặt Nạ Nghệ Hưng Yên Cocoon Dưỡng Da Mịn Màng 30ml,147000,Cocoon,42/tháng,4.9,35,Chăm sóc da mặt
Serum Hada Labo Retinol B3 Ngừa Lão Hóa 30ml (Mới),289000,Hada Labo,22/tháng,4.7,3,Chăm sóc da mặt
Combo 2 Nước Tẩy Trang La Roche-Posay Dành Cho Da Nhạy Cảm 400ml,729000,La Roche-Posay,9/tháng,4.8,47,Chăm sóc da mặt
"Kem Dưỡng Ẩm Bioderma Giảm Khô Căng, Bong Tróc Da Mụn 40ml",382000,Bioderma,16/tháng,4.7,6,Chăm sóc da mặt
Combo 2 Bông Tẩy Trang Ipek 150 Miếng,54000,Ipek Klasik,113/tháng,4.8,67,Chăm sóc da mặt
Serum DrCeutics 12% Niacinamide Sáng Da Mờ Thâm Kiềm Dầu 30g,183000,DrCeutics,34/tháng,0,0,Chăm sóc da mặt
[Mini] Kem Dưỡng Neutrogena Cấp Nước Cho Da Dầu 15g,77000,Neutrogena,79/tháng,4.8,69,Chăm sóc da mặt
Kem Dưỡng Caryophy Cấp Ẩm Và Phục Hồi Da 50ml,376000,Caryophy,16/tháng,5.0,11,Chăm sóc da mặt
"Mặt Nạ Banobagi Dưỡng Sáng Da, Mờ Thâm Nám 30g (Cam)",17000,Banobagi,354/tháng,4.9,18,Chăm sóc da mặt
Nước Tẩy Trang Cocoon Hoa Hồng Cấp Ẩm Da 140ml,111000,Cocoon,54/tháng,0,0,Chăm sóc da mặt
Kem Dưỡng Ẩm Swiss Image Chống Nắng Ban Ngày 50ml,350000,Swiss Image,17/tháng,4.9,31,Chăm sóc da mặt
Toner Pad Medicube Thu Nhỏ Lỗ Chân Lông 70 Miếng,389000,Medicube,16/tháng,4.5,2,Chăm sóc da mặt
Combo Cocoon Gel Rửa Mặt Bí Đao 310ml + Nước Cân Bằng Bí Đao 310ml,242000,Cocoon,25/tháng,5.0,2,Chăm sóc da mặt
Gel Rửa Mặt Bioderma Tạo Bọt Cho Da Nhạy Cảm 200ml,360000,Bioderma,17/tháng,5.0,11,Chăm sóc da mặt
Toner Paula’s Choice Điều Chỉnh Lỗ Chân Lông 190ml,533000,Paula's Choice,11/tháng,5.0,4,Chăm sóc da mặt
"Toner Pyunkang Yul Cấp Ẩm, Làm Dịu Da 200ml",298000,Pyunkang Yul,20/tháng,4.9,9,Chăm sóc da mặt
Kem Giảm Mụn Acnes Chuyên Sâu 10g,45000,Acnes,126/tháng,4.9,26,Chăm sóc da mặt
"Kem Dưỡng A-Derma Làm Dịu, Giảm Sẹo & Phục Hồi Thương Tổn 40ml",380000,A-Derma,15/tháng,5.0,8,Chăm sóc da mặt
Gel Nha Đam Milaganics Dưỡng Ẩm & Làm Mềm Da 300ml,87000,Milaganics,66/tháng,4.9,26,Chăm sóc da mặt
"Serum Swiss Image Dưỡng Sáng Da, Giảm Xỉn Màu 30ml",400000,Swiss Image,14/tháng,5.0,8,Chăm sóc da mặt
Mặt Nạ BNBG Vitamin E Dưỡng Ẩm Da 30ml (Mới),16000,BNBG,349/tháng,4.9,11,Chăm sóc da mặt
Sữa Dưỡng Ẩm Ban Đêm CeraVe Dành Cho Da Mặt 52ml,286000,CeraVe,20/tháng,5.0,7,Chăm sóc da mặt
Gel Rửa Mặt Eucerin Cho Da Nhờn Mụn 200ml,295000,Eucerin,19/tháng,5.0,229,Chăm sóc da mặt
Combo Nước Tẩy Trang Simple Làm Sạch Trang Điểm 200ml+400ml,189000,Simple,29/tháng,4.9,22,Chăm sóc da mặt
Mặt Nạ Ngủ Môi Care:Nel Chiết Xuất Quả Lựu 5g,41000,Care:Nel,134/tháng,5.0,46,Chăm sóc da mặt
Serum Neutrogena Retinol Ngăn Ngừa Lão Hóa 30ml,333000,Neutrogena,17/tháng,5.0,1,Chăm sóc da mặt
Combo 2 Kem Dưỡng Olay Luminous Sáng Da Mờ Thâm Nám Ban Đêm 50g,316000,Olay,18/tháng,4.9,57,Chăm sóc da mặt
"Combo 3 Mặt Nạ Caryophy Giảm Mụn, Thâm & Dưỡng Ẩm Da 22g",66000,Caryophy,83/tháng,5.0,34,Chăm sóc da mặt
Kem Chống Nắng Fixderma Dưỡng Ẩm Cho Da Mặt & Cơ Thể 75g,296000,Fixderma,19/tháng,5.0,6,Chăm sóc da mặt
Kem Dưỡng Pond's Sáng Hồng Rạng Rỡ Cho Ban Ngày 45g,123000,Pond's,45/tháng,4.7,7,Chăm sóc da mặt
Sữa Rửa Mặt L'Oreal Cấp Ẩm Và Căng Mịn Da 100ml,121000,L'Oreal,45/tháng,4.6,5,Chăm sóc da mặt
Gel Dưỡng Ẩm Nature Republic Chiết Xuất Lô Hội 300ml,116000,Nature Republic,47/tháng,4.9,24,Chăm sóc da mặt
"Tinh Chất Bí Đao Cocoon Làm Giảm Mụn, Mờ Thâm 70ml",191000,Cocoon,29/tháng,4.8,18,Chăm sóc da mặt
Hộp 10 Miếng Mặt Nạ Wonjin Dưỡng Sáng Da 30g/M,239000,WonJin,23/tháng,5.0,15,Chăm sóc da mặt
Nước Cân Bằng Cocoon Bí Đao Giảm Dầu & Mụn 310ml,200000,Cocoon,28/tháng,4.9,11,Chăm sóc da mặt
Serum Simple Hyaluronic Acid & B5 Cấp Ẩm Sâu Đa Tầng 30ml,184000,Simple,30/tháng,5.0,8,Chăm sóc da mặt
Kem Dưỡng Đêm Eucerin Giảm Nếp Nhăn Sâu & Chảy Xệ 50ml,1326000,Eucerin,5/tháng,0,0,Chăm sóc da mặt
Kem Dưỡng Ẩm Cetaphil Dịu Lành Cho Da Nhạy Cảm 50g,153000,Cetaphil,36/tháng,4.8,12,Chăm sóc da mặt
Combo 10 Mặt Nạ Foodaholic Retinol Giảm Mụn 23ml,99000,Foodaholic,55/tháng,4.9,23,Chăm sóc da mặt
Kem Chống Nắng L'Oreal Mịn Nhẹ Kiềm Dầu Thoáng Mịn Da 50ml,294000,L'Oreal,19/tháng,4.8,44,Chăm sóc da mặt
Sữa Rửa Mặt d program Tạo Bọt Dưỡng Da 120g,219000,dProgram,25/tháng,4.9,8,Chăm sóc da mặt
Nước Tẩy Trang Swiss Image 3 Trong 1 Sạch Sâu 400ml,330000,Swiss Image,16/tháng,5.0,16,Chăm sóc da mặt
Kem Chống Nắng Hatomugi Nâng Tông & Dưỡng Ẩm Da 70g,92000,Hatomugi,58/tháng,4.6,28,Chăm sóc da mặt
Gel Dưỡng SVR Giảm Mụn & Loại Bỏ Dầu Cho Da 40ml,331000,SVR,16/tháng,4.8,5,Chăm sóc da mặt
Sữa Rửa Mặt Cetaphil Dịu Lành Cho Da Nhạy Cảm 59ml,39000,Cetaphil,134/tháng,4.8,41,Chăm sóc da mặt
Lotion Hatomugi Dưỡng Ẩm Và Làm Sáng Da 500ml,91000,Hatomugi,57/tháng,4.8,19,Chăm sóc da mặt
Kem Chống Nắng d'Alba Vật Lý Dịu Nhẹ Cho Da Nhạy Cảm 50ml,429000,d'Alba,12/tháng,5.0,26,Chăm sóc da mặt
Sữa Chống Nắng Curél Mặt & Toàn Thân Cho Da Khô Nhạy Cảm 60ml,328000,Curél,16/tháng,4.9,29,Chăm sóc da mặt
Mặt Nạ Wonjin Siêu Tinh Chất Phục Hồi 27g,17000,WonJin,301/tháng,5.0,8,Chăm sóc da mặt
Serum Hada Labo Dưỡng Sáng Da Tối Ưu 30ml,298000,Hada Labo,18/tháng,4.0,2,Chăm sóc da mặt
Gel Dưỡng Eucerin Làm Sáng Da & Cấp Ẩm Tối Ưu 50ml,648000,Eucerin,8/tháng,5.0,3,Chăm sóc da mặt
Sữa Rửa Mặt Senka Tạo Bọt Bổ Sung Collagen 120g,89000,Senka,58/tháng,4.9,36,Chăm sóc da mặt
Combo 2 Kem Dưỡng Ẩm Neutrogena Cấp Nước Cho Da Dầu 50g,478000,Neutrogena,11/tháng,4.8,69,Chăm sóc da mặt
Gel Chống Nắng Cetaphil Dịu Lành Cho Da Nhạy Cảm 50ml,348000,Cetaphil,15/tháng,4.5,2,Chăm sóc da mặt
Combo 10 Mặt Nạ Sinh Học Emmié Cấp Ẩm Sâu & Dưỡng Sáng Da 25g,250000,Emmié by Happy Skin,21/tháng,5.0,5,Chăm sóc da mặt
"Sữa Rửa Mặt Hatomugi Tẩy Trang, Hỗ Trợ Sáng Da 130g",37000,Hatomugi,136/tháng,4.9,34,Chăm sóc da mặt
Kem Nền Maybelline Bắt Sáng Che Phủ Siêu Nhẹ #110 35ml,211000,Maybelline,212/tháng,5.0,14,Trang điểm
Xịt Khoá Makeup 3CE Có Nhũ Tạo Hiệu Ứng Nền Căng Bóng 95ml,212000,3CE,191/tháng,5.0,5,Trang điểm
Son Kem Lì 3CE Sepia - Đỏ Táo Trầm 4.6g,212000,3CE,190/tháng,4.7,24,Trang điểm
Má Hồng Kem Mastige Bền Màu Dễ Tán B4 Hồng Mận Trầm 3.5g,169000,Mastige,0,0,0,Trang điểm
Son Dưỡng Môi DHC Không Màu Hỗ Trợ Giảm Thâm Môi 1.5g,159000,DHC,250/tháng,5.0,46,Trang điểm
Kem Nền Maybelline Mịn Nhẹ Kiềm Dầu Chống Nắng #112 30ml,181000,Maybelline,205/tháng,5.0,205,Trang điểm
Combo 2 Phấn Phủ innisfree Kiềm Dầu Dạng Bột Khoáng 5g (Mới),236000,innisfree,124/tháng,5.0,7,Trang điểm
Phấn Nước Aperire Chống Nắng Che Phủ Cao 01 Tông Da Sáng Vừa 13g,279000,Aperire,100/tháng,5.0,13,Trang điểm
Phấn Má Hồng Maybelline Mịn Lì Chuẩn Màu 30 Fierce 4.5g,127000,Maybelline,217/tháng,5.0,8,Trang điểm
Kem Lót Maybelline Kiềm Dầu Ngăn Xuống Tông SPF 20 30ml,148000,Maybelline,177/tháng,5.0,1,Trang điểm
Phấn Nước Aperire Chống Nắng Che Phủ Cao 02 Tông Tự Nhiên 13g,299000,Aperire,85/tháng,5.0,13,Trang điểm
Mascara Maybelline Tơi Dài Mi Không Giới Hạn 6ml (Mới),147000,Maybelline,170/tháng,5.0,1,Trang điểm
[Mini] Son Kem Lì 3CE Laydown - Hồng Đào Trầm Pha Nâu 1.5g,69000,3CE,356/tháng,5.0,2,Trang điểm
[Mini] Son Kem Lì 3CE Casual Affair - Hoa Hồng Khô 1.5g,69000,3CE,317/tháng,5.0,4,Trang điểm
Bút Kẻ Mắt Nước Maybelline Sắc Mảnh BK1 Đen Sắc Sảo 0.4g,147000,Maybelline,147/tháng,4.7,11,Trang điểm
Son Kem Lì 3CE Mịn Màng Như Nhung Childlike - Cam Cháy 4g,212000,3CE,97/tháng,5.0,5,Trang điểm
Phấn Phủ Carslan Dạng Nén Vỏ Đen Màu Tím 8g,251000,Carslan,77/tháng,4.8,9,Trang điểm
Sáp Dưỡng Môi Vaseline Hồng Xinh 7g,69000,Vaseline,251/tháng,4.9,60,Trang điểm
Son Kem Maybelline 15 Skinny Dip - Hồng Đất 5ml,163000,Maybelline,104/tháng,5.0,9,Trang điểm
Son Kem Lì 3CE Laydown - Thạch Trà Ô Long 4.6g,212000,3CE,78/tháng,4.7,24,Trang điểm
Son Kem Lì Black Rouge A12 Dashed Brown Nâu Gạch 4.5g,198000,Black Rouge,82/tháng,4.8,10,Trang điểm
Phấn Phủ Carslan Dạng Nén Vỏ Xám Màu Tím 8g,251000,Carslan,62/tháng,4.8,9,Trang điểm
Phấn Má Hồng 3CE Mịn Lì Delectable - Hồng Anh Đào 5.5g,246000,3CE,57/tháng,5.0,6,Trang điểm
[Mini] Son Kem Lì 3CE Daffodil - Đỏ Đất 1.5g,59000,3CE,230/tháng,5.0,1,Trang điểm
Chuốt Mi Browit Kéo Dài Và Cong Mi Dạng Đầu Lược 5.5g,89000,Browit,151/tháng,4.9,31,Trang điểm
Bảng Highlight Và Tạo Khối Judydoll 4 Màu - 01 Tông Lạnh 9g,195000,Judydoll,66/tháng,5.0,2,Trang điểm
"Xịt Khoá Makeup Colorkey Nam Châm Đen Lâu Trôi, Bền Màu 100ml",115000,Colorkey,107/tháng,5.0,2,Trang điểm
[Mini] Combo 4 Nước Tẩy Trang Mắt Môi Maybelline 40ml,109000,Maybelline,112/tháng,4.8,17,Trang điểm
Nước Tẩy Trang Mắt Môi Maybelline 150ml,124000,Maybelline,94/tháng,4.8,17,Trang điểm
Phấn Phủ Carslan Dạng Bột Nắp Đen Màu Tím 8g,229000,Carslan,46/tháng,5.0,3,Trang điểm
Phấn Má Hồng 3CE Mịn Lì Mono Pink - Hồng Đào 5.5g,245000,3CE,42/tháng,5.0,6,Trang điểm
Son Kem Lì 3CE Casual Affair - Hồng Nho 4.6g,245000,3CE,39/tháng,4.7,24,Trang điểm
"Phấn Phủ Perfect Diary Kiềm Dầu, Ngăn Thấm Nước Màu 01 7g",198000,Perfect Diary,43/tháng,5.0,7,Trang điểm
Phấn Má Hồng 3CE Mịn Lì Rose Beige - Cam Hồng Đất 5.5g,246000,3CE,35/tháng,5.0,6,Trang điểm
Phấn Má Hồng Maybelline Mịn Lì 40 Proud - Hồng Baby 4.5g,127000,Maybelline,66/tháng,5.0,8,Trang điểm
Son Bóng Maybelline 10 Lippy - Nâu Đỏ Ấm 4.2ml,179000,Maybelline,47/tháng,5.0,27,Trang điểm
"Phấn Phủ Perfect Diary Kiềm Dầu, Ngăn Thấm Nước Màu 02 7g",183000,Perfect Diary,45/tháng,5.0,7,Trang điểm
Phấn Phủ innisfree Kiềm Dầu Dạng Bột Khoáng 5g (Mới),103000,innisfree,78/tháng,5.0,7,Trang điểm
"Tinh Chất Dưỡng Môi Torriden Căng Mọng, Cấp Ẩm 11ml",90000,Torriden,87/tháng,4.7,7,Trang điểm
"Mascara Maybelline Dài Mi và Cong Mi, Chuốt Mi Đen 9.2ml",127000,Maybelline,55/tháng,4.8,14,Trang điểm
"Son Dưỡng Môi Mediheal Hỗ Trợ Mờ Thâm, Dưỡng Ẩm Ban Ngày 10ml",66000,Mediheal,104/tháng,4.9,40,Trang điểm
Son Kem Lì 3CE Mịn Như Nhung Daffodil - Đậu Đỏ 4g,212000,3CE,32/tháng,5.0,5,Trang điểm
Xịt Khoá Makeup Pramy Cấp Ẩm Mịn Lì 100ml,131000,Pramy,51/tháng,5.0,1,Trang điểm
Kem Nền Maybelline Bắt Sáng Che Phủ Siêu Nhẹ #115 35ml,211000,Maybelline,31/tháng,5.0,14,Trang điểm
Son Bóng Maybelline 130 Extra - Đỏ Nâu Đất 4.2ml,179000,Maybelline,32/tháng,5.0,27,Trang điểm
"Phấn Phủ Perfect Diary Kiềm Dầu, Ngăn Thấm Nước Màu 03 7g",192000,Perfect Diary,27/tháng,5.0,7,Trang điểm
Son Bóng Maybelline 125 Keen - Hồng Đào Đất 4.2ml,179000,Maybelline,29/tháng,5.0,27,Trang điểm
Son Dưỡng Laneige Căng Bóng Hương Quả Mọng 10g,277000,Laneige,18/tháng,5.0,2,Trang điểm
Son Dưỡng Có Màu Vaseline Hồng Cam Êm Dịu 3g,77000,Vaseline,64/tháng,5.0,10,Trang điểm
Son Dưỡng Cocoon Dầu Dừa Bến Tre 5g,23000,Cocoon,207/tháng,4.9,63,Trang điểm
Má Hồng Kem Maybelline Căng Mọng - 06 Cánh Hồng Khô 4.7ml,156000,Maybelline,30/tháng,5.0,1,Trang điểm
Son Kem Maybelline 30 Coquettish - Hoa Hồng Đỏ 5ml,163000,Maybelline,29/tháng,5.0,9,Trang điểm
Son Kem Lì 3CE Mịn Màng Như Nhung Taupe - Đỏ Gạch 4g,246000,3CE,19/tháng,5.0,5,Trang điểm
[Mini] Nước Tẩy Trang Mắt Môi Maybelline 40ml,39000,Maybelline,117/tháng,4.8,17,Trang điểm
Bộ 4 Món Chăm Sóc Móng Kềm Nghĩa Thép Không Gỉ MD.33 (Cam),344000,Kềm Nghĩa,13/tháng,0,0,Trang điểm
Phấn Nước Laneige Cho Lớp Nền Mịn Lì 50H #23N1 15g (Mới),553000,Laneige,8/tháng,4.0,2,Trang điểm
Dưỡng Môi Đa Năng Pure Paw Paw Từ Đu Đủ Hương Dâu 25g,76000,Pure Paw Paw,57/tháng,4.6,11,Trang điểm
Chì Kẻ Chân Mày innisfree Màu 5 Expresso Brown (Mới) 0.3g,80000,innisfree,54/tháng,0,0,Trang điểm
Sáp Dưỡng Môi Vaseline Mềm Mịn 7g,69000,Vaseline,62/tháng,4.9,60,Trang điểm
Dưỡng Môi Đa Năng Pure Paw Paw Từ Đu Đủ Hương Dưa Hấu 25g,78000,Pure Paw Paw,54/tháng,4.6,11,Trang điểm
Phim Thấm Dầu Jomi 70 Tờ,48000,Jomi,87/tháng,5.0,12,Trang điểm
Bảng Phấn Mắt Gogo Tales Màu 201 Rose Yam Purple 25 Ô,157000,Gogo Tales,26/tháng,5.0,1,Trang điểm
Kem Lót Judydoll Cấp Ẩm Cho Lớp Nền Tệp Màu 30g,144000,Judydoll,28/tháng,5.0,1,Trang điểm
Son Thỏi 3CE Mềm Môi 07 Knit - Hồng Khô 3.5g,255000,3CE,16/tháng,5.0,1,Trang điểm
Son Kem Lì Black Rouge A10 Red Berry - Đỏ Berry 4.5g,192000,Black Rouge,21/tháng,4.8,10,Trang điểm
Phấn Phủ Maybelline Mịn Nhẹ Kiềm Dầu Chống Nắng 6g #112,149000,Maybelline,27/tháng,4.9,7,Trang điểm
Bộ Cọ Trang Điểm Vacosi 14 Cây BC36 (Bóp Da Cam),254000,Vacosi,16/tháng,5.0,1,Trang điểm
Dao Cạo Mày Và Mặt Hotosu Cao Cấp (3 Cây Nhiều Màu),35000,Hotosu,112/tháng,5.0,2,Trang điểm
Son Lì 3CE Mịn Môi Whip Red - Đỏ Mận 4g,275000,3CE,15/tháng,4.7,6,Trang điểm
Phấn Nước Laneige Cho Lớp Nền Căng Bóng 50H #21N1 15g (Mới),557000,Laneige,7/tháng,0,0,Trang điểm
Kem Nền Maybelline Mịn Nhẹ Kiềm Dầu Chống Nắng #118 30ml,177000,Maybelline,21/tháng,5.0,205,Trang điểm
Bảng Che Khuyết Điểm Colorkey 3 Màu 3.9g,92000,Colorkey,40/tháng,5.0,2,Trang điểm
Son Dưỡng Có Màu Vaseline Đỏ Tươi Tắn 3g,77000,Vaseline,47/tháng,5.0,10,Trang điểm
Kem Nền Maybelline Mịn Nhẹ Kiềm Dầu Chống Nắng #120 30ml,177000,Maybelline,21/tháng,5.0,205,Trang điểm
Kem Nền Maybelline Bắt Sáng Che Phủ Siêu Nhẹ #120 35ml,211000,Maybelline,17/tháng,5.0,14,Trang điểm
Kem Nền Maybelline Mịn Nhẹ Kiềm Dầu Chống Nắng #110 30ml,177000,Maybelline,20/tháng,5.0,205,Trang điểm
Phấn Nước Lemonade Kiềm Dầu A01 Tông Sáng 15g (Vỏ Mới),239000,Lemonade,15/tháng,4.8,8,Trang điểm
Chì Kẻ Chân Mày innisfree Màu 4 Ash Brown (Mới) 0.3g,80000,innisfree,43/tháng,0,0,Trang điểm
Son Kem Lì 3CE Play Off - Đỏ Cam San Hô 4.6g,246000,3CE,14/tháng,4.7,24,Trang điểm
Kem Che Khuyết Điểm Maybelline Mịn Lì 10 Light 6.8ml,130000,Maybelline,26/tháng,4.9,14,Trang điểm
Phấn Má Hồng Maybelline Mịn Lì 60 Passionate - Hồng Rượu 4.5g,128000,Maybelline,26/tháng,5.0,8,Trang điểm
Má Hồng Kem Maybelline Căng Mọng - 05 Hồng Baby 4.7ml,156000,Maybelline,21/tháng,5.0,1,Trang điểm
Bút Kẻ Mắt Colorkey Chống Nước Lâu Trôi N01 Đen 0.5g,91000,Colorkey,36/tháng,4.0,1,Trang điểm
Son Kem Maybelline 70 The A+ - Đỏ Cam 5ml,163000,Maybelline,20/tháng,5.0,9,Trang điểm
Son Lì 3CE Mịn Môi Common Stranger - Nâu Cam Sữa 4g,255000,3CE,13/tháng,4.7,6,Trang điểm
"Kem Lót Judydoll Kiềm Dầu, Mỏng Nhẹ, Bền Màu 30g",145000,Judydoll,22/tháng,5.0,2,Trang điểm
Son Kem Lì Black Rouge A03 Soft Red - Đỏ Cam 4.5g,209000,Black Rouge,15/tháng,5.0,4,Trang điểm
Serum Dưỡng Môi Lipstician Cấp Ẩm Căng Mọng 9g,284000,Lipstician,11/tháng,5.0,12,Trang điểm
Son Kem Maybelline 80 Keep It Cozy - Cam Đất 5ml,163000,Maybelline,19/tháng,5.0,9,Trang điểm
Son Bóng Maybelline 61 Risky - Gạch Đun 4.2ml,179000,Maybelline,18/tháng,5.0,27,Trang điểm
Phấn Nước Laneige Cho Lớp Nền Mịn Lì 50H #21N1 15gx2 (Mới),723000,Laneige,5/tháng,4.0,2,Trang điểm
Kềm Cắt Da Kềm Nghĩa Thép Chuyên Dụng Mạ Niken D.205,61000,Kềm Nghĩa,50/tháng,0,0,Trang điểm
Chì Kẻ Mày Lemonade 2 Đầu Màu Nâu Sáng 2g+2ml,149000,Lemonade,20/tháng,4.8,6,Trang điểm
Bảng Phấn Mắt Judydoll 7 Màu - 26 Tông Nâu Nude 8.5g,197000,Judydoll,15/tháng,0,0,Trang điểm
Kem Nền Carslan Ẩm Mịn Lâu Trôi - P01 Tông Da Sáng 30g,269000,Carslan,11/tháng,5.0,1,Trang điểm
"Son Dưỡng Môi Mediheal Ẩm Mượt, Mịn Màng Ban Ngày 10ml",64000,Mediheal,46/tháng,4.9,40,Trang điểm
Son Kem Lì Black Rouge A06 Brick Red - Đỏ Đất 4.5g,209000,Black Rouge,13/tháng,5.0,4,Trang điểm
Sáp Dưỡng Ẩm Vaseline Original Protecting Jelly 100ml,89000,Vaseline,31/tháng,4.9,9,Trang điểm
Son Thỏi 3CE Mềm Môi 06 Buddy - Hồng Cá Hồi 3.5g,283000,3CE,10/tháng,5.0,1,Trang điểm
Phấn Má Hồng Judydoll Mềm Mịn Tự Nhiên - 44 Hồng Sữa 2g,84000,Judydoll,32/tháng,4.0,1,Trang điểm
Kem Nền Carslan Ẩm Mịn Lâu Trôi - P02 Tông Da Tự Nhiên 30g,247000,Carslan,11/tháng,5.0,1,Trang điểm
Bút Cushion Che Khuyết Điểm Maybelline 120 Light 6ml,188000,Maybelline,14/tháng,4.9,546,Trang điểm
Kem Che Khuyết Điểm Maybelline Mịn Lì 15 Fair 6.8ml,138000,Maybelline,19/tháng,4.9,14,Trang điểm
Xịt Khoá Makeup Silkygirl Giữ Lớp Nền Mịn Lì Lâu Trôi 70ml,139000,Silkygirl,19/tháng,5.0,3,Trang điểm
Son Môi L'Oreal Mịn Lì 129 I Lead - Cam Đỏ Đất 1.7g,259000,L'Oreal,10/tháng,5.0,5,Trang điểm
Sáp Dưỡng Môi Ngọt Ngào Vaseline 7g,69000,Vaseline,36/tháng,4.9,60,Trang điểm
Chì Kẻ Mày Lemonade 2 Đầu Màu Nâu Đậm 2g+2ml,149000,Lemonade,17/tháng,4.8,6,Trang điểm
Phấn Nước Lime Kiềm Dầu No.10 Pink Vanilla Da Trắng Sáng 20g,264000,Lime,10/tháng,5.0,2,Trang điểm
Kem Nền B.O.M Mỏng Nhẹ Tự Nhiên Lâu Trôi 40ml,296000,B.O.M,9/tháng,5.0,8,Trang điểm
Kem Nền BB Naris Cosmetics Alius 01 Light Beige 30g,292000,Naris Cosmetics,9/tháng,4.9,12,Trang điểm
Sáp Dưỡng Ẩm Vaseline Original Protecting Jelly 50ml,50000,Vaseline,47/tháng,4.9,9,Trang điểm
Bút Kẻ Mắt Australis Siêu Mảnh Không Lem Không Trôi,203000,australis,12/tháng,4.9,24,Trang điểm
Che Khuyết Điểm Aperire Mỏng Nhẹ Lâu Trôi - 02 Warm 4.5ml,173000,Aperire,13/tháng,5.0,4,Trang điểm
Phấn Phủ Maybelline Mịn Nhẹ Kiềm Dầu Chống Nắng 6g #109,149000,Maybelline,15/tháng,4.9,7,Trang điểm
Kem Nền Maybelline Mịn Nhẹ Kiềm Dầu Chống Nắng #115 30ml,177000,Maybelline,12/tháng,5.0,205,Trang điểm
Kem Nền Carslan Kiềm Dầu Lâu Trôi - P01 Tông Da Sáng 30g,269000,Carslan,8/tháng,0,0,Trang điểm
Son Dưỡng LipIce Hiệu Chỉnh Sắc Môi - Đỏ Mọng 2.4g,69000,LipIce,31/tháng,4.9,20,Trang điểm
Kem Che Khuyết Điểm Judydoll Dạng Lỏng - 02 Da Tự Nhiên 3.2g,96000,Judydoll,22/tháng,5.0,3,Trang điểm
Son Môi L'Oreal Mịn Lì Căng Mướt 666 I Win - Đỏ Lạnh 1.7g,259000,L'Oreal,8/tháng,5.0,5,Trang điểm
Xịt Khoá Makeup Colorkey Hỗ Trợ Kiềm Dầu Ice Cream 100ml,117000,Colorkey,18/tháng,5.0,2,Trang điểm
Bút Kẻ Mắt Nước Maybelline Sắc Mảnh BR1 Nâu Tự Nhiên 0.4g,156000,Maybelline,13/tháng,4.7,11,Trang điểm
Kem Che Khuyết Điểm The Saem - 1.25 Light Beige 9.5g,149000,The SAEM,14/tháng,4.7,3,Trang điểm
Kem Che Khuyết Điểm Maybelline Mịn Lì 05 Ivory 6.8ml,138000,Maybelline,15/tháng,4.9,14,Trang điểm
"Son Dưỡng Môi Mediheal Mềm Mại, Mịn Màng Ban Đêm 10ml",72000,Mediheal,28/tháng,4.9,40,Trang điểm
Kem Che Khuyết Điểm The Saem - 1.5 Natural Beige 9.5g,149000,The SAEM,14/tháng,4.7,3,Trang điểm
[Mini] Combo Carslan Son Tint Cấp Ẩm Căng Mọng G104 + Kem Nền P02 Tông Da Tự Nhiên 1g+5g,55000,Carslan,36/tháng,0,0,Trang điểm
Son Dưỡng Môi Curél Cấp Ẩm Chuyên Sâu Không Màu 4.2g,199000,Curél,10/tháng,4.6,5,Trang điểm
Phấn Phủ Maybelline Mịn Lì Kiềm Dầu 110 Porcelain 8.5g,178000,Maybelline,11/tháng,4.8,6,Trang điểm
Son Dưỡng Môi Vaseline Mềm Mịn 4.8g,63000,Vaseline,31/tháng,4.9,22,Trang điểm
Kẹp Mi Lemonade Cong Lâu,80000,Lemonade,25/tháng,0,0,Trang điểm
Xịt Khoá Makeup Pramy Cấp Ẩm Căng Bóng 100ml,131000,Pramy,15/tháng,5.0,1,Trang điểm
Son Thỏi 3CE Mềm Môi 05 Cozy Whisper - Hồng Hạ Phai 3.5g,283000,3CE,7/tháng,5.0,1,Trang điểm
Son Kem Lì Black Rouge A07 Purecrimeson - Đỏ Cam Đào 4.5g,201000,Black Rouge,10/tháng,5.0,4,Trang điểm
Phấn Nước B.O.M Che Khuyết Điểm #21 Tông Trắng Sáng 15g,513000,B.O.M,4/tháng,4.9,14,Trang điểm
Phấn Nước Lemonade Kiềm Dầu A02 Tự Nhiên 15g (Vỏ Mới),239000,Lemonade,8/tháng,4.8,8,Trang điểm
Combo 2 Mút Tán Nền Trang Điểm Mastige Kháng Khuẩn Màu Hồng,69000,Mastige,27/tháng,5.0,1,Trang điểm
Son Bóng Maybelline 62 Irresistible – Da Đất 4.2ml,179000,Maybelline,11/tháng,5.0,27,Trang điểm
Chì Kẻ Mày Lemonade 2 Đầu Màu Nâu Xám 2g+2ml,149000,Lemonade,13/tháng,4.8,6,Trang điểm
Keo Dán Mi Vacosi Eyelash 3d Primer 8ml,51000,Vacosi,35/tháng,0,0,Trang điểm
Phấn Nước BYS Mịn Lì Fair Neutral - Tông Da Tự Nhiên 10g,359000,BYS,5/tháng,5.0,16,Trang điểm
Phấn Má Hồng Judydoll Mềm Mịn Tự Nhiên - 63 Dâu Tây Sữa 2g,108000,Judydoll,17/tháng,4.0,1,Trang điểm
Son Kem Lì Black Rouge A11 Tanned Camellia Hồng Cháy 4.5g,189000,Black Rouge,10/tháng,4.8,10,Trang điểm
Son Kem Lì Colorkey P307 Cánh Hồng Khô 1.8g,99000,Colorkey,17/tháng,5.0,2,Trang điểm
Mút Tán Nền Trang Điểm Mastige Kháng Khuẩn Màu Hồng Nhạt,39000,Mastige,43/tháng,0,0,Trang điểm
Son Kem Lì Colorkey O308 Đỏ Cam Đất 1.8g,99000,Colorkey,17/tháng,5.0,2,Trang điểm
Mascara Australis Trong Suốt Dài Mi & Định Hình Chân Mày 8ml,184000,australis,9/tháng,5.0,25,Trang điểm
Kẻ Mắt Nước B.O.M Lâu Trôi Màu Đen 01 Wonder Black 0.5g,248000,B.O.M,7/tháng,4.8,16,Trang điểm
Phấn Nước Lime Kiềm Dầu No.20 Pink Beige Da Trung Bình 20g,211000,Lime,8/tháng,5.0,2,Trang điểm
Son Thỏi 3CE Mềm Môi 09 Taupe Beige - Nâu Đất 3.5g,283000,3CE,6/tháng,5.0,1,Trang điểm
Son Dưỡng Môi Vaseline Hồng Xinh 4.8g,60000,Vaseline,27/tháng,4.9,22,Trang điểm
Bộ Cọ Trang Điểm Vacosi 8 Cây Kèm Ví Đựng - BC31,198000,Vacosi,9/tháng,5.0,1,Trang điểm
Chì Kẻ Chân Mày innisfree Màu 6 Urban Brown (Mới) 0.3g,81000,innisfree,20/tháng,0,0,Trang điểm
Son Tint 3CE Lâu Trôi Màu Luztic - Đỏ Cherry 4.5g,283000,3CE,6/tháng,5.0,1,Trang điểm
"Phấn Phủ Australis Dạng Bột Mỏng Mịn, Kiềm Dầu 6g",264000,australis,6/tháng,5.0,14,Trang điểm
Son Lì 3CE Mịn Môi Hipamine - Nâu Đỏ Đun 4g,278000,3CE,6/tháng,4.7,6,Trang điểm
Kềm Cắt Da Kềm Nghĩa Thép Chuyên Dụng Mạ Vàng 24K D.555,97000,Kềm Nghĩa,17/tháng,5.0,3,Trang điểm
Xịt Khoá Makeup Australis Dạng Lì Lâu Trôi 110ml (Mới),256000,australis,6/tháng,5.0,8,Trang điểm
Phấn Nước Laneige Cho Lớp Nền Căng Bóng 50H #21N1 15gx2 (Mới),742000,Laneige,3/tháng,0,0,Trang điểm
Phấn Nước B.O.M Che Khuyết Điểm #23N Tông Tự Nhiên 15g,515000,B.O.M,3/tháng,4.9,14,Trang điểm
Lông Mi Giả Tự Dính Mlen Diary Hướng Dương,89000,Mlen Diary,18/tháng,4.0,1,Trang điểm
Kem Che Khuyết Điểm The Saem - 0.5 Ice Beige 9.5g,149000,The SAEM,10/tháng,4.7,3,Trang điểm
Kem Che Khuyết Điểm Lemonade Màu A01 - Da Sáng 3g (Mới),126000,Lemonade,12/tháng,5.0,1,Trang điểm
Mascara Lemonade Giúp Mi Tơi Dài Lâu Trôi 6ml,142000,Lemonade,11/tháng,0,0,Trang điểm
Kem Che Khuyết Điểm Judydoll Dạng Lỏng - 01 Da Sáng Tự Nhiên 3.2g,98000,Judydoll,16/tháng,5.0,3,Trang điểm
Phấn Phủ Australis Kiềm Dầu 2in1 #Natural 12g,238000,australis,7/tháng,5.0,26,Trang điểm
Son Dưỡng Lipice Trái Cây Orange - Cam Tươi Tắn 4g,84000,LipIce,17/tháng,4.9,11,Trang điểm
Phấn Má Hồng Judydoll Mềm Mịn Tự Nhiên - 49 Hồng Dâu 2g,88000,Judydoll,16/tháng,4.0,1,Trang điểm
Kem Che Khuyết Điểm Maybelline Mịn Lì 25 Medium 6.8ml,138000,Maybelline,10/tháng,4.9,14,Trang điểm
Mascara 2 Đầu Browit Professional Duo Màu Sexy Black 4g+4g,168000,Browit,9/tháng,5.0,1,Trang điểm
Son Dưỡng Có Màu Vaseline Hồng Ngọt Ngào 3g,77000,Vaseline,18/tháng,5.0,10,Trang điểm
Phấn Tạo Khối Too Cool For School 1.5 Màu Trung Tính 9.5g,216000,Too cool for school,7/tháng,5.0,8,Trang điểm
Bảng Phấn Mắt Gogo Tales Màu 202 Classic Orange 25 Ô,156000,Gogo Tales,9/tháng,5.0,1,Trang điểm
Phấn Phủ Maybelline Mịn Nhẹ Kiềm Dầu Chống Nắng 6g #118,125000,Maybelline,11/tháng,4.9,7,Trang điểm
Phấn Má Hồng Maybelline Mịn Lì Chuẩn Màu 20 Hopeful 4.5g,128000,Maybelline,11/tháng,5.0,8,Trang điểm
Dao Cạo Lông Mày KAI Lưỡi Đơn Thân Nhựa CBM-3P (3 Cây),33000,KAI,41/tháng,4.7,3,Trang điểm
Kem Nền Carslan Kiềm Dầu Lâu Trôi - P02 Tông Da Tự Nhiên 30g,269000,Carslan,5/tháng,0,0,Trang điểm
Son Mịn Lì B.O.M #01 Bitter Rose - Đỏ Hồng 3.3g,274000,B.O.M,5/tháng,5.0,1,Trang điểm
Combo 2 Son Dưỡng Cocoon Dầu Dừa Bến Tre 5g,54000,Cocoon,24/tháng,4.9,63,Trang điểm
Son Bóng Maybelline 115 Peppy – Nâu Đào 4.2ml,179000,Maybelline,8/tháng,5.0,27,Trang điểm
Son Kem Lì Black Rouge A01 Strawberry Red - Đỏ Dâu 4.5g,189000,Black Rouge,7/tháng,5.0,4,Trang điểm
Mascara Judydoll Đầu Siêu Cong 6 Độ Làm Cong Mi - 01 Đen 2g,144000,Judydoll,9/tháng,5.0,1,Trang điểm
Gel Kẻ Mắt Judydoll Lâu Trôi Màu 01 Đen 7.5g,175000,Judydoll,7/tháng,0,0,Trang điểm
Dao Cạo Lông Mày KAI Groom Eyebrow Razor (1 Cây),15000,KAI,82/tháng,5.0,13,Trang điểm
Serum Dưỡng Môi Lipstician Giảm Khô Nứt Môi 9g,284000,Lipstician,5/tháng,5.0,12,Trang điểm
Giấy Thấm Dầu Mayan Than Hoạt Tính (100 Tờ/Gói),24000,Mayan,51/tháng,4.9,24,Trang điểm
Son Lì 3CE Mịn Môi Cherry Fluff - Hồng Anh Đào 4g,278000,3CE,5/tháng,4.7,6,Trang điểm
Xịt Khoá Makeup Silkygirl Giữ Lớp Trang Điểm Lâu Trôi 70ml,139000,Silkygirl,9/tháng,4.8,5,Trang điểm
Phấn Nước The Lab Dưỡng Ẩm Màu 03 Deep Beige - Trung Bình 12g,193000,The Lab,7/tháng,5.0,13,Trang điểm
Mascara Colorkey Hỗ Trợ Giúp Mi Dài Và Tơi 4.5g,117000,Colorkey,11/tháng,0,0,Trang điểm
Phấn Phủ Australis Kiềm Dầu 2in1 #Light Beige 12g,238000,australis,6/tháng,5.0,26,Trang điểm
Son Lì B.O.M #802 My Cherry Red - Đỏ Cherry 3.5g,271000,B.O.M,5/tháng,4.8,10,Trang điểm
Giấy Thấm Dầu Acnes Trà Xanh 100 Tờ,31000,Acnes,38/tháng,5.0,8,Trang điểm
Phấn Nước The Lab Dưỡng Ẩm Màu 01 Ivory - Sáng Tự Nhiên 12g,571000,The Lab,3/tháng,5.0,13,Trang điểm
Phấn Nước The Lab Dưỡng Ẩm Màu 02 Beige - Hồng Tự Nhiên 12g,571000,The Lab,3/tháng,5.0,13,Trang điểm
Phấn Nước Laneige Cho Lớp Nền Căng Bóng 50H #23N1 15g (Mới),558000,Laneige,3/tháng,0,0,Trang điểm
Bấm Mi Vacosi Modern Lash Curler Cán Đen BM03,61000,Vacosi,19/tháng,4.8,19,Trang điểm
Bấm Mi Điện Mira Cao Cấp Màu Ngẫu Nhiên,65000,Mira,18/tháng,4.9,7,Trang điểm
Son Lì B.O.M 808 Đỏ Đất (Bản Giới Hạn 2024) 3.1g,258000,B.O.M,5/tháng,5.0,2,Trang điểm
Kẻ Viền Mắt Trong Browit Dạng Sáp Màu Nâu Deep Brown 0.1g,94000,Browit,12/tháng,4.8,4,Trang điểm
Bút Kẻ Mắt Nước Kissme Siêu Mượt Không Trôi Màu Đen 0.4ml,173000,Kissme,7/tháng,4.8,5,Trang điểm
Son Dưỡng Lipice Trái Cây Cherry - Anh Đào Đỏ Tươi 4g,84000,LipIce,13/tháng,4.9,11,Trang điểm
Phấn Phủ Silkygirl Khoáng Kiềm Dầu Dạng Nén Không Màu 7g,131000,Silkygirl,9/tháng,4.4,5,Trang điểm
Mút Tán Nền Trang Điểm Mastige Kháng Khuẩn Màu Cam Nhạt,39000,Mastige,28/tháng,0,0,Trang điểm
Son Dưỡng Ẩm Naris Ngừa Nhăn Môi Dạng Thỏi 3g,394000,Naris Cosmetics,3/tháng,5.0,10,Trang điểm
Phấn Phủ Colorkey Dạng Bột Màu Hồng C02 8g,238000,Colorkey,5/tháng,5.0,1,Trang điểm
Son Kem Lì Black Rouge A04 Rasberry Syrup Đỏ Cherry 4.5g,189000,Black Rouge,6/tháng,5.0,4,Trang điểm
Son Kem Lì Black Rouge A33 Sunset Crown - Đỏ Cam 4.5g,178000,Black Rouge,6/tháng,5.0,1,Trang điểm
Phấn Nước Silkygirl Tông Sáng 01 Natural Light 15g,171000,Silkygirl,7/tháng,4.8,12,Trang điểm
Phấn Phủ Maybelline Mịn Nhẹ Kiềm Dầu Chống Nắng 6g #120,149000,Maybelline,7/tháng,4.9,7,Trang điểm
Son Dưỡng Môi Nivea Chuyên Sâu 4.8g,71000,Nivea,15/tháng,4.7,18,Trang điểm
Son Dưỡng LipIce Hiệu Chỉnh Sắc Môi - Cam Đào 2.4g,69000,LipIce,15/tháng,4.9,20,Trang điểm
Son Tint 3CE Lâu Trôi Màu Coolest - Đỏ Hồng 4.5g,276000,3CE,4/tháng,5.0,1,Trang điểm
Son Dưỡng Judydoll Có Màu Cấp Ẩm - 06 Hồng Trà Hổ Phách 3g,159000,Judydoll,7/tháng,5.0,2,Trang điểm
Son Dưỡng B.O.M 02 Pure Red - Đỏ Tự Nhiên 4.5g,286000,B.O.M,4/tháng,5.0,5,Trang điểm
Son Kem Maybelline 25 Baby Tee - Đào Baby 5ml,163000,Maybelline,7/tháng,5.0,9,Trang điểm
Son Kem Maybelline 75 Latte To Go - Cam Cháy 5ml,163000,Maybelline,6/tháng,5.0,9,Trang điểm
Combo 4 Bông Mút Mastige Tán Nền Kháng Khuẩn Màu Hồng Cam,119000,Mastige,8/tháng,0,0,Trang điểm
Son Dưỡng Judydoll Có Màu Cấp Ẩm - 09 Đỏ Kẹo Hồ Lô 3g,159000,Judydoll,6/tháng,5.0,2,Trang điểm
Phấn Má Hồng Judydoll Mềm Mịn Tự Nhiên - 02 Hoa Hồng Khô 2g,98000,Judydoll,10/tháng,4.0,1,Trang điểm
Son Kem Lì Colorkey R300 Đỏ Hồng Đất 1.8g,99000,Colorkey,10/tháng,5.0,2,Trang điểm
Kem Che Khuyết Điểm Judydoll Dạng Lỏng - 00 Da Sáng 3.2g,108000,Judydoll,9/tháng,5.0,3,Trang điểm
Chì Kẻ Mày 2 Đầu Silkygirl Nâu Tro 03 Ash Brown 0.35g,97000,Silkygirl,10/tháng,4.7,3,Trang điểm
Cọ Má Hồng & Phủ Vacosi Đầu Tròn M03,84000,Vacosi,11/tháng,5.0,1,Trang điểm
Son Dưỡng Judydoll Có Màu Cấp Ẩm - 04 Hồng Cam Lạnh 3g,198000,Judydoll,5/tháng,5.0,2,Trang điểm
Son Dưỡng LipIce Hiệu Chỉnh Sắc Môi - Hồng Đất 2.4g,61000,LipIce,15/tháng,4.9,20,Trang điểm
Son Lì Australis Mềm Mịn #Luxe - Đỏ Cherry 3.2g,228000,australis,4/tháng,5.0,16,Trang điểm
Kem Lót Che Lỗ Chân Lông SILKYGIRL Màu 01 Natural 15ml,127000,Silkygirl,8/tháng,4.8,4,Trang điểm
Kem Nền Australis Siêu Nhẹ Tông Kem Nhạt #LightNeutral 30ml,299000,australis,3/tháng,4.9,14,Trang điểm
Phấn Phủ Trang Điểm Naris Cosmetics 03 Natural Beige 12g,434000,Naris Cosmetics,3/tháng,4.9,14,Trang điểm
Phấn Phủ Trang Điểm Naris Cosmetics 02 Light Beige 12g,434000,Naris Cosmetics,3/tháng,4.9,14,Trang điểm
Phấn Phủ Silkygirl Nâng Tông Màu 01 Radiant 7g,154000,Silkygirl,6/tháng,5.0,5,Trang điểm
Combo 2 Mút Tán Nền Trang Điểm Mastige Kháng Khuẩn Màu Cam,69000,Mastige,13/tháng,5.0,1,Trang điểm
"Phấn Phủ B.O.M Kiềm Dầu, Che Phủ Lỗ Chân Lông Dạng Nén 7.5g",293000,B.O.M,3/tháng,4.8,5,Trang điểm
Son Dưỡng Naris Ngừa Nhăn Và Khô Môi Dạng Hũ 10g,263000,Naris Cosmetics,4/tháng,5.0,11,Trang điểm
"Kem Nền B.O.M Che Phủ Cao, Lâu Trôi #23 Natural Beige 30ml",533000,B.O.M,2/tháng,5.0,4,Trang điểm
Mascara B.O.M Làm Dài & Cong Mi 01 Màu Đen 8g,350000,B.O.M,3/tháng,5.0,4,Trang điểm
Xịt Khoá Makeup Colorkey Hương Hoa Hồng Tươi Mát 100ml,133000,Colorkey,7/tháng,5.0,2,Trang điểm
Chì Kẻ Mày Xé Suri 102 Brown Màu Nâu E271,26000,Suri,32/tháng,4.9,7,Trang điểm
Bút Kẻ Mắt Nước Vacosi 24H Không Lem Màu Đen (Bản Mới) 0.6g,103000,Vacosi,8/tháng,5.0,3,Trang điểm
Phấn Nước Lime Dưỡng Ẩm No.10 Rose Beige Da Trắng Sáng 20g,268000,Lime,3/tháng,0,0,Trang điểm
Son Kem Lì Judydoll Đầu Bông - N04 Đỏ Lựu 1.8g,98000,Judydoll,9/tháng,0,0,Trang điểm
Mascara Mlen Diary 2 Đầu 4 Trong 1 8g,85000,Mlen Diary,10/tháng,0,0,Trang điểm
Bút Kẻ Mắt Nước Judydoll Siêu Mảnh - 02 Nâu Đậm 0.4g (Mới),143000,Judydoll,6/tháng,5.0,1,Trang điểm
"Son Dưỡng Bioderma Dạng Sáp Làm Dịu Môi Khô, Nứt Nẻ 4g",134000,Bioderma,6/tháng,5.0,5,Trang điểm
Son Môi Colorkey Nhung Mờ O106 Sunset Red Tea 2g,99000,Colorkey,8/tháng,0,0,Trang điểm
Son Tint 3CE Lâu Trôi Màu Yay Or Nay - Đỏ Cam 4.5g,283000,3CE,3/tháng,5.0,1,Trang điểm
Cọ Khối & Má Hồng Vacosi M09,84000,Vacosi,9/tháng,5.0,1,Trang điểm
Son Lì B.O.M 802 Đỏ Cherry (Bản Giới Hạn 2024) 3.1g,268000,B.O.M,3/tháng,5.0,2,Trang điểm
Son Kem Lì Colorkey O302 Cam Ánh Hồng 1.8g,99000,Colorkey,8/tháng,5.0,2,Trang điểm
Lông Mi Giả Mlen Diary Anime - Hộp Nhỏ,60000,Mlen Diary,13/tháng,5.0,3,Trang điểm
Son Thỏi Lì BYS Mịn Môi L342 Queen Of The Night - Đỏ Cherry 3.5g,144000,BYS,5/tháng,5.0,6,Trang điểm
Son Tint Judydoll Căng Bóng Mát Lạnh - 04 Đỏ Nâu Trầm 2.4g,135000,Judydoll,6/tháng,4.5,2,Trang điểm
Xịt Khóa Makeup BYS Lâu Trôi Tinh Chất Thảo Dược 80ml,272000,BYS,3/tháng,5.0,15,Trang điểm
"Son Dưỡng LipIce Hương Trà Dâu, Màu Đỏ Cam 2.4g",64000,LipIce,11/tháng,5.0,15,Trang điểm
Mascara Australis Làm Dày Mi Chống Thấm Nước Lâu Trôi 6g,232000,australis,3/tháng,5.0,6,Trang điểm
Phấn Nước Silkygirl Tông Tự Nhiên 02 Natural Medium 15g,171000,Silkygirl,5/tháng,4.8,12,Trang điểm
Bộ Cọ Trang Điểm Vacosi 12 Cây Kèm Ví Xanh Rêu - BC35,346000,Vacosi,3/tháng,0,0,Trang điểm
Kem Che Khuyết Điểm The Saem - Peach Beige 9.5g,149000,The SAEM,5/tháng,4.7,3,Trang điểm
Bảng Phấn Mắt Judydoll 7 Màu - 17 Tông Hồng Khói 8.5g,228000,Judydoll,4/tháng,0,0,Trang điểm
Kem Nền Australis Sáng Mỏng Mịn Màu Natural 30ml (Mới),229000,australis,3/tháng,5.0,7,Trang điểm
Bông Phấn Cushion Vacosi BP22 (1 Cái),18000,Vacosi,38/tháng,5.0,1,Trang điểm
Son Lì Australis Mềm Mịn #Retro - Đỏ Cam 3.2g,228000,australis,3/tháng,5.0,16,Trang điểm
Cọ Má & Khối Vacosi Đầu Xéo M24,62000,Vacosi,11/tháng,5.0,1,Trang điểm
Son Kem Lì Mastige Velvet Lâu Trôi Màu V7 Đỏ Hồng Đất 4.5ml,189000,Mastige,4/tháng,5.0,4,Trang điểm
Phấn Nước BYS Mịn Lì Ivory - Tông Da Sáng 10g,359000,BYS,2/tháng,5.0,16,Trang điểm
Kềm Cắt Da Kềm Nghĩa Thép Chuyên Dụng Mạ Mờ D.401,61000,Kềm Nghĩa,11/tháng,5.0,3,Trang điểm
Son Lì B.O.M 806 My Rose - Hồng Đất 3.5g,274000,B.O.M,3/tháng,4.8,10,Trang điểm
Son Mịn Lì B.O.M #05 Whisky Brown - Đỏ Nâu 3.3g,161000,B.O.M,5/tháng,5.0,1,Trang điểm
Son Kem Lì Mastige Velvet Lâu Trôi Màu V5 Cam San Hô 4.5ml,189000,Mastige,4/tháng,5.0,4,Trang điểm
Son Mịn Lì B.O.M #02 Smoked Coral - Đỏ San Hô 3.3g,274000,B.O.M,3/tháng,5.0,1,Trang điểm
Son Mịn Lì B.O.M #04 Mellow Pumpkin - Cam Đất 3.3g,274000,B.O.M,3/tháng,5.0,1,Trang điểm
Giấy Thấm Dầu Mayan Oil Control Paper (200 Tờ/Gói),28000,Mayan,23/tháng,4.9,24,Trang điểm
Son Tint Lilybyred Siêu Lì 12 Black Rose Apple - Đỏ Gạch Trầm 4g,243000,Lilybyred,3/tháng,5.0,6,Trang điểm
Son Thỏi Naris Cosmetics Mịn Môi 105 - Cam Ánh Đỏ 3g,199000,Naris Cosmetics,4/tháng,4.8,6,Trang điểm
Mascara Kissme Nâng Cong Và Dày Mi Màu Đen 6g,201000,Kissme,4/tháng,5.0,6,Trang điểm
Son Thỏi Naris Cosmetics Mịn Môi 103 - Hồng Cam 3g,199000,Naris Cosmetics,4/tháng,4.8,6,Trang điểm
Son Dưỡng Môi Vaseline Chiết Xuất Bơ Cacao 4.8g,64000,Vaseline,10/tháng,4.9,22,Trang điểm
Phấn Nước Nookoi Che Phủ - C21 Beige Tông Da Lạnh 12g,313000,Nookoi,3/tháng,5.0,1,Trang điểm
Phấn Phủ Maybelline Mịn Lì Kiềm Dầu 220 Natural Beige 8.5g,158000,Maybelline,4/tháng,4.8,6,Trang điểm
Sáp Dưỡng Môi Nuxe Cho Môi Khô & Bị Tổn Thương Dạng Hũ 15g,404000,Nuxe,2/tháng,5.0,11,Trang điểm
Son Kem Lì Black Rouge A05 Marmalade - Đỏ Mứt Cam 4.5g,185000,Black Rouge,4/tháng,5.0,4,Trang điểm
Son Kem Lì Black Rouge A50 Soldout Chili - Sắc Đỏ Chili 4.5ml,189000,Black Rouge,4/tháng,4.0,1,Trang điểm
Phấn Phủ Judydoll Dạng Bột Kiềm Dầu - 01 Trong Suốt 12g,270000,Judydoll,3/tháng,0,0,Trang điểm
Phim Thấm Dầu Acnes Oil Remover Film 50 Tờ,54000,Acnes,12/tháng,5.0,2,Trang điểm
Phấn Má Hồng Maybelline Mịn Lì 50 Revolutionary - Hồng Đất 4.5g,128000,Maybelline,5/tháng,5.0,8,Trang điểm
Má Hồng Kem Maybelline Căng Mọng - 08 Nâu Mocha 4.7ml,156000,Maybelline,4/tháng,5.0,1,Trang điểm
Bút Kẻ Mắt Lemonade SuperTiger Siêu Mảnh Brown - Màu Nâu 1g (Mới),139000,Lemonade,5/tháng,0,0,Trang điểm
Bảng Phấn Mắt & Mặt Silkygirl 01 Berry Burst 12.6g,99000,Silkygirl,6/tháng,4.7,3,Trang điểm
Kem Lót Silkygirl Nâng Tông SPF 50 PA+++ 25ml,148000,Silkygirl,4/tháng,5.0,1,Trang điểm
Son Dưỡng Ma:nyo Giàu Độ Ẩm Từ Dưa Hấu Và Trái Cây 4ml,127000,Ma:nyo,5/tháng,4.5,2,Trang điểm
Kem Nền CC Cathy Doll Màu Sáng 01 Light Beige 50g,290000,Cathy Doll,2/tháng,5.0,1,Trang điểm
Son Dưỡng Môi Vaseline Chiết Xuất Lô Hội 4.8g,64000,Vaseline,9/tháng,4.9,22,Trang điểm
Bông Giọt Nước Vạt Xéo Vacosi Pro PH04 (Hộp 1 Cái),56000,Vacosi,10/tháng,0,0,Trang điểm
"Son Dưỡng Mentholatum Chuyên Biệt Cho Môi Khô, Nứt Nẻ 4.3g",59000,LipIce,10/tháng,4.9,15,Trang điểm
Dao Cạo Lông Mày KAI Groom Eyebrow Razor (3 Cây),43000,KAI,13/tháng,5.0,13,Trang điểm
Bảng Che Khuyết Điểm Judydoll 3 Màu - 01 Che Phủ Cao 2.7g,143000,Judydoll,4/tháng,0,0,Trang điểm
Mascara B.O.M Làm Dày & Cong Mi 01 Màu Đen 8g,278000,B.O.M,2/tháng,5.0,1,Trang điểm
Son Kem Lì B.O.M #H RD 103 Maple Red - Đỏ Ánh Nâu 8.5g,360000,B.O.M,2/tháng,4.8,13,Trang điểm
Son Thỏi 3CE Mềm Môi 10 Dreamy - Hồng Mơ 3.5g,283000,3CE,2/tháng,5.0,1,Trang điểm
Son Dưỡng LipIce Hiệu Chỉnh Sắc Môi - Đỏ Gạch 2.4g,61000,LipIce,9/tháng,4.9,20,Trang điểm
Son Kem Bùn & Má Hồng Into You - 302 Đỏ Nhung 5g (Hũ),120000,Into You,5/tháng,0,0,Trang điểm
Son Kem Lì Judydoll Đầu Bông - N05 Hồng Đất 1.8g,98000,Judydoll,6/tháng,0,0,Trang điểm
Phấn Phủ Maybelline Mịn Lì Kiềm Dầu 120 Classic Ivory 8.5g,178000,Maybelline,3/tháng,4.8,6,Trang điểm
Phấn Má Hồng 3CE Youth Pink - Hồng Lạnh 4.5g,283000,3CE,2/tháng,0,0,Trang điểm
Son Dưỡng Có Màu Australis Cấp Ẩm #Silk 1.4g,176000,australis,3/tháng,5.0,10,Trang điểm
Son Môi Colorkey Nhung Mờ R107 Twilight Rose 2g,99000,Colorkey,6/tháng,0,0,Trang điểm
Mút Tán Nền Trang Điểm Mastige Kháng Khuẩn Màu Cam Đậm,39000,Mastige,14/tháng,0,0,Trang điểm
Kem Che Khuyết Điểm Maybelline Mịn Lì 20 Sand 6.8ml,130000,Maybelline,4/tháng,4.9,14,Trang điểm
Bút Kẻ Mắt Nước Judydoll Siêu Mảnh - 01 Đen 0.4g (Mới),134000,Judydoll,4/tháng,5.0,1,Trang điểm
Mút Trang Điểm Horus 3D Beauty Sponge Vát Chéo Màu Đen,27000,Horus,19/tháng,4.5,2,Trang điểm
"Kem Lót Australis Kiềm Dầu, Che Lỗ Chân Lông 30ml",255000,australis,2/tháng,5.0,1,Trang điểm
Phấn Má Hồng Judydoll Mềm Mịn Tự Nhiên - 06 Cam Sữa 2g,84000,Judydoll,7/tháng,4.0,1,Trang điểm
Phấn Nước Judydoll Lâu Trôi Che Phủ Cao - N20 14g,306000,Judydoll,2/tháng,0,0,Trang điểm
Son Dưỡng LipIce Hiệu Chỉnh Sắc Môi - Hồng Cam 2.4g,69000,LipIce,8/tháng,4.9,20,Trang điểm
Son Kem Lì Judydoll Đầu Bông - N03 Đỏ Gạch 1.8g,92000,Judydoll,6/tháng,0,0,Trang điểm
Dao Cạo Lông Mày Vacosi DC06 (2 Cây),45000,Vacosi,11/tháng,5.0,2,Trang điểm
Son Tint Judydoll Căng Mọng - N05 Hồng Sung Sữa 2.4g,116000,Judydoll,5/tháng,0,0,Trang điểm
Bảng Phấn Mắt & Mặt Silkygirl 02 Juicy Peach 12.6g,99000,Silkygirl,5/tháng,4.7,3,Trang điểm
Nước Tẩy Trang Mắt Môi L'Oréal Dịu Nhẹ Cho Da 125ml,164000,L'Oreal,3/tháng,5.0,1,Trang điểm
Son Lì B.O.M #810 My Brick Red - Đỏ Gạch 3.5g,161000,B.O.M,4/tháng,4.8,10,Trang điểm
Bộ 4 Món Chăm Sóc Móng Kềm Nghĩa Mạ Vàng MD.32 (Xanh),272000,Kềm Nghĩa,2/tháng,0,0,Trang điểm
Chì Kẻ Mày Judydoll 2 Đầu Bền Màu - 01 Xám Đen,163000,Judydoll,3/tháng,0,0,Trang điểm
Son Tint Judydoll Căng Bóng Mát Lạnh - 11 Hồng Vỏ Đỗ 2.4g,109000,Judydoll,5/tháng,4.5,2,Trang điểm
Bấm Mi Vacosi Classic Lò Xo BM01,44000,Vacosi,11/tháng,4.8,19,Trang điểm
Bộ Nookoi Son Kem Lì Màu R22 4g + Son Tint Màu T11 3.8g,158000,Nookoi,4/tháng,5.0,1,Trang điểm
"Tinh Chất Dưỡng Môi Senka Cấp Ẩm & Ngừa Khô, Nẻ Môi 10g",73000,Senka,7/tháng,5.0,3,Trang điểm
Che Khuyết Điểm Aperire Mỏng Nhẹ Lâu Trôi - 03 Beige 4.5ml,150000,Aperire,4/tháng,5.0,4,Trang điểm
Phấn Phủ Australis Kiềm Dầu 2in1 #Nude 12g,239000,australis,2/tháng,5.0,26,Trang điểm
Kẻ Viền Mắt Trong Browit Dạng Sáp Màu Đen Midnight Black 0.1g,94000,Browit,6/tháng,4.8,4,Trang điểm
Che Khuyết Điểm Aperire Mỏng Nhẹ Lâu Trôi - 01 Pure 4.5ml,156000,Aperire,4/tháng,5.0,4,Trang điểm
Mút Tán Nền Trang Điểm Mastige Kháng Khuẩn Màu Hồng Đậm,39000,Mastige,12/tháng,0,0,Trang điểm
Bấm Mi Vacosi Full Thân Xám BM02,46000,Vacosi,10/tháng,4.8,19,Trang điểm
Mascara Australis Làm Dày Mi & Dưỡng Ẩm 8g,228000,australis,2/tháng,5.0,7,Trang điểm
"Kem Nền B.O.M Che Phủ Cao, Lâu Trôi #21 Rosy Beige 30ml",529000,B.O.M,1/tháng,5.0,4,Trang điểm
Kem Nền Colorkey Kiềm Dầu Màu W1 Da Trung Bình Sáng 30g,222000,Colorkey,3/tháng,0,0,Trang điểm
Son Dưỡng Môi Nivea Ban Đêm Lavender Cấp Ẩm Phục Hồi 4.8g,75000,Nivea,6/tháng,4.5,2,Trang điểm
Son Tint Colorkey Gương Bóng R702 Đỏ Rượu Táo Tàu 1.7g,99000,Colorkey,5/tháng,0,0,Trang điểm
Bảng Phấn Mắt Baby Bright Glowy Peach Tông Cam Đào 0.7g,108000,Baby Bright,5/tháng,4.7,3,Trang điểm
Son Dưỡng Lipice Trái Cây Berry - Đỏ Mọng 4g,84000,LipIce,6/tháng,4.9,11,Trang điểm
Phấn Tạo Khối Too Cool For School 01 Màu Đậm 9.5g,216000,Too cool for school,2/tháng,5.0,8,Trang điểm
Kem Che Khuyết Điểm Lemonade Màu A00 - Da Trắng Sáng 3g (Mới),126000,Lemonade,4/tháng,5.0,1,Trang điểm
Cọ Môi Vacosi Có Nắp Đậy L01,28000,Vacosi,15/tháng,5.0,4,Trang điểm
Son Dưỡng Môi Nivea Hương Đào 4.8g,68000,Nivea,7/tháng,4.7,18,Trang điểm
Kẹp Bấm Mi Mastige Siêu Cong Cao Cấp Không Gãy Mi Màu Bạc,79000,Mastige,6/tháng,5.0,1,Trang điểm
Chì Kẻ Mày BYS Siêu Mảnh Lâu Trôi Brown - Nâu Tự Nhiên 0.06g,135000,BYS,4/tháng,5.0,10,Trang điểm
Kéo Tỉa Lông Kềm Nghĩa Thép Không Gỉ Đầu Tròn KM.604,46000,Kềm Nghĩa,9/tháng,0,0,Trang điểm
Cọ Phủ & Má Hồng Vacosi Đầu Tròn M27,99000,Vacosi,4/tháng,5.0,1,Trang điểm
Son Kem Bùn & Má Hồng Into You - EM10 Hồng Nâu 2g (Thỏi),111000,Into You,4/tháng,5.0,2,Trang điểm
Cọ Má & Highlight Vacosi Hình Quạt Bầu M33,56000,Vacosi,7/tháng,5.0,1,Trang điểm
"Mascara Maybelline Uốn Mi, Nâng Mi và Làm Dày Mi 8.6ml",195000,Maybelline,2/tháng,4.8,5,Trang điểm
"Kem Lót B.O.M Cấp Ẩm, Đều Màu Da 30ml",478000,B.O.M,1/tháng,5.0,1,Trang điểm
"Bảng Phấn Mắt Australis 20 Màu Dạng Lì, Ánh Nhũ 20g",388000,australis,1/tháng,4.9,14,Trang điểm
Cọ Tạo Khối Mũi Vacosi Đầu Dẹp N01,34000,Vacosi,12/tháng,5.0,1,Trang điểm
Bấm Mi Mira B616,51000,Mira,8/tháng,5.0,11,Trang điểm
"Combo 2 Tinh Chất Dưỡng Môi Torriden Căng Mọng, Cấp Ẩm 11ml",150000,Torriden,3/tháng,4.7,7,Trang điểm
Má Hồng Silkygirl Dạng Thỏi Màu Cam Đào 04 Nectarine 4g,93000,Silkygirl,5/tháng,4.0,1,Trang điểm
Lông Mi Giả Mlen Diary Anime - Hộp Lớn,136000,Mlen Diary,3/tháng,5.0,3,Trang điểm
Hộp Đựng Mút Hotosu Silicone Cao Cấp (Màu Hồng Nhạt),29000,Hotosu,13/tháng,0,0,Trang điểm
Son Tint Lì Mastige Blur Lâu Trôi Màu B1 Hồng Dâu 3.8g,189000,Mastige,2/tháng,5.0,2,Trang điểm
Bút Kẻ Mắt Lemonade SuperTiger Siêu Mảnh Black - Màu Đen 1g (Mới),172000,Lemonade,3/tháng,0,0,Trang điểm
"Son Dưỡng LipIce Thỏ Bảy Màu Hương Trà Đào, Hồng Cam 2.4g",68000,LipIce,6/tháng,5.0,15,Trang điểm
Son Dưỡng Judydoll Có Màu Cấp Ẩm - 01 Hồng Nude 3g,175000,Judydoll,3/tháng,5.0,2,Trang điểm
Kem Nền Silkygirl Skin Perfect 01 Light Màu Sáng 25ml,133000,Silkygirl,3/tháng,5.0,4,Trang điểm
Son Dưỡng Judydoll Có Màu Cấp Ẩm - 05 Trà Chanh 3g,159000,Judydoll,3/tháng,5.0,2,Trang điểm
Son Dưỡng Lipice Trái Cây Strawberry - Hồng Dâu Dịu Ngọt 4g,84000,LipIce,5/tháng,4.9,11,Trang điểm
Che Khuyết Điểm Và Tạo Khối Australis Tông Tự Nhiên 7.5ml (Mới),176000,australis,2/tháng,4.8,6,Trang điểm
Son Dưỡng Có Màu Australis Cấp Ẩm #Foxy 1.4g,176000,australis,2/tháng,5.0,10,Trang điểm
Bấm Mi Mira Aroma - C262,38000,Mira,10/tháng,0,0,Trang điểm
Son Kem Lì Glamrr Q 09 Hei Hei - Đỏ Hồng Đào 5g,175000,Glamrr Q,2/tháng,5.0,1,Trang điểm
Son Kem Lì B.O.M #H BG 503 Cinnamon Beige - Cam Da Đất 8.5g,171000,B.O.M,3/tháng,4.8,13,Trang điểm
Lông Mi Giả Mlen Diary Hướng Dương - Hộp Nhỏ,71000,Mlen Diary,5/tháng,0,0,Trang điểm
Dao Cạo Lông Mày KAI Face Eyebrow Razor (1 Cây),11000,KAI,31/tháng,4.3,3,Trang điểm
Kem Nền Australis Bắt Sáng Che Phủ Cao Màu Light Neutral 30ml,340000,australis,1/tháng,5.0,14,Trang điểm
Son Kem Lì Mastige Velvet Lâu Trôi Màu V1 Đỏ Thuần 4.5ml,189000,Mastige,2/tháng,5.0,4,Trang điểm
Lót Dưỡng Môi Naris Ngừa Nhăn Và Bảo Vệ Môi 10g,264000,Naris Cosmetics,2/tháng,5.0,1,Trang điểm
Bút Kẻ Mắt Nước Judydoll Siêu Mảnh - 04 Nâu Xám 0.4g (Mới),132000,Judydoll,3/tháng,5.0,1,Trang điểm
"Mascara Judydoll 2 Đầu Làm Cong, Dài & Dày Mi - 01 Đen",201000,Judydoll,2/tháng,0,0,Trang điểm
Bảng Phấn Mắt Baby Bright Bright Pink Tông Hồng 0.7g,99000,Baby Bright,4/tháng,4.7,3,Trang điểm
Son Mịn Lì B.O.M #03 Bright Rose - Đỏ Tươi 3.3g,274000,B.O.M,2/tháng,5.0,1,Trang điểm
Combo Judydoll Bảng Highlight Và Tạo Khối 01 Tông Lạnh & Phấn Má Hồng 44 Hồng Sữa 9g+2g,414000,Judydoll,1/tháng,0,0,Trang điểm
Phấn Má Hồng Lilybyred 01 Loveable Coral - Hồng Cam Đào 4.7g,164000,Lilybyred,2/tháng,4.0,1,Trang điểm
Son Dưỡng innisfree Không Màu Chiết Xuất Mật Ong 3.5g (Mới),137000,innisfree,3/tháng,5.0,1,Trang điểm
Phấn Phủ Maybelline Mịn Lì Kiềm Dầu 130 Buff Beige 8.5g,161000,Maybelline,2/tháng,4.8,6,Trang điểm
Bộ Cọ Trang Điểm Vacosi 10 Cây Kèm Ví Hồng - BC34,321000,Vacosi,1/tháng,0,0,Trang điểm
Son Thỏi Naris Cosmetics Mịn Môi 100 - Hồng Phớt 3g,316000,Naris Cosmetics,2/tháng,4.8,6,Trang điểm
"Son Dưỡng LipIce Hương Trà Sữa, Màu Hồng Cam Đất 2.4g",64000,LipIce,5/tháng,5.0,15,Trang điểm
Bộ 3 Bông Phấn Lemonade Tán Kem Nền,80000,Lemonade,4/tháng,0,0,Trang điểm
Phấn Nước Nookoi Che Phủ - W23 Sand Tông Da Ấm 12g,313000,Nookoi,2/tháng,5.0,1,Trang điểm
Miếng Dán Kích Mí Lưới Mlen Diary Cho Mắt Chùng 100 Miếng,68000,Mlen Diary,5/tháng,0,0,Trang điểm
Phấn Má Hồng Vacosi Lolipop O1 Sweet Orange 5.6g,71000,Vacosi,5/tháng,4.0,1,Trang điểm
Giấy Thấm Dầu Mayan Oil Control Paper (100 Tờ/Gói),15000,Mayan,21/tháng,4.9,24,Trang điểm
Cọ Phấn Mắt Vacosi 2 Đầu Cán Dài E2E,48000,Vacosi,7/tháng,4.8,8,Trang điểm
Son Tint Judydoll Căng Bóng Mát Lạnh - 07 Đỏ Rượu 2.4g,151000,Judydoll,3/tháng,4.5,2,Trang điểm
Son Tint Judydoll Căng Bóng Mát Lạnh - 05 Cam Mơ 2.4g,135000,Judydoll,3/tháng,4.5,2,Trang điểm
Mascara Lông Mày Lilybyred Lâu Trôi 01 Nâu Sáng 3.5g,151000,Lilybyred,3/tháng,5.0,1,Trang điểm
Bông Cushion Vacosi 2 Mặt Màu Tím BP53 (Túi 2 Cái),34000,Vacosi,9/tháng,4.0,1,Trang điểm
Dao Cạo Mày Và Mặt Hotosu Cao Cấp Màu Xanh (1 Cây),15000,Hotosu,20/tháng,0,0,Trang điểm
Son Dưỡng Môi Nivea Hương Dâu 4.8g,52000,Nivea,6/tháng,4.7,18,Trang điểm
Dao Cạo Lông Mày KAI Lưỡi Đơn Cán Ngắn CAML-3P4 (3 Cây),30000,KAI,10/tháng,0,0,Trang điểm
Phấn Má Hồng 3CE How Dare - Hồng Nâu 4.5g,283000,3CE,2/tháng,0,0,Trang điểm
Kem Nền Australis Siêu Nhẹ Tông Hồng Kem #Honeydew 30ml,299000,australis,1/tháng,4.9,14,Trang điểm
Kem Lót Silkygirl Cấp Ẩm Căng Bóng 15ml,162000,Silkygirl,2/tháng,0,0,Trang điểm
Son Kem Lì Espoir 1 Cozy Màu Cam Đào 5.5g,298000,Espoir,1/tháng,0,0,Trang điểm
Bông Cushion Vacosi Xỏ Ngón Mini Màu Đen BP55 (5 Cái),33000,Vacosi,9/tháng,5.0,1,Trang điểm
"Combo Judydoll Bút Kẻ Mắt Nước Siêu Mảnh 02 Nâu (Mới) 0.4g + Mascara Làm Cong, Dài & Tơi Mi 02 Nâu 2g",270000,Judydoll,2/tháng,0,0,Trang điểm
Son Kem Bùn & Má Hồng Into You - EM08 Đỏ Gạch 2g (Thỏi),111000,Into You,3/tháng,5.0,2,Trang điểm
Kẻ Mắt Nước Silkygirl Không Trôi 2.5ml,97000,Silkygirl,4/tháng,4.0,2,Trang điểm
Kẹp Bấm Mi Mastige Siêu Cong Cao Cấp Không Gãy Mi Màu Đen,79000,Mastige,4/tháng,5.0,1,Trang điểm
Cọ Phủ Vacosi Cỡ Lớn M23,99000,Vacosi,3/tháng,5.0,1,Trang điểm
Lông Mi Giả Tự Dính Mlen Diary Bồ Công Anh,98000,Mlen Diary,3/tháng,4.0,1,Trang điểm
Bộ 4 Cọ Trang Điểm & 1 Bông Phấn Vacosi - SC05 - Phiên Bản Golden Dragon,211000,Vacosi,2/tháng,0,0,Trang điểm
Mút Trang Điểm Horus 3D Beauty Sponge Hình Giọt Nước Màu Đỏ,27000,Horus,11/tháng,4.5,2,Trang điểm
"Mascara BYS Làm Dày, Dài, Cong Mi Màu Đen 10ml",144000,BYS,2/tháng,5.0,15,Trang điểm
Son Thỏi Lì BYS Mịn Môi L341 Idolise - Hồng Đất 3.5g,144000,BYS,2/tháng,5.0,6,Trang điểm
Son Lì Naris Ailus Mịn Môi Màu 02 Đỏ Cam 4g,99000,Naris Cosmetics,3/tháng,4.7,3,Trang điểm
Son Kem Lì Judydoll Đầu Bông - N01 Cam Đào 1.8g,92000,Judydoll,4/tháng,0,0,Trang điểm
Son Tint 3CE Lâu Trôi Màu Tan - Đỏ Nâu Gạch 4.5g,276000,3CE,2/tháng,5.0,1,Trang điểm
Phấn Má Hồng Silkygirl 02 Hồng Đào Ngọt Ngào,114000,Silkygirl,3/tháng,0,0,Trang điểm
Chì Mày Vacosi Định Hình Đa Năng 03 Nâu Đen 5ml,94000,Vacosi,3/tháng,4.6,16,Trang điểm
Xịt Khóa Makeup Silkygirl Lâu Trôi Slay All Day 70ml,149000,Silkygirl,2/tháng,0,0,Trang điểm
Son Lì B.O.M #808 My Warm Red - Đỏ Đất 3.5g,272000,B.O.M,2/tháng,4.8,10,Trang điểm
Kem Che Khuyết Kiểm B.O.M 23 Natural Da Trung Bình Sáng 5.5g,321000,B.O.M,1/tháng,0,0,Trang điểm
"Giấy Thấm Dầu Acnes Kiểm Soát Nhờn, Ngừa Mụn 100 Tờ",26000,Acnes,11/tháng,5.0,8,Trang điểm
Son Kem Lì B.O.M #H RD 102 Vampire Red - Đỏ Rượu 8.5g,347000,B.O.M,1/tháng,4.8,13,Trang điểm
Nước Tẩy Trang Mắt Môi Silkygirl 55ml,92000,Silkygirl,4/tháng,4.3,3,Trang điểm
Son Kem Lì B.O.M #H BG 502 Sunset Brown - Cam Da 8.5g,360000,B.O.M,1/tháng,4.8,13,Trang điểm
Chì Kẻ Mày Judydoll Dạng Gel Lâu Trôi - 04 Xám Khói 0.15g,110000,Judydoll,3/tháng,0,0,Trang điểm
Son Lì B.O.M #811 My Fancy Red - Đỏ Rượu 3.5g,274000,B.O.M,2/tháng,4.8,10,Trang điểm
Son Kem Bùn & Má Hồng Into You - 342 Hồng Đất 5g (Hũ),120000,Into You,3/tháng,0,0,Trang điểm
Son Bóng 3CE Dạng Gel Màu Youth 4g,257000,3CE,2/tháng,0,0,Trang điểm
Phấn Má Hồng & Bắt Sáng Judydoll 4 Màu - 03 Tông Lạnh 9g,200000,Judydoll,2/tháng,0,0,Trang điểm
Chì Kẻ Mắt B.O.M Siêu Mảnh Lâu Trôi 04 Màu Nâu Tự Nhiên 0.1g,132000,B.O.M,3/tháng,5.0,2,Trang điểm
Phấn Má Hồng & Bắt Sáng Judydoll 4 Màu - 02 Mọi Tông Da 9g,201000,Judydoll,2/tháng,0,0,Trang điểm
Chì Kẻ Mắt B.O.M Siêu Mảnh Lâu Trôi 01 Màu Đen 0.1g,232000,B.O.M,2/tháng,5.0,2,Trang điểm
Nhíp Đầu Xéo Kềm Nghĩa Thép Không Gỉ N.401XL (Xanh Lá),32000,Kềm Nghĩa,9/tháng,5.0,1,Trang điểm
Lông Mi Giả Mlen Diary Mặt Trời - Hộp Lớn,114000,Mlen Diary,3/tháng,0,0,Trang điểm
Son Dưỡng LipIce Hiệu Chỉnh Sắc Môi Hương Tinh Khiết 2.4g,65000,LipIce,5/tháng,5.0,2,Trang điểm
Má Hồng Silkygirl Dạng Thỏi Màu Hồng Đào 01 Peach 4g,93000,Silkygirl,3/tháng,4.0,1,Trang điểm
Sữa Dưỡng Thể Nivea Sáng Da Ban Đêm Từ 8 Super Food 350ml,107000,Nivea,726/tháng,4.9,53,Dưỡng thể
Serum Dưỡng Thể Vaseline Chống Nắng Sáng Da 300ml (Mới),117000,Vaseline,237/tháng,4.8,12,Dưỡng thể
Combo Sữa Dưỡng Thể Vaseline Ban Đêm 300ml (Mới) + Sữa Rửa Mặt Simple 50ml (Ngẫu Nhiên),120000,Vaseline,0,0,0,Dưỡng thể
Combo Sữa Dưỡng Thể Vaseline Ban Ngày 300ml (Mới) + Sữa Rửa Mặt Simple 50ml (Ngẫu Nhiên),120000,Vaseline,0,0,0,Dưỡng thể
Kem Dưỡng Thể Paula’s Choice 10% AHA Làm Sáng Da 210ml,708000,Paula's Choice,38/tháng,4.9,19,Dưỡng thể
Combo 2 Sữa Dưỡng Thể Nivea Sáng Da Ban Đêm Từ 8 Super Food 350ml,204000,Nivea,124/tháng,4.9,53,Dưỡng thể
Combo 2 Sữa Dưỡng Thể Nivea Phục Hồi & Dưỡng Sáng Da Ngày & Đêm (350ml/chai),204000,Nivea,111/tháng,4.9,53,Dưỡng thể
Sữa Dưỡng Thể Nivea Mịn Mượt Sáng Da Ban Ngày 550ml,148000,Nivea,147/tháng,4.9,53,Dưỡng thể
Combo 2 Sữa Dưỡng Thể Vaseline Sáng Da Chuyên Sâu Ban Đêm (330ml/chai),202000,Vaseline,105/tháng,4.9,22,Dưỡng thể
Serum Dưỡng Thể Nivea Sáng Da Ban Đêm 180ml,114000,Nivea,156/tháng,5.0,12,Dưỡng thể
Sữa Dưỡng Thể Vaseline Gluta-Hya Nâng Tông Tức Thì 300ml,124000,Vaseline,139/tháng,4.7,15,Dưỡng thể
Serum Chống Nắng Dưỡng Thể Bioré Sáng Mịn Mát Lạnh 230ml,163000,Bioré,79/tháng,4.9,38,Dưỡng thể
Sữa Dưỡng Thể Nivea Phục Hồi & Chống Nắng Ban Ngày 350ml,120000,Nivea,101/tháng,4.9,53,Dưỡng thể
Kem Dưỡng Neothera Sáng Da Giảm Thâm Vùng Nách 35ml,135000,Neothera,87/tháng,0,0,Dưỡng thể
Sữa Dưỡng Thể Hatomugi Làm Sáng Da Ban Đêm 400ml,85000,Hatomugi,125/tháng,4.7,40,Dưỡng thể
Sữa Dưỡng Thể Nivea Dưỡng Ẩm Chuyên Sâu 48H 550ml,125000,Nivea,73/tháng,4.7,10,Dưỡng thể
Combo Vaseline Serum Dưỡng Thể Chống Nắng 300ml + Sữa Dưỡng Thể Nâng Tông 300ml,278000,Vaseline,31/tháng,5.0,1,Dưỡng thể
"Dầu Chăm Sóc Da Bio-Oil Làm Giảm Rạn Da, Mờ Sẹo 60ml",152000,Bio-Oil,52/tháng,5.0,75,Dưỡng thể
Sữa Dưỡng Thể Vaseline Sáng Da Tức Thì 320ml,93000,Vaseline,84/tháng,4.9,81,Dưỡng thể
Sữa Dưỡng Thể Vaseline Dịu Mát Sáng Da 350ml,99000,Vaseline,78/tháng,4.9,81,Dưỡng thể
"Xịt Mụn Lưng Derladie Mờ Thâm, Giảm Viêm Nang Lông 150ml",299000,Derladie,24/tháng,5.0,7,Dưỡng thể
Sữa Dưỡng Thể Bielenda Vitamin C Cấp Ẩm Sáng Da 400ml,270000,Bielenda,26/tháng,0,0,Dưỡng thể
"Serum Dưỡng Thể Nivea Sáng Da, Mờ Thâm Nám 170ml",105000,Nivea,64/tháng,5.0,9,Dưỡng thể
Serum Dưỡng Thể Vaseline Chống Nắng Phổ Rộng SPF50 PA+++ 260ml,158000,Vaseline,40/tháng,4.5,6,Dưỡng thể
Kem Dưỡng Thể White Conc Làm Sáng Da Toàn Thân 200g,200000,White Conc,26/tháng,5.0,10,Dưỡng thể
Sữa Dưỡng Ẩm Cetaphil Dịu Lành Cho Bé 400ml,229000,Cetaphil,22/tháng,5.0,3,Dưỡng thể
Mặt Nạ Serum Dưỡng Thể Vaseline Căng Mướt 330ml,99000,Vaseline,48/tháng,4.9,22,Dưỡng thể
Combo 2 Kem Dưỡng Neothera Sáng Da Giảm Thâm Vùng Nách 35ml,257000,Neothera,19/tháng,0,0,Dưỡng thể
Serum Dưỡng Thể Nivea Vitamin Super C+ Sáng Da 300ml,164000,Nivea,28/tháng,4.7,3,Dưỡng thể
Sữa Dưỡng Thể Vaseline Ngăn Ngừa Lão Hoá 350ml,99000,Vaseline,45/tháng,4.9,81,Dưỡng thể
Sữa Dưỡng Thể Hatomugi Chống Nắng Dưỡng Ẩm SPF50+ PA++++ 250ml,135000,Hatomugi,31/tháng,4.9,28,Dưỡng thể
"Dầu Chăm Sóc Da Bio-Oil Làm Giảm Rạn Da, Mờ Sẹo 200ml",391000,Bio-Oil,11/tháng,5.0,75,Dưỡng thể
Sữa Dưỡng Thể Vaseline Bảo Vệ Sáng Mịn Ban Ngày 330ml,94000,Vaseline,42/tháng,4.9,22,Dưỡng thể
Sữa Dưỡng Thể Vaseline Chống Nắng Và Sáng Da 350ml,99000,Vaseline,39/tháng,4.9,81,Dưỡng thể
Combo 2 Sữa Dưỡng Thể Vaseline Gluta-Hya Nâng Tông Tức Thì 300ml,249000,Vaseline,16/tháng,4.7,15,Dưỡng thể
Sữa Dưỡng Thể St.Ives Yến Mạch & Bơ Dưỡng Ẩm Dịu Da 621ml,191000,St.Ives,20/tháng,4.9,93,Dưỡng thể
Sữa Dưỡng Thể DrCeutics 10% Niacinamide Hỗ Trợ Sáng Da 200g,417000,DrCeutics,9/tháng,5.0,2,Dưỡng thể
Sữa Dưỡng Thể Eucerin Cho Da Nhạy Cảm 250ml,184000,Eucerin,19/tháng,5.0,5,Dưỡng thể
Serum Dưỡng Thể Nivea Giúp Phục Hồi & Chống Nắng 180ml,133000,Nivea,20/tháng,5.0,12,Dưỡng thể
Sữa Dưỡng Thể Hatomugi Chống Nắng Nâng Tông SPF31 PA+++ 250ml,135000,Hatomugi,18/tháng,4.9,28,Dưỡng thể
Kem Dưỡng Ẩm Bioderma Chuyên Sâu Cho Da Rất Khô 75ml,284000,Bioderma,8/tháng,5.0,5,Dưỡng thể
"Kem Dưỡng Caryophy Hỗ Trợ Sáng Da, Nâng Tông Cơ Thể 300g",419000,Caryophy,5/tháng,4.8,8,Dưỡng thể
"Dầu Chăm Sóc Da Bio-Oil Làm Giảm Rạn Da, Mờ Sẹo 25ml",95000,Bio-Oil,22/tháng,5.0,75,Dưỡng thể
Combo CeraVe Sữa Dưỡng Ẩm Ban Đêm 52ml + Sữa Dưỡng Ẩm Da Khô 30ml,346000,CeraVe,6/tháng,0,0,Dưỡng thể
"Combo 2 Kem Dưỡng Thể GlowCode Giúp Da Sáng Mịn, Mờ Thâm 30g",101000,GlowCode,19/tháng,0,0,Dưỡng thể
Sữa Dưỡng Thể Purité Sáng Mịn Hương Hoa Anh Đào 250ml,104000,Purité By Prôvence,18/tháng,4.8,12,Dưỡng thể
Gel Nha Đam Milaganics Dưỡng Ẩm & Làm Mềm Da 150ml,75000,Milaganics,25/tháng,4.9,26,Dưỡng thể
Sữa Dưỡng Thể St.Ives Vitamin E & Bơ Dưỡng Ẩm Da 621ml,171000,St.Ives,10/tháng,4.9,93,Dưỡng thể
Sữa Dưỡng Thể Hatomugi Chống Nắng Dưỡng Ẩm SPF31 PA+++ 250ml,109000,Hatomugi,15/tháng,4.9,28,Dưỡng thể
Combo Cetaphil Sữa Tắm Gội & Sữa Dưỡng Ẩm Dịu Lành Cho Bé Tinh Chất Hoa Cúc 400mlx2,511000,Cetaphil,3/tháng,0,0,Dưỡng thể
"Combo GlowCode Kem Tẩy Lông Giúp Lông Mọc Thưa + Kem Dưỡng Thể Sáng Mịn, Mờ Thâm 70g+30g",129000,GlowCode,11/tháng,4.5,2,Dưỡng thể
Sữa Dưỡng Ẩm Cetaphil Dịu Lành Cho Bé Tinh Chất Hoa Cúc 400ml,285000,Cetaphil,5/tháng,0,0,Dưỡng thể
Kem Dưỡng Ẩm Bioderma Cho Da Khô Nhạy Cảm 200ml,340000,Bioderma,4/tháng,5.0,4,Dưỡng thể
Combo Serum Dưỡng Thể Vaseline Chống Nắng Sáng Da 300mlx2,266000,Vaseline,5/tháng,4.8,12,Dưỡng thể
Sữa Dưỡng Thể Nivea Dưỡng Sáng Da Vitamin C & E 170ml,102000,Nivea,11/tháng,4.7,3,Dưỡng thể
Sữa Dưỡng Thể Hatomugi Làm Sáng Da Chiết Xuất Ý Dĩ 250ml,68000,Hatomugi,16/tháng,4.7,40,Dưỡng thể
Sữa Dưỡng Thể St.Ives Collagen & Elastin Trẻ Hóa Da 621ml,171000,St.Ives,6/tháng,4.9,93,Dưỡng thể
Kem Dưỡng Thể Tesori d'Oriente Hương Hoa Sen 300g,239000,Tesori d'Oriente,5/tháng,5.0,3,Dưỡng thể
Combo Sữa Dưỡng Ẩm CeraVe Cho Da Thường Đến Khô 236ml + 30ml,346000,CeraVe,3/tháng,4.7,7,Dưỡng thể
Combo CeraVe Sữa Rửa Mặt Cho Da Dầu 473ml + Sữa Dưỡng Ẩm Cho Da Khô 30ml,466000,CeraVe,2/tháng,5.0,3,Dưỡng thể
Serum Anessa Dưỡng Da Và Phục Hồi Da Sau Nắng 180ml,412000,Anessa,3/tháng,0,0,Dưỡng thể
Serum Chống Nắng Dưỡng Thể Bioré Sáng Da Mịn Màng 50ml,70000,Bioré,12/tháng,4.9,38,Dưỡng thể
Serum Dưỡng Thể Kiss My Body Chống Nắng Sexy Margarita 180g,154000,Kiss My Body,6/tháng,5.0,3,Dưỡng thể
Sữa Dưỡng Thể Kiss My Body Chống Nắng Hương Delight 200g,98000,Kiss My Body,9/tháng,0,0,Dưỡng thể
Sữa Dưỡng Ẩm CeraVe Cho Da Khô Đến Rất Khô 88ml,146000,CeraVe,6/tháng,4.7,7,Dưỡng thể
Combo 2 Sữa Dưỡng Thể Vaseline Bảo Vệ Sáng Mịn Ban Ngày (330ml/chai),202000,Vaseline,4/tháng,4.9,22,Dưỡng thể
Sữa Dưỡng Thể Kiss My Body Sáng Da Crazy In Love 226g,168000,Kiss My Body,5/tháng,5.0,4,Dưỡng thể
Sữa Dưỡng Thể Aveeno Giảm Căng Thẳng Hương Lavender 354ml,418000,Aveeno,2/tháng,0,0,Dưỡng thể
[Mini] Sữa Dưỡng Ẩm CeraVe Cho Da Khô Đến Rất Khô 30ml,19000,CeraVe,41/tháng,4.7,7,Dưỡng thể
Gel Dưỡng Da Sau Tẩy Lông Cléo Dưỡng Ẩm Và Dịu Da 50g,54000,Cléo,14/tháng,5.0,12,Dưỡng thể
Bộ Đôi Nivea Sữa Dưỡng Thể Dưỡng Ẩm & Làm Mịn Da 600mlx2,334000,Nivea,2/tháng,0,0,Dưỡng thể
Sữa Dưỡng Thể Kiss My Body Sáng Da Lost In Paradise 226g,146000,Kiss My Body,5/tháng,5.0,4,Dưỡng thể
Combo CeraVe Sữa Rửa Mặt Cho Da Khô 88ml + Sữa Dưỡng Ẩm Cho Da Khô 30ml,145000,CeraVe,4/tháng,5.0,3,Dưỡng thể
"Kem Dưỡng Thể GlowCode Giúp Da Sáng Mịn, Mờ Thâm 30g",73000,GlowCode,8/tháng,0,0,Dưỡng thể
Kem Dưỡng Avène Giảm Khô Ngứa Cho Da Viêm Thể Tạng 200ml,580000,Avène,1/tháng,4.7,3,Dưỡng thể
Sữa Dưỡng Thể Nivea Dưỡng Sáng Da Vitamin C & A 170ml,94000,Nivea,6/tháng,4.7,3,Dưỡng thể
Sữa Dưỡng Thể Kiss My Body Sáng Da Sweet Poison 226g,175000,Kiss My Body,3/tháng,5.0,4,Dưỡng thể
Serum Chống Nắng Dưỡng Thể Nivea Dưỡng Ẩm Vượt Trội 180ml,142000,Nivea,4/tháng,5.0,1,Dưỡng thể
Sữa Dưỡng Thể Vaseline Ngăn Ngừa Lão Hoá 200ml (Mới),82000,Vaseline,5/tháng,4.6,5,Dưỡng thể
[Mini] Sữa Dưỡng Thể Vaseline Sáng Mịn Da 70ml (Màu Ngẫu Nhiên),40000,Vaseline,10/tháng,5.0,1,Dưỡng thể
Combo CeraVe Sữa Rửa Mặt Cho Da Khô 473ml + Sữa Dưỡng Ẩm Cho Da Khô 30ml,379000,CeraVe,1/tháng,5.0,3,Dưỡng thể
Combo St.Ives Sữa Tắm 650ml + Dưỡng Thể 621ml Từ Yến Mạch & Bơ Hạt Mỡ Dưỡng Ẩm Dịu Da,334000,St.Ives,2/tháng,0,0,Dưỡng thể
Sữa Dưỡng Thể Eucerin Cho Da Mụn & Thâm 200ml,359000,Eucerin,1/tháng,0,0,Dưỡng thể
Sữa Dưỡng Thể Kiss My Body Chống Nắng Hương Hottie 200g,97000,Kiss My Body,3/tháng,0,0,Dưỡng thể
Combo 2 Sữa Dưỡng Thể Vaseline Sáng Da Tức Thì (320ml/chai),202000,Vaseline,2/tháng,4.5,2,Dưỡng thể
Sữa Dưỡng Thể Vaseline Sáng Da Chống Nắng Và Ô Nhiễm 200ml,78000,Vaseline,3/tháng,4.6,5,Dưỡng thể
Combo 2 Sữa Dưỡng Thể Vaseline Ngăn Ngừa Lão Hoá (350ml/chai),204000,Vaseline,2/tháng,4.5,2,Dưỡng thể
Combo 2 Sữa Dưỡng Thể Vaseline Chống Nắng & Sáng Da (350ml/chai),202000,Vaseline,2/tháng,4.5,2,Dưỡng thể
Serum Dưỡng Thể Kiss My Body Chống Nắng Classy Punch 180g,154000,Kiss My Body,2/tháng,5.0,3,Dưỡng thể
Serum Dưỡng Thể Kiss My Body Chống Nắng Hương Desire 180g,98000,Kiss My Body,2/tháng,0,0,Dưỡng thể
Sữa Dưỡng Thể Kiss My Body Chống Nắng Hương Sweetie 200g,98000,Kiss My Body,2/tháng,0,0,Dưỡng thể
Sữa Dưỡng Thể Vaseline Nâng Tông Sáng Da Tức Thì 200ml,82000,Vaseline,2/tháng,4.6,5,Dưỡng thể
Sữa Dưỡng Thể Vaseline Sáng Da Chuyên Sâu Ban Đêm 300ml (Mới),97000,Vaseline,0,4.9,22,Dưỡng thể
"Serum Dưỡng Thể Nivea Sáng Da, Mờ Thâm Nám 300ml",151000,Nivea,0,5.0,9,Dưỡng thể
"Combo Nivea Serum Dưỡng Thể Sáng Da, Mờ Thâm 300ml + Sữa Dưỡng Thể Sáng Da Ban Đêm 350ml",259000,Nivea,0,0,0,Dưỡng thể
Combo 2 Sữa Dưỡng Thể Vaseline Sáng Da Chuyên Sâu Ban Đêm 300ml (Mới),202000,Vaseline,0,4.9,22,Dưỡng thể
Mặt Nạ Serum Dưỡng Thể Vaseline Căng Mướt 300ml (Mới),99000,Vaseline,0,4.9,22,Dưỡng thể
Combo Vaseline Mặt Nạ Serum Dưỡng Thể Căng Mướt 300ml (Mới) + Serum Dưỡng Thể Chống Nắng Sáng Da 300ml (Mới),199000,Vaseline,0,0,0,Dưỡng thể
Combo Vaseline Mặt Nạ Serum Dưỡng Thể Căng Mướt 300ml (Mới) + Sữa Dưỡng Thể Sáng Da Chuyên Sâu Ban Đêm 300ml (Mới),199000,Vaseline,0,0,0,Dưỡng thể
Combo Vaseline Mặt Nạ Serum Dưỡng Thể Căng Mướt 300ml (Mới) + Sữa Dưỡng Thể Gluta-Hya Nâng Tông Tức Thì 300ml,199000,Vaseline,0,0,0,Dưỡng thể
Combo Vaseline Mặt Nạ Serum Dưỡng Thể Căng Mướt 300ml (Mới) + Serum Dưỡng Thể Chống Nắng Phổ Rộng SPF50 PA+++ 260ml,199000,Vaseline,0,0,0,Dưỡng thể
Combo 2 Mặt Nạ Serum Dưỡng Thể Vaseline Căng Mướt 300ml (Mới),202000,Vaseline,0,4.9,22,Dưỡng thể
Lotion Chống Nắng Dưỡng Thể Sunplay Nâng Tông Sáng Mịn 130g,175000,Sunplay,0,0,0,Dưỡng thể
Combo Dầu Chăm Sóc Da Bio-Oil 125ml + 25ml,389000,Bio-Oil,0,5.0,75,Dưỡng thể
Combo Mặt Nạ Serum Dưỡng Thể Vaseline 300ml (Mới) + Sữa Rửa Mặt Simple 50ml (Ngẫu Nhiên),120000,Vaseline,0,0,0,Dưỡng thể
Sữa Dưỡng Thể B.O.M Hương Nước Hoa Chiffon Vanilla 200ml,264000,B.O.M,0,5.0,1,Dưỡng thể
Sữa Dưỡng Thể Nivea Dưỡng Da Sáng Mịn Ban Ngày 350ml,121000,Nivea,0,4.9,53,Dưỡng thể
Combo 2 Sữa Dưỡng Thể Nivea Sáng Mịn Da Ngày & Đêm (350ml/chai),206000,Nivea,0,4.9,53,Dưỡng thể
Serum Dưỡng Vùng Dưới Cánh Tay Kiss My Body Sáng Mịn 45g,127000,Kiss My Body,0,0,0,Dưỡng thể
Combo CeraVe Sữa Rửa Mặt Cho Da Dầu 88ml + Sữa Dưỡng Ẩm Cho Da Khô 30ml,186000,CeraVe,0,5.0,3,Dưỡng thể
Sữa Dưỡng Thể B.O.M Hương Nước Hoa Peony Garden 200ml,264000,B.O.M,0,5.0,1,Dưỡng thể
Kem Dưỡng Thể Paula’s Choice 2% BHA Loại Bỏ Da Chết 210ml,828000,Paula's Choice,0,0,0,Dưỡng thể
Combo 2 Sữa Dưỡng Thể Vaseline Dịu Mát Sáng Da (350ml/chai),202000,Vaseline,0,4.5,2,Dưỡng thể
Combo Paula’s Choice Kem Dưỡng Thể 2% BHA Loại Bỏ Da Chết 210ml + Dung Dịch Tẩy Da Chết 2% BHA 30ml,752000,Paula's Choice,0,0,0,Dưỡng thể
Combo CeraVe Sữa Rửa Mặt Cho Da Khô 236ml + Sữa Dưỡng Ẩm Cho Da Khô 30ml,326000,CeraVe,0,5.0,3,Dưỡng thể
Serum Dưỡng Thể Kiss My Body Chống Nắng Lovely Martini 180g,154000,Kiss My Body,0,5.0,3,Dưỡng thể
Sữa Dưỡng Thể Kiss My Body Sáng Da Apple Sherbet 200g,175000,Kiss My Body,0,5.0,3,Dưỡng thể
Sữa Dưỡng Thể Kiss My Body Sáng Da Sundae Whip 200g,146000,Kiss My Body,0,5.0,3,Dưỡng thể
Sữa Dưỡng Thể B.O.M Hương Nước Hoa Petit Fig 200ml,264000,B.O.M,0,5.0,1,Dưỡng thể
"[Mini] Sữa Dưỡng Thể B.O.M Nâng Tông, Làm Sáng Da 72h 20ml",54000,B.O.M,0,4.9,8,Dưỡng thể
Combo Cocoon Làm Sạch Da Chết Và Dưỡng Ẩm Cơ Thể Từ Cà Phê,304000,Cocoon,0,0,0,Dưỡng thể
Combo Kiss My Body Sữa Tắm + Sữa Dưỡng Thể Hương Nước Hoa Sweet Poison 380ml+226g,350000,Kiss My Body,0,0,0,Dưỡng thể
Sữa Dưỡng Thể Vaseline Bảo Vệ Sáng Mịn Ban Ngày 300ml (Mới),98000,Vaseline,0,4.9,22,Dưỡng thể
Sữa Dưỡng Thể Kiss My Body Sáng Da Adore You 226g,146000,Kiss My Body,0,5.0,4,Dưỡng thể
Combo CeraVe Kem Dưỡng 340g + Sữa Dưỡng Ẩm Da Khô Đến Rất Khô 30ml,438000,CeraVe,0,5.0,1,Dưỡng thể
Combo 2 Sữa Dưỡng Thể Vaseline Sáng Mịn Da Ngày & Đêm 300ml (Mới),202000,Vaseline,0,4.9,9,Dưỡng thể
Serum Dưỡng Thể Kiss My Body Chống Nắng Hương Charm 180g,98000,Kiss My Body,0,0,0,Dưỡng thể
Combo Kiss My Body Sữa Tắm + Sữa Dưỡng Thể Hương Nước Hoa Crazy In Love 380ml+226g,350000,Kiss My Body,0,0,0,Dưỡng thể
Combo Xịt Thơm & Sữa Dưỡng Thể B.O.M Hương Nước Hoa Chiffon Vanilla 110ml+200ml,499000,B.O.M,0,0,0,Dưỡng thể
Combo Vaseline Mặt Nạ Serum Dưỡng Thể Căng Mướt 300ml (Mới) + Sữa Dưỡng Thể Bảo Vệ Sáng Mịn Ban Ngày 300ml (Mới),199000,Vaseline,0,0,0,Dưỡng thể
[HSD 07/2026] Serum Dưỡng Thể Vaseline Chống Nắng Phổ Rộng SPF50 PA+++ 260ml,111000,Vaseline,0,0,0,Dưỡng thể
Sữa Dưỡng Thể Kiss My Body Sáng Da Caramel Creamy 200g,98000,Kiss My Body,0,5.0,3,Dưỡng thể
Combo Cetaphil Sữa Tắm Gội & Sữa Dưỡng Ẩm Dịu Lành Cho Bé 400mlx2,476000,Cetaphil,0,0,0,Dưỡng thể
Combo Xịt Thơm & Sữa Dưỡng Thể B.O.M Hương Nước Hoa Peony Garden 110ml+200ml,499000,B.O.M,0,0,0,Dưỡng thể
Combo 2 Sữa Dưỡng Thể Nivea Phục Hồi & Chống Nắng Ban Ngày 350ml,215000,Nivea,0,4.9,53,Dưỡng thể
Bơ Dưỡng Thể Cocoon Chiết Xuất Cà Phê Đắk Lắk 200ml,156000,Cocoon,0,4.6,7,Dưỡng thể
Serum Dưỡng Thể Nivea Vitamin Super C+ Sáng Da 170ml,154000,Nivea,0,4.7,3,Dưỡng thể
Combo Nivea Serum Dưỡng Thể Sáng Da (10 Vitamin Mờ Thâm Nám + Vitamin C Chống Nắng) 180mlx2,254000,Nivea,0,0,0,Dưỡng thể
"Kem Dưỡng Thể The Cafuné Dưỡng Sáng, Đều Màu Da 250ml",146000,The Cafuné,0,0,0,Dưỡng thể
Combo Xịt Thơm & Sữa Dưỡng Thể B.O.M Hương Nước Hoa Petit Fig 110ml+200ml,499000,B.O.M,0,0,0,Dưỡng thể
Serum The Cafuné Ngăn Mọc Lông Chiết Xuất Hoa Cúc 20ml,85000,The Cafuné,0,0,0,Dưỡng thể
Combo 2 Sữa Dưỡng Thể Vaseline Bảo Vệ Sáng Mịn Ban Ngày 300ml (Mới),202000,Vaseline,0,4.9,22,Dưỡng thể
Combo Cocoon Túi Refill Tẩy Da Chết Toàn Thân Và Xịt Thâm Mụn Lưng,439000,Cocoon,0,0,0,Dưỡng thể
Combo Cocoon Tẩy Da Chết Toàn Thân 200ml & Xịt Thâm Mụn Lưng 140ml,304000,Cocoon,0,0,0,Dưỡng thể
Sữa Dưỡng Ẩm Cetaphil Dịu Lành Cho Da Nhạy Cảm 237ml,287000,Cetaphil,0,5.0,1,Dưỡng thể
Combo Kiss My Body Serum Dưỡng Thể Chống Nắng & Xịt Thơm Toàn Thân Lovely Martini + Tặng Phấn Má Hồng Judydoll Màu 44 (180g+88ml+2g),229000,Kiss My Body,0,0,0,Dưỡng thể
"Tinh Dầu Bạch Đàn Chanh Kutieskin Đuổi Muỗi, Giữ Ấm Cho Bé 5ml",145000,Kutieskin,0,0,0,Dưỡng thể
Kem Bôi Chàm Sữa Kutieskin Viêm Da Cho Bé 30g,188000,Kutieskin,0,0,0,Dưỡng thể
[Mini] Bộ 3 Dưỡng Thể De Memoria 5ml,49000,De Memoria,0,0,0,Dưỡng thể
Xịt Thâm Mụn Lưng Cocoon Chiết Xuất Bí Đao 140ml,212000,Cocoon,0,5.0,1,Dưỡng thể
Kem Dưỡng Ẩm Kutieskin Mềm Da Hàng Ngày Cho Bé 30g,52000,Kutieskin,0,0,0,Dưỡng thể
Kem Bôi Rạn Da Kutieskin MaMa Cho Mẹ Bầu 50g,144000,Kutieskin,0,0,0,Dưỡng thể
Kem Dưỡng Thể Sur.Medic+ Sáng Da & Nâng Tông 150ml,319000,Sur.Medic+,0,5.0,8,Dưỡng thể
"Kem Bôi Kutieskin Dịu Da Mẩn Ngứa, Hăm Cho Bé 30g",86000,Kutieskin,0,0,0,Dưỡng thể
Bộ Kutieskin Sữa Tắm Gội 200ml + Kem Dưỡng Ẩm 30g + Tinh Dầu Bạch Đàn Chanh 5ml,159000,Kutieskin,0,0,0,Dưỡng thể
Sữa Dưỡng Thể Purité Mềm Mịn Hương Hoa Hồng 250ml,104000,Purité By Prôvence,0,4.8,12,Dưỡng thể
"Combo Cléo Kem Tẩy Lông Cho Da Nhạy Cảm 50g + Gel Dưỡng Sau Tẩy Lông Dưỡng Ẩm, Dịu Da 50g",126000,Cléo,0,0,0,Dưỡng thể
Combo Sữa Dưỡng Thể Vaseline Sáng Da Chuyên Sâu Ban Đêm 330ml + Nước Tẩy Trang Simple Làm Sạch Trang Điểm 200ml,133000,Vaseline,0,0,0,Dưỡng thể
Combo Paula’s Choice Kem Dưỡng Thể 10% AHA Làm Sáng Da 210ml + Dung Dịch Tẩy Da Chết 2% BHA 30ml,743000,Paula's Choice,0,0,0,Dưỡng thể
Serum Chống Nắng Dưỡng Thể Nivea Sáng Mịn Đều Màu 180ml,193000,Nivea,0,5.0,1,Dưỡng thể
"Combo Cléo Kem Tẩy Lông Viền Bikini 50g + Gel Dưỡng Sau Tẩy Lông Dưỡng Ẩm, Dịu Da 50g",171000,Cléo,0,5.0,1,Dưỡng thể
Sữa Dưỡng Ẩm Ngừa Rạn Da Happy Event Cấp Ẩm Sâu 125g,292000,Happy Event,0,0,0,Dưỡng thể
[Mini] Gel Nha Đam Milaganics Dưỡng Ẩm & Làm Mềm Da 30ml,20000,Milaganics,0,5.0,1,Dưỡng thể
Dưỡng Chất Giảm Rạn Da Happy Event Tăng Độ Đàn Hồi 40g + Tặng Khăn Tắm Sợi Tre,489000,Happy Event,0,0,0,Dưỡng thể
Sữa Dưỡng Thể Cathy Doll Hương Nước Hoa White Moon 150ml,260000,Cathy Doll,0,5.0,3,Dưỡng thể
Gel Dưỡng Toàn Thân Curél Cấp Ẩm Chuyên Sâu 220ml,277000,Curél,0,0,0,Dưỡng thể
Kem Dưỡng Thể Beauty Buffet Dưỡng Ẩm Và Làm Mịn Da 700ml,299000,Beauty Buffet,0,5.0,1,Dưỡng thể
Sữa Dưỡng Thể Kissme Cấp Ẩm Mùi Cam Chanh Cho Bé 200g,217000,Kissme,0,0,0,Dưỡng thể
"Lotion Dưỡng Thể Hasi Sáng Da Chiết Xuất Cam, Chanh 180g",105000,HASI,0,4.8,6,Dưỡng thể
[HSD 07/2026] Sữa Dưỡng Thể Vaseline Dịu Mát Sáng Da 350ml,99000,Vaseline,0,0,0,Dưỡng thể
Sữa Dưỡng Thể Kissme Cấp Ẩm Không Mùi Hương Cho Bé 200g,220000,Kissme,0,0,0,Dưỡng thể
[HSD 07/2026] Sữa Dưỡng Thể Vaseline Sáng Da Chống Nắng Và Ô Nhiễm 200ml,59000,Vaseline,0,0,0,Dưỡng thể
Combo 2 Mặt Nạ Serum Dưỡng Thể Vaseline Căng Mướt 330ml,202000,Vaseline,0,4.9,22,Dưỡng thể
Kem Dưỡng Toàn Thân Felina Sáng Da Từ Rễ Nhân Sâm 250g,247000,Felina,0,5.0,22,Dưỡng thể
[HSD 06/2026] Sữa Dưỡng Thể Vaseline Dịu Mát Sáng Da 350ml,99000,Vaseline,0,0,0,Dưỡng thể
Sữa Dưỡng Thể Cathy Doll Hương Nước Hoa Bare Heart 150ml,179000,Cathy Doll,0,5.0,3,Dưỡng thể
Kem Dưỡng Cetaphil Làm Dịu Hăm Tã Cho Bé 70g,179000,Cetaphil,0,0,0,Dưỡng thể
Combo Cetaphil Sữa Tắm Gội Dịu Lành Cho Bé Tinh Chất Hoa Cúc 400ml & Kem Dưỡng Làm Dịu Hăm Tã Cho Bé 70g,502000,Cetaphil,0,0,0,Dưỡng thể
Sữa Dưỡng Secret Key Snow White Làm Sáng Da 120g,254000,Secret Key,0,0,0,Dưỡng thể
Kem Dưỡng Vacosi Làm Sáng Vùng Da Dưới Cánh Tay 30ml,123000,Vacosi,1/tháng,5.0,1,Dưỡng thể
Sữa Dưỡng Toàn Thân Curél Cấp Ẩm Chuyên Sâu 220ml,286000,Curél,0,5.0,1,Dưỡng thể
Kem Giảm Thâm Nách Cléo Chiết Xuất Lá Lộc Đề 35g,108000,Cléo,32/tháng,4.9,29,Dưỡng thể
[HSD 07/2026] Sữa Dưỡng Thể Vaseline Nâng Tông Sáng Da Tức Thì 200ml,50000,Vaseline,0,0,0,Dưỡng thể
Sữa Dưỡng Ẩm CeraVe Cho Da Thường Đến Da Khô 473ml,515000,CeraVe,0,4.7,7,Dưỡng thể
[HSD 06/2026] Sữa Dưỡng Thể Vaseline Sáng Da Tức Thì 320ml,54000,Vaseline,0,0,0,Dưỡng thể
Xịt Giảm Mụn Lưng Angel's Liquid Dưỡng Sáng Cơ Thể 150ml,318000,Angel's Liquid,42/tháng,5.0,31,Dưỡng thể
Kem Dưỡng Toàn Thân Felina Sáng Da Chiết Xuất Cam Yuzu 250g,247000,Felina,2/tháng,5.0,22,Dưỡng thể
Bấm Móng Tay Kềm Nghĩa Thép Không Gỉ Lưỡi Cong Loại Nhỏ B.904,36000,Kềm Nghĩa,7/tháng,5.0,2,Chăm sóc móng
Bấm Móng Tay Kềm Nghĩa Thép Không Gỉ Lưỡi Cong Loại Lớn B.902,47000,Kềm Nghĩa,4/tháng,5.0,2,Chăm sóc móng
Nước Rửa Móng Felina Cao Cấp Hương Hoa Cỏ 100ml,36000,Felina,4/tháng,5.0,1,Chăm sóc móng
Dũa Giấy Kềm Nghĩa DG.403A Đen (6 Chiếc/ Vỉ),27000,Kềm Nghĩa,4/tháng,5.0,2,Chăm sóc móng
Dũa Giấy Kềm Nghĩa DG.403B Trắng (6 Chiếc/ Vỉ),27000,Kềm Nghĩa,4/tháng,5.0,2,Chăm sóc móng
Bấm Móng Tay Kềm Nghĩa Thép Không Gỉ Lưỡi Bằng Loại Lớn B.901,47000,Kềm Nghĩa,3/tháng,5.0,2,Chăm sóc móng
Sơn Móng Tay Felina CS732 Màu Đỏ Mận Chín 18ml,35000,Felina,2/tháng,5.0,1,Chăm sóc móng
Sơn Bóng Felina Ánh Đỏ Trong Suốt CB301 18ml,47000,Felina,1/tháng,5.0,1,Chăm sóc móng
Kềm Cắt Da Kềm Nghĩa Thép Không Gỉ D.01 (Mũi 14),147000,Kềm Nghĩa,0,5.0,2,Chăm sóc móng
Kềm Cắt Da Kềm Nghĩa Thép Không Gỉ D.04 (Mũi 14),152000,Kềm Nghĩa,0,0,0,Chăm sóc móng
Kềm Cắt Da Kềm Nghĩa Thép Không Gỉ D.06 (Mũi 14),147000,Kềm Nghĩa,0,5.0,1,Chăm sóc móng
Sơn Móng Tay Felina CK102 Màu Kim Tuyến Hồng Ngũ Sắc 18ml,35000,Felina,0,5.0,1,Chăm sóc móng
Kềm Cắt Da Precinox G503 - 1 Lưỡi Gà,139000,Precinox,0,5.0,1,Chăm sóc móng
Sơn Bóng Felina Nail Lacquer CB002 18ml,35000,Felina,0,4.0,1,Chăm sóc móng
Sơn Móng Tay Felina CS902 Màu Đen 18ml,35000,Felina,0,5.0,1,Chăm sóc móng
Nước Rửa Móng Felina Cao Cấp Hương Dưa Hấu 100ml,44000,Felina,0,5.0,1,Chăm sóc móng
Sủi Da Precinox G302 (1 Cây),65000,Precinox,0,0,0,Chăm sóc móng
Sơn Móng Tay Felina CK402 Màu Kim Tuyến Vàng Mịn 18ml,47000,Felina,0,5.0,1,Chăm sóc móng
Sơn Móng Tay Felina CS767 Màu Ngói 18ml,35000,Felina,0,5.0,1,Chăm sóc móng
Sơn Móng Tay Felina CS211 Màu Cam Đất 18ml,35000,Felina,0,5.0,1,Chăm sóc móng
Sơn Móng Tay Felina CN332 Màu Đỏ Nhung 18ml,35000,Felina,0,5.0,1,Chăm sóc móng
Sơn Móng Tay Felina DS9009 Màu Xám Xanh 16ml,59000,Felina,0,0,0,Chăm sóc móng
Sơn Móng Tay Felina DN1020 Màu Tím Hồng Nhũ 16ml,59000,Felina,0,0,0,Chăm sóc móng
Sơn Móng Tay Felina Màu Hồng Sakura DS1001 16ml,59000,Felina,0,0,0,Chăm sóc móng
Sơn Móng Tay Felina CS808 Màu Đất Nung 18ml,47000,Felina,0,5.0,1,Chăm sóc móng
Bấm Móng Tay Hiệu TRIM Cao Cấp - Bấm Nhỏ,23000,Trim,3/tháng,5.0,2,Chăm sóc móng
Bấm Móng Tay Hiệu TRIM Cao Cấp - Bấm Lớn,45000,Trim,1/tháng,5.0,2,Chăm sóc móng
Sơn Móng Tay Felina CS742 Màu Huyết Dụ 18ml,47000,Felina,0,5.0,1,Chăm sóc móng
Sơn Móng Tay Felina CS884 Màu Trà Sữa 18ml,35000,Felina,2/tháng,5.0,1,Chăm sóc móng
Bấm Móng Tay Hiệu TRIM Cao Cấp - Bấm Nhỏ Tay Cầm,45000,Trim,1/tháng,5.0,2,Chăm sóc móng
Sơn Móng Tay Felina CN602 Màu Tím Củ Hành 18ml,35000,Felina,2/tháng,5.0,1,Chăm sóc móng
Combo Simple Nước Tẩy Trang 200ml + Sữa Rửa Mặt Giúp Da Sạch Thoáng 150ml,125000,Simple,0,0,0,Sữa rửa mặt
"Combo Simple Nước Tẩy Trang 200ml + Gel Rửa Mặt Thanh Khiết, Giảm Bóng Nhờn 150ml",125000,Simple,0,0,0,Sữa rửa mặt
Sữa Rửa Mặt Eucerin Tạo Bọt Làm Sáng Da 150g,457000,Eucerin,11/tháng,5.0,9,Sữa rửa mặt
Sữa Rửa Mặt innisfree Kiểm Soát Nhờn Tro Núi Lửa & BHA 150g (Mới),161000,innisfree,30/tháng,5.0,1,Sữa rửa mặt
"Gel Rửa Mặt La Roche-Posay Mờ Thâm, Sáng Da 200ml",507000,La Roche-Posay,10/tháng,5.0,1,Sữa rửa mặt
Combo 2 Sữa Rửa Mặt Cetaphil Dịu Nhẹ Không Xà Phòng 59ml,77000,Cetaphil,60/tháng,4.8,41,Sữa rửa mặt
Combo 8 Gel Rửa Mặt La Roche-Posay Cho Da Dầu Nhạy Cảm 50ml,399000,La Roche-Posay,11/tháng,4.9,142,Sữa rửa mặt
Bọt Rửa Mặt Hada Labo Dưỡng Ẩm Cho Mọi Loại Da 160ml,146000,Hada Labo,30/tháng,4.8,4,Sữa rửa mặt
Combo 2 Sữa Rửa Mặt Simple Dưỡng Ẩm Cho Da Khỏe Và Mịn Màng 150ml,186000,Simple,24/tháng,4.8,129,Sữa rửa mặt
"Sữa Rửa Mặt Paula's Choice Ngừa Mụn, Se Lỗ Chân Lông 177ml",368000,Paula's Choice,12/tháng,0,0,Sữa rửa mặt
Sữa Rửa Mặt Cocoon Chiết Xuất Từ Nghệ Hưng Yên 140ml,153000,Cocoon,26/tháng,4.9,8,Sữa rửa mặt
Sữa Rửa Mặt Some By Mi Làm Sạch Sâu Cho Da Dầu Mụn 100ml,227000,Some By Mi,18/tháng,4.8,5,Sữa rửa mặt
Sữa Rửa Mặt Curél Dạng Bọt Dành Cho Da Dầu 150ml,289000,Curél,14/tháng,5.0,16,Sữa rửa mặt
Gel Rửa Mặt Acnes Giúp Kiểm Soát Nhờn 100g,59000,Acnes,64/tháng,5.0,5,Sữa rửa mặt
Sữa Rửa Mặt Garnier 3 Trong 1 Giảm Mụn & Sáng Da 100ml (Mới),98000,Garnier,38/tháng,5.0,4,Sữa rửa mặt
Sữa Rửa Mặt St.Ives Tẩy Tế Bào Chết Trái Mơ Ngừa Mụn 170g,128000,St.Ives,29/tháng,4.9,74,Sữa rửa mặt
Sữa Rửa Mặt Cetaphil Dịu Lành Cho Da Dầu Nhạy Cảm 125ml,148000,Cetaphil,25/tháng,4.7,6,Sữa rửa mặt
Sữa Rửa Mặt Curél Dạng Bọt Cấp Ẩm Chuyên Sâu 150ml,263000,Curél,14/tháng,5.0,16,Sữa rửa mặt
Sữa Rửa Mặt Vichy Dạng Gel Làm Sạch Sâu & Giảm Nhờn 200ml,485000,Vichy,8/tháng,4.9,14,Sữa rửa mặt
Gel Rửa Mặt Garnier Sạch Thoáng Dịu Nhẹ Cho Da Dầu Mụn 120ml,129000,Garnier,28/tháng,5.0,2,Sữa rửa mặt
Gel Rửa Mặt Eucerin Cho Da Mụn 400ml,459000,Eucerin,8/tháng,5.0,1,Sữa rửa mặt
Sữa Rửa Mặt Pond's Age Miracle Ngăn Ngừa Lão Hóa 100g,117000,Pond's,29/tháng,0,0,Sữa rửa mặt
Sữa Rửa Mặt Cerave Cho Da Dầu Mụn 236ml,268000,CeraVe,12/tháng,5.0,6,Sữa rửa mặt
Gel Rửa Mặt & Tắm La Roche-Posay Làm Sạch & Giảm Mụn 400ml,513000,La Roche-Posay,7/tháng,4.9,16,Sữa rửa mặt
[Mini] Sữa Rửa Mặt Eucerin Dạng Bọt Sạch Sâu Cho Da Nhờn 50g,143000,Eucerin,21/tháng,4.9,10,Sữa rửa mặt
Gel Rửa Mặt Cocoon Bí Đao Giúp Giảm Dầu & Mụn 140ml,139000,Cocoon,22/tháng,4.9,12,Sữa rửa mặt
Gel Rửa Mặt Bioderma Làm Sạch Sâu Và Giảm Mụn 200ml,272000,Bioderma,11/tháng,5.0,1,Sữa rửa mặt
Combo Vichy Kem Chống Nắng Ngừa Lão Hóa 50ml + Gel Rửa Mặt Cho Da Dầu Mụn 50ml,425000,Vichy,7/tháng,5.0,1,Sữa rửa mặt
"Sữa Rửa Mặt Embryolisse Làm Sạch Sâu, Chống Oxy Hóa 200ml",284000,Embryolisse,11/tháng,4.5,2,Sữa rửa mặt
Gel Rửa Mặt SVR Dành Cho Da Nhạy Cảm 200ml,388000,SVR,8/tháng,5.0,5,Sữa rửa mặt
"Gel Rửa Mặt SVR Không Xà Phòng Cho Da Khô, Nhạy Cảm 200ml",271000,SVR,10/tháng,5.0,1,Sữa rửa mặt
Combo Vichy Kem Dưỡng Ngừa Lão Hóa + Gel Rửa Mặt Sạch Sâu 50ml+50ml,889000,Vichy,3/tháng,0,0,Sữa rửa mặt
Combo 2 Sữa Rửa Mặt Senka Tạo Bọt Bổ Sung Collagen 120g,163000,Senka,16/tháng,4.9,36,Sữa rửa mặt
Combo 2 Sữa Rửa Mặt Senka Tạo Bọt Chiết Xuất Tơ Tằm Trắng 120g,162000,Senka,16/tháng,4.9,36,Sữa rửa mặt
Sữa Rửa Mặt Senka Dưỡng Sáng Mờ Thâm 100g,86000,Senka,30/tháng,4.5,2,Sữa rửa mặt
Combo 2 Gel Rửa Mặt La Roche-Posay Cho Da Dầu Nhạy Cảm 50ml,145000,La Roche-Posay,17/tháng,4.9,142,Sữa rửa mặt
Sữa Rửa Mặt Naris Acne Grand Cho Da Dầu Mụn 100g,350000,Naris Cosmetics,7/tháng,4.9,18,Sữa rửa mặt
Combo 2 Sữa Rửa Mặt Cetaphil Dịu Lành Cho Da Nhạy Cảm 125ml (Mới),370000,Cetaphil,7/tháng,4.8,41,Sữa rửa mặt
Gel Rửa Mặt Eucerin Cho Da Nhờn Mụn 75ml,176000,Eucerin,13/tháng,5.0,229,Sữa rửa mặt
[Mini] Gel Rửa Mặt Bioderma Dành Cho Da Dầu & Hỗn Hợp 100ml,200000,Bioderma,12/tháng,5.0,14,Sữa rửa mặt
Sữa Rửa Mặt L'Oreal Săn Chắc Da 100ml,155000,L'Oreal,14/tháng,5.0,1,Sữa rửa mặt
Sữa Rửa Mặt Bio-essence Dưỡng Da Tươi Sáng Căng Mọng 100g,109000,Bio-essence,20/tháng,5.0,3,Sữa rửa mặt
Gel Rửa Mặt & Tắm Gội A-Derma Dịu Nhẹ Cho Da 200ml,299000,A-Derma,7/tháng,5.0,4,Sữa rửa mặt
Sữa Rửa Mặt Senka Đất Sét Trắng Làm Đều Màu Da 120g,96000,Senka,22/tháng,4.8,6,Sữa rửa mặt
Sữa Rửa Mặt Vichy Dạng Gel Làm Sạch Sâu & Giảm Nhờn 400ml,624000,Vichy,4/tháng,4.9,14,Sữa rửa mặt
Sữa Rửa Mặt B.O.M Từ 8 Loại Trà Làm Sạch Sâu Da 150ml,254000,B.O.M,8/tháng,4.9,14,Sữa rửa mặt
Gel Rửa Mặt SVR Dành Cho Da Nhạy Cảm 55ml,129000,SVR,15/tháng,5.0,5,Sữa rửa mặt
Sữa Rửa Mặt St.Ives Tẩy Tế Bào Chết Cà Phê & Dừa 170g,128000,St.Ives,15/tháng,4.9,74,Sữa rửa mặt
"Sữa Rửa Mặt SVR Dạng Sữa Cấp Ẩm, Không Chứa Xà Phòng 55ml",111000,SVR,17/tháng,0,0,Sữa rửa mặt
"Gel Rửa Mặt SVR Không Xà Phòng Cho Da Khô, Nhạy Cảm 55ml",114000,SVR,17/tháng,5.0,1,Sữa rửa mặt
"Sữa Rửa Mặt Hatomugi Tạo Bọt Hỗ Trợ Dưỡng Ẩm, Sáng Da 160ml",96000,Hatomugi,20/tháng,4.9,34,Sữa rửa mặt
Sữa Rửa Mặt Bio-essence Tạo Bọt Cấp Ẩm Làm Dịu Da 100g,99000,Bio-essence,19/tháng,4.8,4,Sữa rửa mặt
Combo Simple Chăm Sóc Cho Da Sạch Sâu Ẩm Mịn 3 Món,191000,Simple,10/tháng,4.9,16,Sữa rửa mặt
Sữa Rửa Mặt DrCeutics Hỗ Trợ Sạch Sâu Cho Mọi Loại Da 150ml,133000,DrCeutics,14/tháng,5.0,1,Sữa rửa mặt
Sữa Rửa Mặt Isis Pharma Giảm Nhờn Và Ngăn Ngừa Mụn 40ml,139000,Isis Pharma,13/tháng,4.8,11,Sữa rửa mặt
Sữa Rửa Mặt Eucerin Tạo Bọt Làm Sáng Da 50g,179000,Eucerin,10/tháng,5.0,9,Sữa rửa mặt
Sữa Rửa Mặt Naris Acmedica Chăm Sóc Da Mụn 100g,199000,Naris Cosmetics,9/tháng,5.0,18,Sữa rửa mặt
Sữa Rửa Mặt innisfree Dành Cho Da Mụn 150g (Mới),170000,innisfree,11/tháng,0,0,Sữa rửa mặt
Sữa Rửa Mặt Senka Tạo Bọt Chiết Xuất Rau Má Dịu Nhẹ 100g,97000,Senka,19/tháng,4.9,36,Sữa rửa mặt
Sữa Rửa Mặt Naris Nature Sáng Da Chiết Xuất Hoa Anh Đào 100g,204000,Naris Cosmetics,9/tháng,4.9,15,Sữa rửa mặt
Combo La Roche-Posay Làm Sạch Sâu Cho Da Dầu Mụn 400ml/Chai,803000,La Roche-Posay,2/tháng,0,0,Sữa rửa mặt
[Mini] Gel Rửa Mặt Bioderma Dành Cho Da Dầu & Hỗn Hợp 45ml,99000,Bioderma,16/tháng,5.0,14,Sữa rửa mặt
Sữa Rửa Mặt Bio-essence Vàng 24K Ngăn Ngừa Lão Hoá 100g,117000,Bio-essence,13/tháng,5.0,6,Sữa rửa mặt
Sữa Rửa Mặt Hada Labo Dưỡng Sáng Cao Cấp 100g,115000,Hada Labo,13/tháng,5.0,1,Sữa rửa mặt
"Sữa Rửa Mặt Derladie Tràm Trà Sạch Sâu, Kiềm Dầu 150ml",134000,Derladie,11/tháng,4.9,12,Sữa rửa mặt
Gel Rửa Mặt Eucerin Làm Sạch Dịu Nhẹ Da Nhạy Cảm 200ml,340000,Eucerin,5/tháng,5.0,3,Sữa rửa mặt
Combo La Roche-Posay Chống Nắng Kiểm Soát Dầu & Làm Sạch Da,479000,La Roche-Posay,3/tháng,5.0,5,Sữa rửa mặt
Kem Rửa Mặt Acnes Giúp Ngừa Mụn 100g,61000,Acnes,24/tháng,5.0,3,Sữa rửa mặt
Sữa Rửa Mặt Cetaphil Tạo Bọt Dịu Lành Cho Da Nhạy Cảm 236ml,291000,Cetaphil,5/tháng,5.0,7,Sữa rửa mặt
Sữa Rửa Mặt St.Ives Tẩy Tế Bào Chết Hoa Hồng & Lô Hội 170g,128000,St.Ives,11/tháng,4.9,74,Sữa rửa mặt
Gel Rửa Mặt Eucerin Cho Da Mụn 150ml,351000,Eucerin,4/tháng,5.0,1,Sữa rửa mặt
Combo SVR Serum Làm Giảm Mụn 30ml + Gel Rửa Mặt Cho Da Dầu 55ml,749000,SVR,2/tháng,0,0,Sữa rửa mặt
Sữa Rửa Mặt St.Ives Tẩy Tế Bào Chết Trái Mơ Tươi Mát 170g,127000,St.Ives,11/tháng,4.9,74,Sữa rửa mặt
Sữa Rửa Mặt Neutrogena Làm Sạch Sâu Dạng Gel 150ml,98000,Neutrogena,13/tháng,4.7,7,Sữa rửa mặt
"Sữa Rửa Mặt Elixir 2 Trong 1 Dưỡng Ẩm, Ngừa Lão Hóa 140ml",384000,Elixir,4/tháng,0,0,Sữa rửa mặt
Combo Garnier Serum Chống Nắng Mỏng Nhẹ 30ml + Sữa Rửa Mặt Tạo Bọt Dưỡng Sáng Da 50ml,169000,Garnier,7/tháng,0,0,Sữa rửa mặt
Sữa Rửa Mặt Hada Labo Chăm Sóc Da Lão Hóa Cao Cấp 100g,104000,Hada Labo,12/tháng,5.0,1,Sữa rửa mặt
Combo Hada Labo Kem Rửa Mặt & Lotion Dưỡng Ẩm Da Thường,219000,Hada Labo,5/tháng,5.0,2,Sữa rửa mặt
Sữa Rửa Mặt Elixir Tạo Bọt Ngừa Lão Hóa 145g,441000,Elixir,3/tháng,5.0,1,Sữa rửa mặt
Sữa Rửa Mặt Naris Cosmetics Ngăn Ngừa Lão Hóa 100g,358000,Naris Cosmetics,4/tháng,5.0,7,Sữa rửa mặt
[Mini] Gel Rửa Mặt Bioderma Tạo Bọt Cho Da Nhạy Cảm 45ml,106000,Bioderma,10/tháng,5.0,11,Sữa rửa mặt
Sữa Rửa Mặt Naris Nature Dưỡng Sáng Da 100g,311000,Naris Cosmetics,4/tháng,5.0,4,Sữa rửa mặt
Sữa Rửa Mặt Ducray Cho Da Nhờn Mụn 200ml,357000,Ducray,3/tháng,5.0,1,Sữa rửa mặt
"Combo La Roche-Posay Gel Rửa Mặt Da Dầu, Nhạy Cảm",519000,La Roche-Posay,2/tháng,0,0,Sữa rửa mặt
Combo Garnier Nước Tẩy Trang Cho Da Dầu Mụn 400ml + Gel Rửa Mặt Sạch Thoáng Dịu Nhẹ 120ml + 2 Serum Giảm Mụn Mờ Thâm 7.5ml,339000,Garnier,4/tháng,4.9,50,Sữa rửa mặt
Gel Rửa Mặt Cocoon Chiết Xuất Từ Hoa Hồng 140ml,175000,Cocoon,6/tháng,5.0,2,Sữa rửa mặt
"Combo 2 Kem Rửa Mặt Hada Labo Sạch Sâu, Dưỡng Sáng Da 80g",131000,Hada Labo,8/tháng,5.0,21,Sữa rửa mặt
Sữa Rửa Mặt Milaganics Tràm Trà Nano Nghệ Ngừa Mụn 135ml,65000,Milaganics,15/tháng,4.9,7,Sữa rửa mặt
Gel Rửa Mặt Acnes Gentle Wash Ngăn Ngừa Mụn 100g,61000,Acnes,16/tháng,5.0,8,Sữa rửa mặt
Sữa Rửa Mặt Naris Nature Cho Da Mụn Chiết Xuất Mù Tạt 100g,226000,Naris Cosmetics,5/tháng,4.9,15,Sữa rửa mặt
Sữa Rửa Mặt Hazeline Giảm Mụn Chiết Xuất Nghệ Hoa Cúc 100g,45000,Hazeline,22/tháng,5.0,9,Sữa rửa mặt
Sữa Rửa Mặt Azderma Dạng Gel Dịu Nhẹ Cho Da Dầu Mụn 60ml,71000,Azderma,14/tháng,5.0,2,Sữa rửa mặt
Sữa Rửa Mặt Naris Nature Se Khít Lỗ Chân Lông 100g,261000,Naris Cosmetics,4/tháng,4.9,15,Sữa rửa mặt
Sữa Rửa Mặt Hazeline Ngừa Mụn Dịu Nhẹ Tràm Trà Cica 100g,46000,Hazeline,20/tháng,5.0,9,Sữa rửa mặt
Combo Vichy Gel Rửa Mặt Ngừa Mụn 400ml + Kem Chống Nắng Không Nhờn Rít 50ml,874000,Vichy,1/tháng,5.0,1,Sữa rửa mặt
Combo Cetaphil Dịu Lành Cho Da Nhạy Cảm 3 Món,863000,Cetaphil,1/tháng,0,0,Sữa rửa mặt
"Sữa Rửa Mặt Paula’s Choice Cân Bằng Ẩm, Giảm Dầu Thừa 237ml",428000,Paula's Choice,3/tháng,0,0,Sữa rửa mặt
Combo Bioderma Nước Tẩy Trang 500ml + Gel Rửa Mặt 500ml Cho Da Dầu & Hỗn Hợp,814000,Bioderma,2/tháng,0,0,Sữa rửa mặt
Kem Rửa Mặt Oxy Có Hạt Làm Sạch Sâu Giảm Nhờn 100g,65000,OXY,13/tháng,5.0,20,Sữa rửa mặt
Bộ Sản Phẩm Hada Labo Dưỡng Sáng Da 3 Món,73000,Hada Labo,11/tháng,5.0,4,Sữa rửa mặt
Combo 2 Kem Rửa Mặt Hada Labo Sạch Sâu Dưỡng Ẩm 80g,120000,Hada Labo,7/tháng,4.9,87,Sữa rửa mặt
Combo Cocoon Sữa Rửa Mặt & Nước Cân Bằng Từ Nghệ Hưng Yên 140mlx2,331000,Cocoon,3/tháng,5.0,1,Sữa rửa mặt
Sữa Rửa Mặt St.Ives Tẩy Tế Bào Chết Bơ & Mật Ong 170g,127000,St.Ives,7/tháng,4.9,74,Sữa rửa mặt
Gel Rửa Mặt Naris Nature Dưỡng Ẩm Chiết Xuất Sữa 100g,226000,Naris Cosmetics,4/tháng,4.9,15,Sữa rửa mặt
Combo 10 Sữa Rửa Mặt Cetaphil Dịu Lành Cho Da Nhạy Cảm 59ml,379000,Cetaphil,2/tháng,4.8,41,Sữa rửa mặt
Sữa Rửa Mặt Neutrogena Ngăn Ngừa Mụn Đầu Đen 100g,118000,Neutrogena,7/tháng,5.0,6,Sữa rửa mặt
Sữa Rửa Mặt The Lab Tạo Bọt Sạch Sâu & Dưỡng Ẩm Da 120ml,343000,The Lab,3/tháng,5.0,5,Sữa rửa mặt
Combo 4 Gel Rửa Mặt SVR Không Chứa Xà Phòng Cho Da Dầu 55ml,499000,SVR,2/tháng,4.9,46,Sữa rửa mặt
"Combo Garnier Sữa Rửa Mặt 100ml + Serum 30ml Cho Da Dầu, Mụn",339000,Garnier,2/tháng,0,0,Sữa rửa mặt
Combo 2 Sữa Rửa Mặt Cetaphil Dịu Lành Cho Da Nhạy Cảm 500ml (Mới),657000,Cetaphil,1/tháng,4.8,41,Sữa rửa mặt
"Bộ La Roche-Posay Chăm Sóc Da Dầu, Mụn 3 Món",328000,La Roche-Posay,2/tháng,0,0,Sữa rửa mặt
[Mini] Sữa Rửa Mặt Senka Tạo Bọt Chiết Xuất Tơ Tằm Trắng 50g,40000,Senka,16/tháng,5.0,1,Sữa rửa mặt
Sữa Rửa Mặt Hada Labo Dưỡng Ẩm Cao Cấp 100g,104000,Hada Labo,7/tháng,5.0,1,Sữa rửa mặt
Sữa Rửa Mặt Bioré Thanh Lọc Da - Ngừa Mụn 100g,49000,Bioré,13/tháng,4.7,10,Sữa rửa mặt
Sữa Rửa Mặt Bio-essence Cho Da Dầu & Hỗn Hợp 100g,109000,Bio-essence,6/tháng,5.0,2,Sữa rửa mặt
Sữa Rửa Mặt Nivea Men Giúp Giảm Mụn & Hư Tổn Da 100g,84000,Nivea,8/tháng,5.0,2,Sữa rửa mặt
Sữa Rửa Mặt Acnes Dưỡng Sáng Và Ngăn Ngừa Mụn 100g,58000,Acnes,11/tháng,5.0,1,Sữa rửa mặt
Sữa Rửa Mặt Nivea Men Giúp Sáng Da Cho Nam 100g,84000,Nivea,7/tháng,0,0,Sữa rửa mặt
Dung Dịch Tạo Bọt Acnes Ngăn Ngừa Mụn 150ml,65000,Acnes,9/tháng,5.0,3,Sữa rửa mặt
Sữa Rửa Mặt Vegick Thuần Chay Tẩy Trang Làm Sạch Sâu 195ml,279000,Vegick,2/tháng,0,0,Sữa rửa mặt
Kem Rửa Mặt Oxy Làm Sạch Sâu Sảng Khoái 100g,63000,OXY,9/tháng,5.0,16,Sữa rửa mặt
"Bộ Sản Phẩm Garnier Chăm Sóc Da Dầu, Mụn 3 Món",707000,Garnier,1/tháng,0,0,Sữa rửa mặt
Combo CeraVe Kem Dưỡng Cho Da Khô Đến Rất Khô 50ml + Sữa Rửa Mặt Cho Da Thường Đến Da Dầu 30ml,166000,CeraVe,3/tháng,0,0,Sữa rửa mặt
"Gel Rửa Mặt Avène Làm Sạch Da, Giảm Nhờn Mụn 200ml",424000,Avène,2/tháng,5.0,1,Sữa rửa mặt
Combo 2 Kem Rửa Mặt Hada Labo Dưỡng Chuyên Biệt Ngừa Lão Hóa 80g,141000,Hada Labo,4/tháng,4.9,9,Sữa rửa mặt
Gel Rửa Mặt Eucerin Cho Da Mụn 75ml,233000,Eucerin,2/tháng,5.0,1,Sữa rửa mặt
"Kem Rửa Mặt Oxy Sạch Khuẩn Mụn, Kiểm Soát Nhờn 100g",74000,OXY,6/tháng,5.0,10,Sữa rửa mặt
Combo Azderma Sữa Rửa Mặt Dạng Gel Cho Da Dầu Mụn 60ml + Gel Dưỡng Giảm Mụn 15g,235000,Azderma,2/tháng,0,0,Sữa rửa mặt
"Gel Rửa Mặt Elixir Hỗ Trợ Làm Sạch Sâu, Ngừa Lão Hóa 105g",372000,Elixir,2/tháng,4.5,2,Sữa rửa mặt
"Gel Rửa Mặt Elixir Hỗ Trợ Làm Sạch, Dưỡng Ẩm 180g",370000,Elixir,2/tháng,5.0,2,Sữa rửa mặt
Kem Rửa Mặt OXY Giảm Mụn Đầu Đen 100g,85000,OXY,5/tháng,0,0,Sữa rửa mặt
"Combo Azderma Gel Dưỡng Giảm Thâm, Sáng Da 20g + Sữa Rửa Mặt Dạng Gel Cho Da Dầu Mụn 60ml",265000,Azderma,2/tháng,0,0,Sữa rửa mặt
"Sữa Rửa Mặt Decumar Sạch Sâu Dịu Nhẹ, Sáng Da Ngừa Mụn 50g",95000,Decumar,5/tháng,5.0,2,Sữa rửa mặt
Combo Cocoon Gel Rửa Mặt Bí Đao 140ml + Nước Cân Bằng Bí Đao 140ml,192000,Cocoon,3/tháng,5.0,2,Sữa rửa mặt
Sữa Rửa Mặt Bio-essence Dưỡng Sáng Da 100g,82000,Bio-essence,5/tháng,4.0,1,Sữa rửa mặt
Sữa Rửa Mặt Bioré Thanh Lọc Da - Sạch Nhờn 100g,48000,Bioré,8/tháng,4.7,10,Sữa rửa mặt
Xà Phòng Chinoshio Dokudami Cho Mặt & Toàn Thân 130g,47000,Chinoshio,8/tháng,5.0,2,Sữa rửa mặt
[Mini] Sữa Rửa Mặt Simple 50ml (Mẫu Ngẫu Nhiên),39000,Simple,10/tháng,0,0,Sữa rửa mặt
Sữa Rửa Mặt Và Tẩy Trang Naris Cosmetics Dưỡng Ẩm 100g,366000,Naris Cosmetics,2/tháng,5.0,3,Sữa rửa mặt
Sữa Rửa Mặt Cerave Cho Da Dầu Mụn 88ml,175000,CeraVe,3/tháng,5.0,6,Sữa rửa mặt
Sữa Rửa Mặt Nivea Men Bùn Khoáng Sạch Nhờn Mát Lạnh 100g,73000,Nivea,5/tháng,0,0,Sữa rửa mặt
[Mini] Gel Rửa Mặt Bioderma Tạo Bọt Cho Da Nhạy Cảm 8ml,19000,Bioderma,18/tháng,5.0,11,Sữa rửa mặt
Bộ Sản Phẩm Hada Labo Dưỡng Ẩm Da 3 Món (Kem Rửa Mặt 15g + Dung Dịch Dưỡng 20ml + Kem Dưỡng 12g),68000,Hada Labo,5/tháng,5.0,4,Sữa rửa mặt
Combo CeraVe Sữa Rửa Mặt Sạch Sâu Cho Da Thường Đến Da Dầu 236ml + Sữa Dưỡng Ẩm 30ml,340000,CeraVe,1/tháng,5.0,3,Sữa rửa mặt
Gel Rửa Mặt Emmié Sạch Sâu & Giảm Mụn 180ml,179000,Emmié by Happy Skin,2/tháng,5.0,3,Sữa rửa mặt
"Sữa Rửa Mặt Melano CC Dưỡng Sáng, Sạch Sâu 130g",153000,Melano CC,2/tháng,5.0,1,Sữa rửa mặt
"Sữa Rửa Mặt Oxy Sạch Dịu Nhẹ, Kiềm Dầu Cho Nam 100g",76000,OXY,4/tháng,5.0,4,Sữa rửa mặt
"Kem Rửa Mặt Acnes Vitamin Làm Sáng Da, Mờ Sẹo Thâm 100g",58000,Acnes,6/tháng,5.0,1,Sữa rửa mặt
Sữa Rửa Mặt Hazeline Dưỡng Ẩm Sáng Da Yến Mạch & Dâu Tằm 100g,52000,Hazeline,6/tháng,5.0,9,Sữa rửa mặt
Combo Cetaphil Sữa Rửa Mặt 125ml + Kem Dưỡng Ẩm 50g Dịu Lành Cho Da Nhạy Cảm,292000,Cetaphil,1/tháng,0,0,Sữa rửa mặt
Sữa Rửa Mặt Nivea Tinh Chất Ngọc Trai Làm Sáng Da 100g,68000,Nivea,4/tháng,5.0,1,Sữa rửa mặt
Combo Garnier Nước Tẩy Trang 400ml + Gel Rửa Mặt 120ml Làm Sạch Sâu Cho Da Dầu Mụn,238000,Garnier,2/tháng,0,0,Sữa rửa mặt
[Mini] Sữa Rửa Mặt I'm From Từ Ngải Cứu Sạch Sâu Dịu Nhẹ 30ml,49000,I'm from,5/tháng,5.0,6,Sữa rửa mặt
[Mini] Sữa Rửa Mặt Cetaphil Tạo Bọt Dịu Lành Cho Da Nhạy Cảm 29ml,39000,Cetaphil,6/tháng,0,0,Sữa rửa mặt
Gel Rửa Mặt DrCeutics Tạo Bọt Sạch Sâu Cho Mọi Loại Da 250g,198000,DrCeutics,2/tháng,0,0,Sữa rửa mặt
"Gel Rửa Mặt OXY Ngừa Mụn, Da Sáng Khoẻ 100g",67000,OXY,4/tháng,0,0,Sữa rửa mặt
Sữa Rửa Mặt Meishoku Ngăn Ngừa Mụn 80g,169000,MEISHOKU,2/tháng,0,0,Sữa rửa mặt
Sữa Rửa Mặt Nivea Dạng Gel Tạo Bọt Sạch Sâu Ngừa Mụn 90ml,68000,Nivea,3/tháng,0,0,Sữa rửa mặt
Gel Rửa Mặt Emmié Dịu Nhẹ & Cấp Ẩm Sâu 180ml,179000,Emmié by Happy Skin,1/tháng,5.0,3,Sữa rửa mặt
Sữa Rửa Mặt Bioré Cho Nam Hạt Tác Động Kép Sạch Nhờn 100g,55000,Bioré,3/tháng,0,0,Sữa rửa mặt
Bộ innisfree Chăm Sóc Da Từ Trà Xanh 3 Món,99000,innisfree,2/tháng,0,0,Sữa rửa mặt
Combo 2 Kem Rửa Mặt Hada Labo Cho Da Mụn Và Nhạy Cảm 80g,142000,Hada Labo,2/tháng,4.7,9,Sữa rửa mặt
Gel Rửa Mặt Nerman Ngừa Mụn Cho Nam 100ml,135000,Nerman,1/tháng,0,0,Sữa rửa mặt
Sữa Rửa Mặt Evoluderm Bổ Sung Vitamin E Cấp Ẩm Dịu Nhẹ 250ml,99000,Evoluderm,2/tháng,5.0,3,Sữa rửa mặt
Sữa Rửa Mặt Bio-essence HA Cấp Ẩm Sâu Cho Da Khô 100g,99000,Bio-essence,2/tháng,0,0,Sữa rửa mặt
Sữa Rửa Mặt Nivea Men Than Đen Hoạt Tính Sáng Da 100g,96000,Nivea,1/tháng,5.0,1,Sữa rửa mặt
"Kem Rửa Mặt Acnes Vitamin Làm Sáng Da, Mờ Sẹo Thâm 50g",37000,Acnes,3/tháng,5.0,1,Sữa rửa mặt
Sữa Rửa Mặt Bio-essence AHA-BHA Tẩy Da Chết Dịu Nhẹ 100g,99000,Bio-essence,1/tháng,5.0,1,Sữa rửa mặt
Kem Rửa Mặt Acnes Giúp Ngừa Mụn 50g,38000,Acnes,2/tháng,5.0,3,Sữa rửa mặt
Gel Rửa Mặt Ngăn Ngừa Mụn Acnes 100g,66000,Acnes,2/tháng,5.0,1,Sữa rửa mặt
[Mini] Combo 2 Sữa Rửa Mặt CeraVe Sạch Sâu Cho Da Thường Đến Da Dầu 30ml,80000,CeraVe,0,4.8,13,Sữa rửa mặt
Combo La Roche-Posay Nước Tẩy Trang Da Nhạy Cảm 400ml + Gel Rửa Mặt Da Dầu Mụn 50ml,530000,La Roche-Posay,0,0,0,Sữa rửa mặt
Combo Simple Nước Hoa Hồng Làm Dịu Da & Cấp Ẩm 200ml + Sữa Rửa Mặt Giúp Da Sạch Thoáng 150ml,198000,Simple,0,0,0,Sữa rửa mặt
"Combo Simple Nước Hoa Hồng Làm Dịu Da & Cấp Ẩm 200ml + Gel Rửa Mặt Thanh Khiết, Giảm Bóng Nhờn 150ml",198000,Simple,0,0,0,Sữa rửa mặt
Combo La Roche-Posay Làm Sạch & Tẩy Trang Cho Da Nhạy Cảm 400mlx2,803000,La Roche-Posay,0,0,0,Sữa rửa mặt
Combo Cocoon Gel Rửa Mặt Bí Đao 310ml & Nước Tẩy Trang Bí Đao 140ml,352000,Cocoon,0,0,0,Sữa rửa mặt
Combo Bioderma Nước Tẩy Trang 500ml + Gel Rửa Mặt Cho Da Dầu & Hỗn Hợp 200ml,653000,Bioderma,0,0,0,Sữa rửa mặt
Combo Caryophy Kem Chống Nắng Nâng Tone 50ml + Sữa Rửa Mặt Ngừa Mụn 150ml,652000,Caryophy,0,0,0,Sữa rửa mặt
[Mini] Sữa Rửa Mặt Garnier Giảm Mụn & Sáng Da 50ml,39000,Garnier,0,0,0,Sữa rửa mặt
Combo Caryophy Gel Tẩy Tế Bào Chết 250ml + Sữa Rửa Mặt Ngừa Mụn Giảm Thâm 150ml,625000,Caryophy,0,0,0,Sữa rửa mặt
Sữa Rửa Mặt Cerave Cho Da Dầu Mụn 473ml,352000,CeraVe,0,5.0,6,Sữa rửa mặt
Combo Senka Nước Tẩy Trang Kiểm Soát Nhờn 230ml + Sữa Rửa Mặt Tơ Tằm Trắng 120g,162000,Senka,0,0,0,Sữa rửa mặt
Combo Simple Nước Tẩy Trang 200ml + Sữa Rửa Mặt Dưỡng Ẩm Da 150ml,125000,Simple,0,0,0,Sữa rửa mặt
Combo Simple Nước Tẩy Trang 200ml + Sữa Rửa Mặt Dưỡng Ẩm Dạng Gel 150ml,125000,Simple,0,0,0,Sữa rửa mặt
Combo Simple Nước Hoa Hồng Làm Dịu Da & Cấp Ẩm 200ml + Sữa Rửa Mặt Dưỡng Ẩm Cho Da Khỏe Mịn Màng 150ml,198000,Simple,0,0,0,Sữa rửa mặt
Combo Simple Nước Hoa Hồng Làm Dịu Da & Cấp Ẩm 200ml + Sữa Rửa Mặt Dưỡng Ẩm Cho Da Dạng Gel 150ml,198000,Simple,0,0,0,Sữa rửa mặt
[Mini] Gel Rửa Mặt Bioderma Làm Sạch Sâu Và Giảm Mụn 45ml,99000,Bioderma,0,5.0,1,Sữa rửa mặt
Sữa Rửa Mặt DrCeutics Hỗ Trợ Sạch Sâu Cho Mọi Loại Da 200g (Mới),147000,DrCeutics,0,5.0,1,Sữa rửa mặt
Combo 2 Sữa Rửa Mặt Cetaphil Dịu Lành Cho Da Nhạy Cảm 250ml (Mới),460000,Cetaphil,0,4.8,41,Sữa rửa mặt
Kem Rửa Mặt Oxy Có Hạt Làm Sạch Sâu Giảm Nhờn 50g,46000,OXY,0,5.0,20,Sữa rửa mặt
"Combo Senka Nước Tẩy Trang Cấp Ẩm, Sáng Da 230ml + Sữa Rửa Mặt Collagen 120g",166000,Senka,0,0,0,Sữa rửa mặt
Combo Cocoon Nước Cân Bằng Sen Hậu Giang + Sữa Rửa Mặt Nghệ Hưng Yên 310mlx2,245000,Cocoon,0,0,0,Sữa rửa mặt
Combo Bioderma Nước Tẩy Trang 500ml + Gel Rửa Mặt Cho Da Nhạy Cảm 200ml,745000,Bioderma,0,5.0,1,Sữa rửa mặt
Combo 2 Sữa Rửa Mặt Simple Dưỡng Ẩm Cho Da Dạng Gel 150ml,186000,Simple,0,4.8,129,Sữa rửa mặt
Sữa Rửa Mặt Senka Dành Cho Da Mụn 100g,92000,Senka,0,4.9,36,Sữa rửa mặt
Sữa Rửa Mặt Shimbi Method Dạng Bọt Làm Sạch Sâu 120g,202000,Shimbi,0,0,0,Sữa rửa mặt
Combo Skin1004 Sữa Rửa Mặt Cho Da Nhạy Cảm 125ml + Nước Hoa Hồng Phục Hồi & Tái Tạo Da 210ml,628000,Skin1004,0,0,0,Sữa rửa mặt
Combo Simple Nước Tẩy Trang 200ml + Gel Rửa Mặt 150ml + Serum Cấp Ẩm 30ml,479000,Simple,0,0,0,Sữa rửa mặt
Combo 2 Sữa Rửa Mặt d program Tạo Bọt Dưỡng Da 120g,410000,dProgram,0,4.9,8,Sữa rửa mặt
Combo 2 Sữa Rửa Mặt Cocoon Chiết Xuất Từ Nghệ Hưng Yên 310ml,252000,Cocoon,0,4.9,8,Sữa rửa mặt
[Mini] Sữa Rửa Mặt Colorkey Bùn Khoáng Sạch Sâu Cấp Ẩm 20g,34000,Colorkey,0,5.0,1,Sữa rửa mặt
Combo Cetaphil Kem Dưỡng Ẩm 50g + Sữa Rửa Mặt Cho Da Nhạy Cảm 250ml (Mới),409000,Cetaphil,0,0,0,Sữa rửa mặt
Gel Rửa Mặt Acnes Giúp Kiểm Soát Nhờn 50g,35000,Acnes,0,5.0,5,Sữa rửa mặt
Combo Cetaphil Kem Chống Nắng Vật Lý Cho Da Nhạy Cảm 50g + Sữa Rửa Mặt Cho Da Dầu Nhạy Cảm 125ml,493000,Cetaphil,0,0,0,Sữa rửa mặt
Combo Cocoon Gel Rửa Mặt 140ml + Mặt Nạ Bí Đao Giảm Dầu & Mụn 30ml,272000,Cocoon,0,0,0,Sữa rửa mặt
Combo Cetaphil Kem Dưỡng Ẩm 50g + Sữa Rửa Mặt Tạo Bọt Cho Da Nhạy Cảm 473ml,595000,Cetaphil,0,0,0,Sữa rửa mặt
Combo La Roche-Posay Chống Nắng Kiềm Dầu + Gel Rửa Mặt & Tắm,550000,La Roche-Posay,0,0,0,Sữa rửa mặt
Gel Rửa Mặt Eucerin Hỗ Trợ Sáng Da Mịn Màng 200ml,426000,Eucerin,0,5.0,1,Sữa rửa mặt
[Mini] Bộ Sản Phẩm Bioderma Làm Sạch Sâu Và Giảm Mụn 3 Món,150000,Bioderma,0,0,0,Sữa rửa mặt
Combo 2 Sữa Rửa Mặt Senka Dành Cho Da Mụn 100g,196000,Senka,0,4.9,36,Sữa rửa mặt
"[Mini] Gel Rửa Mặt La Roche-Posay Dành Cho Da Dầu, Nhạy Cảm 15ml",39000,La Roche-Posay,0,0,0,Sữa rửa mặt
Combo Neutrogena Sữa Tắm + Sữa Rửa Mặt Làm Sạch Sâu 2 Món,249000,Neutrogena,0,0,0,Sữa rửa mặt
"Gel Rửa Mặt Oxy Sạch Dịu Nhẹ, Giảm Khô Căng Cho Nam 100g",76000,OXY,0,5.0,2,Sữa rửa mặt
Gel Rửa Mặt OXY 3X Cấp Ẩm Chuyên Sâu 100g,67000,OXY,0,5.0,3,Sữa rửa mặt
Combo Cocoon Nước Tẩy Trang 500ml + Nước Cân Bằng 310ml Sen Hậu Giang Cho Da Rất Nhạy Cảm,250000,Cocoon,0,0,0,Sữa rửa mặt
"Gel Rửa Mặt Cetaphil Sạch Sâu, Tẩy Tế Bào Chết Dịu Nhẹ 236ml",340000,Cetaphil,0,0,0,Sữa rửa mặt
Sữa Rửa Mặt Cocoon Sen Hậu Giang Làm Dịu Da Nhạy Cảm 310ml,226000,Cocoon,0,5.0,6,Sữa rửa mặt
Combo Cocoon Sữa Rửa Mặt Sen Hậu Giang Dịu Da Nhạy Cảm 310ml + Nước Tẩy Trang Bí Đao Giảm Dầu 500ml,284000,Cocoon,0,0,0,Sữa rửa mặt
"Túi Refill Gel Rửa Mặt La Roche-Posay Cho Da Dầu, Nhạy Cảm 400ml",559000,La Roche-Posay,0,4.9,142,Sữa rửa mặt
"Sữa Rửa Mặt Obagi Làm Sạch Da, Dịu Nhẹ 60ml",250000,Obagi,0,0,0,Sữa rửa mặt
Combo Cocoon Dưỡng Sáng Da Chiết Xuất Nghệ Hưng Yên 3 Món,765000,Cocoon,0,0,0,Sữa rửa mặt
Sữa Rửa Mặt The Cafuné Chiết Xuất Gừng Làm Sạch Sâu 120ml,88000,The Cafuné,0,0,0,Sữa rửa mặt
Combo Embryolisse Sữa Rửa Mặt Làm Sạch Sâu 200ml + Sữa Dưỡng Ẩm Siêu Phục Hồi Da 30ml,499000,Embryolisse,0,0,0,Sữa rửa mặt
Kem Rửa Mặt & Mặt Nạ Acnes Ngăn Ngừa Mụn Đầu Đen 100g,66000,Acnes,0,0,0,Sữa rửa mặt
Bọt Rửa Mặt DrCeutics Sạch Sâu Dịu Nhẹ Cho Mọi Loại Da 420g,235000,DrCeutics,0,0,0,Sữa rửa mặt
[Mini] Sữa Rửa Mặt Garnier Tạo Bọt Dưỡng Sáng Da 50ml,39000,Garnier,0,0,0,Sữa rửa mặt
Kem Rửa Mặt Oxy Tút Sáng Từ Đất Sét Trắng 100g,63000,OXY,0,0,0,Sữa rửa mặt
"Sữa Rửa Mặt Obagi Làm Sạch Da, Dịu Nhẹ 200ml",875000,Obagi,0,0,0,Sữa rửa mặt
"Bộ La Roche-Posay Chống Nắng, Giảm Mụn, Ngừa Vết Thâm 5 Món",428000,La Roche-Posay,0,0,0,Sữa rửa mặt
"[Mini] Gel Rửa Mặt La Roche-Posay Giảm Mụn Cho Mặt, Toàn Thân 50ml",79000,La Roche-Posay,0,4.9,16,Sữa rửa mặt
"Gel Rửa Mặt Cetaphil Sạch Sâu, Tẩy Tế Bào Chết Dịu Nhẹ 473ml",422000,Cetaphil,0,0,0,Sữa rửa mặt
"Sữa Rửa Mặt CeraVe Dạng Kem Tạo Bọt Cho Da Thường, Khô 100ml",191000,CeraVe,0,0,0,Sữa rửa mặt
Gel Rửa Mặt Evoluderm Từ Bưởi Hồng Và Hoa Cúc 250ml,99000,Evoluderm,0,0,0,Sữa rửa mặt
"[Mini] Combo 2 Gel Rửa Mặt La Roche-Posay Cho Da Dầu, Nhạy Cảm 15ml",180000,La Roche-Posay,0,0,0,Sữa rửa mặt
Combo Kem Chống Nắng Dermablock Phổ Rộng Mỏng Nhẹ Vô Hình 35ml + Sữa Rửa Mặt Tia'm Ốc Sên 200ml,279000,Dermablock,0,0,0,Sữa rửa mặt
Sữa Rửa Mặt S:kin Heritage Bến Thành Làm Sạch Dịu Nhẹ 120ml,125000,S:kin Heritage,0,5.0,1,Sữa rửa mặt
[Mua 1 Tặng 1] Freeplus Sữa Dưỡng Ẩm Dịu Nhẹ 1 + Sữa Rửa Mặt Dịu Nhẹ,757000,Freeplus,0,0,0,Sữa rửa mặt
Sữa Rửa Mặt La Roche-Posay Cho Da Hỗn Hợp & Da Dầu 125ml,529000,La Roche-Posay,0,5.0,3,Sữa rửa mặt
Combo Cocoon Gel Rửa Mặt Cà Phê 140ml & Tẩy Da Chết Mặt 150ml,319000,Cocoon,0,5.0,1,Sữa rửa mặt
Sữa Rửa Mặt Torriden Tạo Bọt Dưỡng Ẩm Da 150ml,226000,Torriden,0,5.0,1,Sữa rửa mặt
Sữa Rửa Mặt oh!oh! Detox Làm Sạch Sâu Cho Mọi Loại Da 150g,496000,oh!oh!,0,0,0,Sữa rửa mặt
Sữa Rửa Mặt Nivea Men Bọt Mịn Sạch Nhờn Mát Lạnh 100g,71000,Nivea,0,0,0,Sữa rửa mặt
[Mini] Sữa Rửa Mặt Milaganics Tinh Dầu Tràm Trà Ngừa Mụn 30ml,35000,Milaganics,0,5.0,1,Sữa rửa mặt
"Sữa Rửa Mặt Lanbena Kiểm Soát Dầu, Sạch Sâu Lỗ Chân Lông 236ml",68000,Lanbena,0,0,0,Sữa rửa mặt
Gel Rửa Mặt Hada Labo Dưỡng Ẩm Cho Da Nhạy Cảm 80g,79000,Hada Labo,0,0,0,Sữa rửa mặt
Combo Melano CC Sữa Rửa Mặt 130g + Serum Dưỡng Sáng Cao Cấp 20ml,557000,Melano CC,0,0,0,Sữa rửa mặt
Gel Rửa Mặt Cocoon Cà Phê Đắk Lắk Cho Làn Da Tươi Mới 140ml,171000,Cocoon,0,0,0,Sữa rửa mặt
Sữa Rửa Mặt Bio-essence Từ Sữa Ong Chúa Cho Da Khô 100g,169000,Bio-essence,0,5.0,5,Sữa rửa mặt
Combo S:kin Heritage Nước Tẩy Trang Phú Xuân 320ml + Sữa Rửa Mặt Bến Thành 120ml,243000,S:kin Heritage,0,0,0,Sữa rửa mặt
[HSD 08/2026] Sữa Rửa Mặt On: The Body Chiết Xuất Chanh Cho Da Dầu 200g,79000,On: The Body,0,0,0,Sữa rửa mặt
[Mini] Sữa Rửa Mặt Milaganics Tràm Trà Nano Nghệ Ngừa Mụn 30ml,35000,Milaganics,0,0,0,Sữa rửa mặt
"Sữa Rửa Mặt Obagi 2% BHA Sạch Sâu, Tẩy Tế Bào Chết 118ml",848000,Obagi,0,5.0,1,Sữa rửa mặt
Sữa Rửa Mặt Tẩy Trang Momopuri Dạng Gel Hương Đào 150g,319000,Momopuri,0,5.0,2,Sữa rửa mặt
Sữa Rửa Mặt Rau Củ Byvibes Wonder Bath Săn Chắc Da 300ml,289000,Byvibes Wonder Bath,0,4.3,3,Sữa rửa mặt
Bộ Sản Phẩm Acnes Chăm Sóc Da Mụn Cho Mặt Và Cơ Thể 4 Món,105000,Acnes,0,0,0,Sữa rửa mặt
Bộ Sản Phẩm Hada Labo Kem Rửa Mặt & Lotion Cho Da Khô + Tặng Ví Mickey,277000,Hada Labo,0,0,0,Sữa rửa mặt
Combo S:kin Heritage Sữa Rửa Mặt Bến Thành 120ml + Mặt Nạ Đất Sét Bản Phùng 70ml,225000,S:kin Heritage,0,0,0,Sữa rửa mặt
Sữa Rửa Mặt Naris Luque Tẩy Trang 2 Trong 1 100g,954000,Naris Cosmetics,0,5.0,1,Sữa rửa mặt
Hộp Quà Sunplay Chống Nắng Dưỡng Da 3 Món,291000,Sunplay,0,5.0,1,Sữa rửa mặt
Sữa Rửa Mặt Cetaphil Dạng Bọt Siêu Mịn Dịu Da Nhạy Cảm 200ml,535000,Cetaphil,0,5.0,2,Sữa rửa mặt
Sữa Rửa Mặt B.O.M Tạo Bọt Ngăn Ngừa Mụn 150ml,171000,B.O.M,0,5.0,1,Sữa rửa mặt
[HSD 08/2026] Sữa Rửa Mặt Cetaphil Tạo Bọt Dịu Lành Cho Da Nhạy Cảm 236ml,233000,Cetaphil,0,0,0,Sữa rửa mặt
[Mua 1 Tặng 1] Eucerin Serum Giảm Thâm Mụn 40ml + Gel Rửa Mặt Cho Da Mụn 75ml,584000,Eucerin,0,0,0,Sữa rửa mặt
Gel Làm Sạch Bioderma Cho Da Rất Khô & Viêm Da Cơ Địa 200ml,425000,Bioderma,0,0,0,Sữa rửa mặt
Sữa Rửa Mặt Neogen Dermalogy Làm Sạch Sâu Cho Da Dầu Mụn 150ml,206000,Neogen Dermalogy,0,0,0,Sữa rửa mặt
Hộp Quà Sunplay Chống Nắng Toàn Thân 3 Món,330000,Sunplay,0,0,0,Sữa rửa mặt
Combo SVR Tinh Chất Retinol Ngừa Lão Hoá 30ml & Gel Rửa Mặt Cho Da Dầu 55ml,1015000,SVR,0,0,0,Sữa rửa mặt
Sữa Rửa Mặt Rosette Tạo Bọt Ngăn Ngừa Và Giảm Mụn 120g,89000,Rosette,0,0,0,Sữa rửa mặt
"[HSD 06/2026] Gel Rửa Mặt Avène Làm Sạch Da, Giảm Nhờn Mụn 200ml",320000,Avène,0,0,0,Sữa rửa mặt
[HSD 08/2026] Sữa Rửa Mặt Evoluderm Bổ Sung Vitamin E Cấp Ẩm Dịu Nhẹ 250ml,72000,Evoluderm,0,0,0,Sữa rửa mặt
"[HSD 05/2026] Sữa Rửa Mặt Paula’s Choice Cân Bằng Ẩm, Giảm Dầu Thừa 237ml",520000,Paula's Choice,0,0,0,Sữa rửa mặt
[HSD 07/2026] Sữa Rửa Mặt Cetaphil Dịu Lành Cho Da Nhạy Cảm 250ml (Mới),182000,Cetaphil,0,0,0,Sữa rửa mặt
Sữa Rửa Mặt Care:Nel Hỗ Trợ Se Khít Lỗ Chân Lông 150g,255000,Care:Nel,0,0,0,Sữa rửa mặt
[HSD 07/2026] Gel Rửa Mặt SVR Dành Cho Da Nhạy Cảm 200ml,311000,SVR,0,0,0,Sữa rửa mặt
Sữa Rửa Mặt Nuxe Tạo Bọt Dịu Nhẹ Cho Mọi Loại Da 150ml,427000,Nuxe,0,5.0,4,Sữa rửa mặt
"Combo Cetaphil Làm Dịu, Phục Hồi Da 4 Món",2612000,Cetaphil,0,0,0,Sữa rửa mặt
Sữa Rửa Mặt On: The Body Chiết Xuất Chanh Cho Da Dầu 200g,98000,On: The Body,0,0,0,Sữa rửa mặt
[HSD 05/2026] Gel Rửa Mặt & Tắm Gội A-Derma Dịu Nhẹ Cho Da 200ml,277000,A-Derma,0,0,0,Sữa rửa mặt
Sữa Rửa Mặt Tẩy Trang Momopuri Làm Sạch Da Hương Đào 150g,119000,Momopuri,0,5.0,2,Sữa rửa mặt
Bông Tẩm Dung Dịch Tẩy Trang & Rửa Mặt Purederm 1 Miếng,13000,Purederm,0,0,0,Sữa rửa mặt
Combo La Roche-Posay Gel Dưỡng Làm Mờ Sẹo 40ml + Gel Rửa Mặt Da Dầu Mụn 50ml,520000,La Roche-Posay,0,0,0,Sữa rửa mặt
Kem Tẩy Trang Freeplus Dưỡng Ẩm Dịu Nhẹ Cho Da 125g,437000,Freeplus,0,5.0,1,Sữa rửa mặt
Bộ Sản Phẩm Vichy 02 Cấp Ẩm & Làm Sạch Da 3 Món,579000,Vichy,0,0,0,Sữa rửa mặt
Bộ Sản Phẩm Hada Labo Kem Rửa Mặt & Lotion Cho Da Dầu + Tặng Ví Mickey,277000,Hada Labo,0,0,0,Sữa rửa mặt
Sữa Rửa Mặt Avander Tảo Biển Dưỡng Ẩm Sáng Da 100g,69000,Avander,0,0,0,Sữa rửa mặt
Gel Rửa Mặt Topicrem Không Xà Phòng Làm Sạch Dịu Nhẹ 200ml,249000,Topicrem,0,0,0,Sữa rửa mặt
"Sữa Rửa Mặt Klairs Dưỡng Ẩm, Dịu Nhẹ, Sạch Sâu 140ml",520000,Klairs,0,0,0,Sữa rửa mặt
[Mini] Sữa Rửa Mặt CeraVe Cho Da Thường Đến Khô 30ml,25000,CeraVe,0,5.0,2,Sữa rửa mặt
Combo Vichy Kem Chống Nắng Không Nhờn & Gel Rửa Mặt Da Mụn,438000,Vichy,0,5.0,1,Sữa rửa mặt
Kem Rửa Mặt Oxy Làm Sạch Sâu Sảng Khoái 50g,46000,OXY,0,5.0,16,Sữa rửa mặt
Sữa Rửa Mặt Vichy Từ Đất Sét Và Đá Khoáng Núi Lửa 125ml,432000,Vichy,0,0,0,Sữa rửa mặt
"Combo Vichy Giúp Giảm Dầu Mụn, Phục Hồi & Nuôi Dưỡng Da",515000,Vichy,4/tháng,0,0,Sữa rửa mặt
Sữa Rửa Mặt Happy Event Dịu Nhẹ Cho Da 120ml,69000,Happy Event,0,0,0,Sữa rửa mặt
Gel Rửa Mặt Isis Pharma Giảm Nhờn Mụn Cho Da Nhạy Cảm 250ml,415000,Isis Pharma,0,5.0,4,Sữa rửa mặt
Sữa Rửa Mặt Và Tẩy Trang Naris Alodew Từ Lô Hội 100g,208000,Naris Cosmetics,1/tháng,5.0,2,Sữa rửa mặt
Combo La Roche-Posay Làm Sạch Sâu Double Cleansing Da Dầu,189000,La Roche-Posay,1/tháng,5.0,2,Sữa rửa mặt
"Sữa Rửa Mặt Simple Purify+ Giảm Mụn, Kiểm Soát Dầu 240ml",253300,Simple,0,0,0,Sữa rửa mặt
Gel Rửa Mặt Garnier Vitamin C Sạch Sâu Dịu Nhẹ Sáng Da 120ml,159000,Garnier,9/tháng,5.0,1,Sữa rửa mặt
[HSD 07/2026] Sữa Rửa Mặt innisfree Dành Cho Da Mụn 150g (Mới),200000,innisfree,0,0,0,Sữa rửa mặt
Combo 2 Sữa Rửa Mặt Vichy Dạng Gel Làm Sạch Sâu Da Dầu Mụn 50ml,150000,Vichy,6/tháng,4.9,14,Sữa rửa mặt
Combo Kem Chống Nắng Dermablock Cấp Ẩm 35ml + Sữa Rửa Mặt Tia'm Ốc Sên 200ml,279000,Dermablock,0,0,0,Sữa rửa mặt
Sữa Rửa Mặt Cosrx Salicylic Acid 0.5% Tái Tạo Da 50ml,85000,Cosrx,0,5.0,2,Sữa rửa mặt
Sữa Rửa Mặt Freeplus Dưỡng Ẩm Dịu Nhẹ Cho Da 100g,224000,Freeplus,5/tháng,5.0,5,Sữa rửa mặt
Combo Vichy Serum Phục Hồi & Sữa Rửa Mặt Sạch Sâu 50ml+50ml,1078000,Vichy,0,0,0,Sữa rửa mặt
[HSD 07/2026] Sữa Rửa Mặt Hazeline Giảm Mụn Chiết Xuất Nghệ Hoa Cúc 100g,32000,Hazeline,0,0,0,Sữa rửa mặt
"[Mini] Sữa Rửa Mặt Klairs Dưỡng Ẩm, Dịu Nhẹ, Sạch Sâu 20ml",49000,Klairs,10/tháng,0,0,Sữa rửa mặt
Sữa Rửa Mặt Bioré Thanh Lọc Da - Sáng Da 100g,49000,Bioré,3/tháng,4.7,10,Sữa rửa mặt
Combo Vichy Kem Chống Nắng + Gel Rửa Mặt Dành Cho Da Dầu Mụn 50ml+50ml,439000,Vichy,2/tháng,0,0,Sữa rửa mặt
Sữa Rửa Mặt Clean & Clear Giảm Nhờn Tác Dụng Sâu 100g,62000,Clean & Clear,1/tháng,5.0,1,Sữa rửa mặt
Gel Rửa Mặt Topicrem Không Xà Phòng Cho Da Dầu Hỗn Hợp 200ml,303000,Topicrem,0,5.0,1,Sữa rửa mặt
Sữa Rửa Mặt On: The Body Chiết Xuất Ô Liu Cho Da Khô 200g,98000,On: The Body,2/tháng,0,0,Sữa rửa mặt
"Combo Emmié Gel Rửa Mặt Sạch Sâu, Giảm Mụn 180ml + Nước Tẩy Trang Sạch Sâu, Mềm Mịn Da 250ml",240000,Emmié by Happy Skin,4/tháng,0,0,Sữa rửa mặt
"Combo Emmié Gel Rửa Mặt Dịu Nhẹ, Cấp Ẩm Sâu 180ml + Nước Tẩy Trang Sạch Sâu, Mềm Mịn Da 250ml",240000,Emmié by Happy Skin,1/tháng,0,0,Sữa rửa mặt
[Mua 1 Tặng 1] Eucerin Gel Giảm Mụn 40ml + Gel Rửa Mặt Cho Da Nhờn Mụn 75ml,469000,Eucerin,1/tháng,0,0,Sữa rửa mặt
Bộ Decumar Advanced Chăm Da Mụn Toàn Diện 3 Món,199000,Decumar,0,0,0,Sữa rửa mặt
[HSD 06/2026] Sữa Rửa Mặt Hazeline Giảm Mụn Chiết Xuất Nghệ Hoa Cúc 100g,27000,Hazeline,0,0,0,Sữa rửa mặt
Combo La Roche-Posay Gel Rửa Mặt Da Dầu Mụn 200ml & Nước Tẩy Trang Da Nhạy Cảm 50ml,360000,La Roche-Posay,2/tháng,4.0,1,Sữa rửa mặt
"Combo Eucerin Kem Chống Nắng 50ml + Gel Rửa Mặt 75ml Giúp Kiềm Dầu, Ngừa Mụn",494000,Eucerin,0,0,0,Sữa rửa mặt
Sữa Rửa Mặt Curél Dạng Bọt Cấp Ẩm Chuyên Sâu Túi 130ml,219000,Curél,1/tháng,5.0,16,Sữa rửa mặt
Combo Bio-essence Kem Chống Nắng 40g + Sữa Rửa Mặt Dưỡng Sáng Da 100g,330000,Bio-essence,0,0,0,Sữa rửa mặt
"Sữa Rửa Mặt CeraVe Dạng Kem Tạo Bọt Cho Da Thường, Khô 236ml",461503,CeraVe,0,0,0,Sữa rửa mặt
Gel Rửa Mặt Freeplus Làm Sạch Dịu Nhẹ Cho Da Dầu 100ml,224000,Freeplus,0,4.7,3,Sữa rửa mặt
Sữa Rửa Mặt Simple Repair+ Phục Hồi Dịu Da 240ml,253300,Simple,0,0,0,Sữa rửa mặt
Sữa Rửa Mặt Simple Hydrate+ Cấp Ẩm Căng Mướt 240ml,253300,Simple,0,0,0,Sữa rửa mặt
