Tên sản phẩm,Giá (VNĐ),Thương hiệu,Đã bán,Điểm đánh giá,Số lượng đánh giá,Danh Mục,platform
Sữa Rửa Mặt CeraVe Sạch Sâu Cho Da Thường Đến Da Dầu 473ml,335000,CeraVe,1700,4.9,116,Chăm sóc da mặt,Hasaki
Nước Hoa Hồng Klairs Không Mùi Cho Da Nhạy Cảm 180ml,218000,Klairs,2000,4.8,147,Chăm sóc da mặt,Hasaki
Combo 2 Nước Tẩy Trang Bí Đao Cocoon Làm Sạch & Giảm Dầu 500ml,242000,Cocoon,1700,5.0,56,Chăm sóc da mặt,Hasaki
Kem Chống Nắng Skin1004 Cho Da Nhạy Cảm SPF 50+ 50ml,273000,Skin1004,1200,4.8,119,Chăm sóc da mặt,Hasaki
"Nước Tẩy Trang L'Oreal Tươi Mát Cho Da Dầu, Hỗn Hợp 400ml",133000,L'Oreal,2400,4.8,297,Chăm sóc da mặt,Hasaki
Combo Cocoon Nước Cân Bằng Sen Hậu Giang 310ml + Nước Tẩy Trang Bí Đao 500ml,242000,Cocoon,1200,4.9,13,Chăm sóc da mặt,Hasaki
Kem Chống Nắng L'Oreal X20 Thoáng Da Mỏng Nhẹ 50ml,231000,L'Oreal,1200,4.8,44,Chăm sóc da mặt,Hasaki
Sữa Chống Nắng Anessa Dưỡng Da Kiềm Dầu 60ml (Bản Mới),430000,Anessa,587,4.9,44,Chăm sóc da mặt,Hasaki
Nước Tẩy Trang Bioderma Dành Cho Da Nhạy Cảm 500ml,337000,Bioderma,608,4.9,228,Chăm sóc da mặt,Hasaki
Nước Tẩy Trang Bioderma Dành Cho Da Dầu & Hỗn Hợp 500ml,344000,Bioderma,504,4.9,228,Chăm sóc da mặt,Hasaki
Serum L'Oreal Hyaluronic Acid Cấp Ẩm Sáng Da 30ml,304000,L'Oreal,554,4.9,27,Chăm sóc da mặt,Hasaki
Sữa Chống Nắng Anessa Cho Da Nhạy Cảm & Trẻ Em 60ml (Mới),431000,Anessa,380,5.0,22,Chăm sóc da mặt,Hasaki
"Serum L'Oreal Sáng Da, Mờ Thâm Mụn & Nám 30ml (Mới)",368000,L'Oreal,440,4.9,26,Chăm sóc da mặt,Hasaki
Serum La Roche-Posay Giảm Thâm Nám & Dưỡng Sáng Da 30ml,874000,La Roche-Posay,185,5.0,29,Chăm sóc da mặt,Hasaki
Sữa Rửa Mặt CeraVe Sạch Sâu Cho Da Thường Đến Da Dầu 236ml,255000,CeraVe,585,4.9,116,Chăm sóc da mặt,Hasaki
Nước Tẩy Trang L'Oreal Làm Sạch Sâu Trang Điểm 400ml,157000,L'Oreal,926,4.8,297,Chăm sóc da mặt,Hasaki
"Kem Dưỡng Obagi Retinol 1.0% Trẻ Hóa Da, Ngừa Mụn 28g",1487000,Obagi,92,4.9,28,Chăm sóc da mặt,Hasaki
Kem Dưỡng La Roche-Posay Giúp Phục Hồi Da Đa Công Dụng 100ml,578000,La Roche-Posay,230,4.9,55,Chăm sóc da mặt,Hasaki
Nước Tẩy Trang Garnier Dành Cho Da Dầu Và Mụn 400ml (Mới),133000,Garnier,962,4.9,69,Chăm sóc da mặt,Hasaki
Kem Dưỡng La Roche-Posay Giúp Phục Hồi Da Đa Công Dụng 40ml,299000,La Roche-Posay,412,4.9,56,Chăm sóc da mặt,Hasaki
Sữa Rửa Mặt CeraVe Cho Da Thường Đến Khô 473ml,342000,CeraVe,333,4.9,115,Chăm sóc da mặt,Hasaki
Sữa Rửa Mặt Cetaphil Dịu Lành Cho Da Nhạy Cảm 500ml (Mới),314000,Cetaphil,358,4.8,42,Chăm sóc da mặt,Hasaki
"Nước Tẩy Trang L'Oreal Dưỡng Ẩm Cho Da Thường, Khô 400ml",133000,L'Oreal,844,4.8,297,Chăm sóc da mặt,Hasaki
Combo Cocoon Mặt Nạ Nghệ Hưng Yên & Tẩy Da Chết Toàn Thân Cà Phê Đắk Lắk 30ml+200ml,189000,Cocoon,528,5.0,8,Chăm sóc da mặt,Hasaki
Kem Dưỡng Olay Luminous Sáng Da Mờ Thâm Nám Ban Đêm 50g,158000,Olay,621,4.9,57,Chăm sóc da mặt,Hasaki
Combo 2 Sữa Chống Nắng Cocoon Bí Đao Quang Phổ Rộng 50ml,402000,Cocoon,243,4.8,21,Chăm sóc da mặt,Hasaki
Combo Cocoon Nước Tẩy Trang Bí Đao 500ml + Gel Rửa Mặt Bí Đao 310ml,257000,Cocoon,379,5.0,7,Chăm sóc da mặt,Hasaki
Sữa Chống Nắng Sunplay Skin Aqua Dưỡng Da Sáng Mịn 55g,145000,Sunplay,664,4.9,107,Chăm sóc da mặt,Hasaki
Gel Rửa Mặt SVR Không Chứa Xà Phòng Cho Da Dầu 400ml,379000,SVR,253,4.9,46,Chăm sóc da mặt,Hasaki
"Kem Dưỡng Vichy Sáng Da, Mờ Thâm Nám Ban Đêm 50ml",765000,Vichy,114,5.0,22,Chăm sóc da mặt,Hasaki
"Kem Chống Nắng Beplain Nâng Tông, Cấp Ẩm Căng Bóng 50ml",285000,Beplain,302,4.9,25,Chăm sóc da mặt,Hasaki
"Serum Garnier Giảm Mụn Mờ Thâm Cho Da Dầu, Mụn 30ml",213000,Garnier,401,4.9,50,Chăm sóc da mặt,Hasaki
Combo 2 Bông Tẩy Trang Hotosu Cao Cấp 150 Miếng,53000,Hotosu,1600,4.8,47,Chăm sóc da mặt,Hasaki
Nước Tẩy Trang La Roche-Posay Dành Cho Da Nhạy Cảm 400ml,376000,La Roche-Posay,224,4.8,47,Chăm sóc da mặt,Hasaki
Combo 5 Bông Tẩy Trang Hotosu Cao Cấp 150 Miếng,132000,Hotosu,587,4.8,47,Chăm sóc da mặt,Hasaki
"Gel Rửa Mặt La Roche-Posay Dành Cho Da Dầu, Nhạy Cảm 400ml",429000,La Roche-Posay,179,4.9,142,Chăm sóc da mặt,Hasaki
Kem Chống Nắng MartiDerm Phổ Rộng Bảo Vệ Toàn Diện 40ml,555000,Martiderm,136,4.9,110,Chăm sóc da mặt,Hasaki
Kem Dưỡng Ẩm Neutrogena Cấp Nước Cho Da Dầu 50g,235000,Neutrogena,305,4.8,69,Chăm sóc da mặt,Hasaki
Combo 3 Gel Rửa Mặt La Roche-Posay Cho Da Dầu Nhạy Cảm 50ml,149000,La Roche-Posay,477,4.9,142,Chăm sóc da mặt,Hasaki
Nước Tẩy Trang L'Oreal Căng Mịn Da 400ml,175000,L'Oreal,394,4.8,297,Chăm sóc da mặt,Hasaki
Kem Chống Nắng Vichy Thoáng Nhẹ Không Bóng Dầu SPF 50 50ml,382000,Vichy,175,4.9,35,Chăm sóc da mặt,Hasaki
Nước Hoa Hồng Obagi 2% BHA Giảm Nhờn Mụn 148ml,898000,Obagi,74,4.9,15,Chăm sóc da mặt,Hasaki
Serum Skin1004 Rau Má Làm Dịu & Hỗ Trợ Phục Hồi Da 100ml,317000,Skin1004,205,4.9,102,Chăm sóc da mặt,Hasaki
"Kem Chống Nắng Beplain Nâng Tông, Kiềm Dầu Mịn Lì 50ml",273000,Beplain,236,4.9,25,Chăm sóc da mặt,Hasaki
"Nước Tẩy Trang La Roche-Posay Cho Da Dầu, Nhạy Cảm 400ml",384000,La Roche-Posay,165,4.9,34,Chăm sóc da mặt,Hasaki
Combo Kem Chống Nắng Dr.G Dưỡng Sáng Da 50ml+20ml,357000,Dr.G,177,4.9,16,Chăm sóc da mặt,Hasaki
Combo 2 Gel Rửa Mặt Cocoon Bí Đao Giúp Giảm Dầu & Mụn 310ml,290000,Cocoon,216,4.9,12,Chăm sóc da mặt,Hasaki
Kem Chống Nắng d'Alba Nâng Tông Tím Hiệu Chỉnh Sắc Da 50ml,411000,d'Alba,152,5.0,26,Chăm sóc da mặt,Hasaki
Nước Tẩy Trang L'Oreal Làm Sạch Sâu Cho Da Dầu 400ml,165000,L'Oreal,377,4.8,297,Chăm sóc da mặt,Hasaki
Nước Tẩy Trang Garnier Dành Cho Da Nhạy Cảm 400ml,123000,Garnier,500,4.9,69,Chăm sóc da mặt,Hasaki
Tẩy Da Chết Mặt Cocoon Cà Phê Đắk Lắk 150ml,106000,Cocoon,573,4.9,29,Chăm sóc da mặt,Hasaki
Combo 2 Kem Chống Nắng Cocoon Bí Đao Quang Phổ Rộng 50ml,363000,Cocoon,166,4.8,12,Chăm sóc da mặt,Hasaki
Mặt Nạ Beplain Đất Sét Từ Đậu Xanh Hỗ Trợ Sạch Sâu 120ml,268000,Beplain,222,5.0,7,Chăm sóc da mặt,Hasaki
Combo 10 Mặt Nạ BNBG Vitamin B Phục Hồi Da 30ml (Mới),147000,BNBG,393,4.9,11,Chăm sóc da mặt,Hasaki
"Combo 10 Mặt Nạ Caryophy Giảm Mụn, Thâm & Dưỡng Ẩm Da 22g",229000,Caryophy,244,5.0,34,Chăm sóc da mặt,Hasaki
Nước Tẩy Trang Garnier Làm Sạch Sâu Lớp Trang Điểm 400ml,135000,Garnier,413,4.9,69,Chăm sóc da mặt,Hasaki
Sữa Dưỡng Ẩm Embryolisse Siêu Phục Hồi Da 75ml,327000,Embryolisse,170,4.8,40,Chăm sóc da mặt,Hasaki
"Serum Torriden Dưỡng Ẩm Sâu, Sáng Bóng Da 50ml",224000,Torriden,248,5.0,5,Chăm sóc da mặt,Hasaki
Serum d'Alba Dạng Xịt Nấm Truffle Trắng Căng Bóng Da 100ml,361000,d'Alba,150,5.0,8,Chăm sóc da mặt,Hasaki
"Kem Chống Nắng La Roche-Posay Phổ Rộng, Nâng Tông Kiềm Dầu 50ml",395000,La Roche-Posay,134,4.8,26,Chăm sóc da mặt,Hasaki
Combo 4 Gel Rửa Mặt La Roche-Posay Cho Da Dầu Nhạy Cảm 50ml,219000,La Roche-Posay,239,4.9,142,Chăm sóc da mặt,Hasaki
"Serum GoodnDoc Dưỡng Ẩm, Hỗ Trợ Phục Hồi Da 30ml",343000,GoodnDoc,151,4.9,23,Chăm sóc da mặt,Hasaki
Combo L'Oreal Serum Hyaluronic Acid Cấp Ẩm Sáng Da 30ml + 2 Kem Dưỡng Siêu Cấp Ẩm Căng Mịn Da 15ml,327000,L'Oreal,158,4.9,27,Chăm sóc da mặt,Hasaki
Sữa Rửa Mặt Simple Giúp Da Sạch Thoáng 150ml,91000,Simple,566,4.8,129,Chăm sóc da mặt,Hasaki
Kem Rửa Mặt Hada Labo Sạch Sâu Dưỡng Ẩm 80g,60000,Hada Labo,842,4.9,87,Chăm sóc da mặt,Hasaki
Serum Timeless Vitamin B5 Làm Dịu & Phục Hồi Da 30ml,344000,Timeless,145,5.0,65,Chăm sóc da mặt,Hasaki
Tinh Chất Chống Nắng Sunplay Hiệu Chỉnh Sắc Da 50g (Tím),130000,Sunplay,378,4.9,136,Chăm sóc da mặt,Hasaki
Combo Angel's Liquid Tinh Chất 30ml + Kem Dưỡng 50ml Giảm Thâm Nám Chuyên Biệt,1143000,Angel's Liquid,43,5.0,8,Chăm sóc da mặt,Hasaki
Kem Chống Nắng d'Alba Nâng Tông Sáng Hồng Tự Nhiên 50ml,411000,d'Alba,118,5.0,26,Chăm sóc da mặt,Hasaki
Sữa Rửa Mặt Cetaphil Dịu Lành Cho Da Nhạy Cảm 1000ml (Mới),567000,Cetaphil,85,4.8,42,Chăm sóc da mặt,Hasaki
Serum La Roche-Posay Giúp Tái Tạo & Phục Hồi Da 30ml,1140000,La Roche-Posay,41,4.9,20,Chăm sóc da mặt,Hasaki
Dung Dịch Tẩy Da Chết Paula’s Choice 2% BHA 30ml,264000,Paula's Choice,174,4.9,154,Chăm sóc da mặt,Hasaki
Combo Cocoon Tẩy Da Chết Cho Mặt 150ml + Toàn Thân 200ml Từ Cà Phê Đắk Lắk,159000,Cocoon,284,5.0,53,Chăm sóc da mặt,Hasaki
Kem Dưỡng L'Oreal Sáng Mịn Mờ Thâm Nám Ban Đêm 50ml,268000,L'Oreal,156,4.9,20,Chăm sóc da mặt,Hasaki
Kem Dưỡng La Roche-Posay Giảm Mụn Hiệu Quả 40ml,383000,La Roche-Posay,109,4.9,23,Chăm sóc da mặt,Hasaki
Sữa Chống Nắng L’Oreal Bảo Vệ Phổ Rộng Sáng Da Mờ Thâm 50ml,248000,L'Oreal,166,5.0,3,Chăm sóc da mặt,Hasaki
Nước Tẩy Trang Garnier Vitamin C Làm Sáng Da 400ml,123000,Garnier,331,4.9,69,Chăm sóc da mặt,Hasaki
"Kem Dưỡng Obagi Retinol 0.5% Trẻ Hóa Da, Ngừa Mụn 28g",1384000,Obagi,30,4.9,28,Chăm sóc da mặt,Hasaki
"Kem Dưỡng Vichy Ngừa Lão Hóa, Săn Chắc Da Ban Ngày 50ml",825000,Vichy,49,5.0,22,Chăm sóc da mặt,Hasaki
Kem Dưỡng Olay Ban Ngày Sáng Da Chống Tia UV SPF15 50g,158000,Olay,254,4.9,57,Chăm sóc da mặt,Hasaki
Kem Chống Nắng Cell Fusion C Nâng Tông Da 50ml,335000,Cell Fusion C,116,4.9,21,Chăm sóc da mặt,Hasaki
Kem Chống Nắng Beplain Vật Lý Hỗ Trợ Kiềm Dầu Mịn Lì 50ml,251000,Beplain,154,4.9,25,Chăm sóc da mặt,Hasaki
Serum 9Wishes Dưỡng Ẩm & Làm Căng Bóng Da 30ml,206000,9Wishes,185,4.9,36,Chăm sóc da mặt,Hasaki
Nước Tẩy Trang Bí Đao Cocoon Làm Sạch & Giảm Dầu 500ml,170000,Cocoon,221,5.0,56,Chăm sóc da mặt,Hasaki
"Serum oh!oh! Dưỡng Sáng Da, Giảm Thâm Nám 30ml",566000,oh!oh!,66,5.0,28,Chăm sóc da mặt,Hasaki
Sữa Rửa Mặt Eucerin Dịu Nhẹ Cho Da Nhạy Cảm 400ml,244000,Eucerin,151,4.9,47,Chăm sóc da mặt,Hasaki
"Mặt Nạ Caryophy Làm Giảm Mụn, Thâm & Dưỡng Ẩm Da 22g",22000,Caryophy,1700,5.0,34,Chăm sóc da mặt,Hasaki
Combo 10 Mặt Nạ BNBG Vitamin E Dưỡng Ẩm Da 30ml (Mới),160000,BNBG,225,4.9,11,Chăm sóc da mặt,Hasaki
Bông Tẩy Trang Hotosu Cao Cấp 150 Miếng,27000,Hotosu,1300,4.8,47,Chăm sóc da mặt,Hasaki
Mặt Nạ Nghệ Hưng Yên Cocoon Giúp Da Rạng Rỡ Mịn Màng 30ml,94000,Cocoon,381,4.9,35,Chăm sóc da mặt,Hasaki
Gel Chống Nắng Anessa Dưỡng Sáng Nâng Tông 90g (Mới),363000,Anessa,98,4.8,15,Chăm sóc da mặt,Hasaki
[Mini] Combo 10 Sữa Rửa Mặt CeraVe Sạch Sâu Cho Da Thường Đến Da Dầu 30ml,229000,CeraVe,151,4.8,13,Chăm sóc da mặt,Hasaki
Tinh Chất Chống Nắng Tenamyd Dạng Nước SPF50/PA+++ 70ml,368000,Tenamyd,91,4.8,35,Chăm sóc da mặt,Hasaki
Hộp 8 Miếng Mặt Nạ Naruko Tràm Trà Kiềm Dầu Giảm Mụn 26ml/M,199000,Naruko,168,4.9,263,Chăm sóc da mặt,Hasaki
"Kem Chống Nắng Caryophy Nâng Tone, Ngừa Mụn 50ml",307000,Caryophy,106,4.9,33,Chăm sóc da mặt,Hasaki
"Gel Dưỡng Megaduo Plus Giảm Mụn, Mờ Thâm 15g",130000,Gamma Chemicals,250,4.8,88,Chăm sóc da mặt,Hasaki
Gel Chống Nắng Anessa Dưỡng Ẩm Bảo Vệ Hoàn Hảo 90g (Mới),339000,Anessa,95,4.8,5,Chăm sóc da mặt,Hasaki
Serum Vichy Cải Thiện & Ngăn Ngừa Thâm Nám Đốm Nâu 30ml,838000,Vichy,39,4.9,8,Chăm sóc da mặt,Hasaki
Kem Chống Nắng Naris Cosmetics Dạng Gel Nâng Tone Da 80g,389000,Naris Cosmetics,83,4.9,92,Chăm sóc da mặt,Hasaki
Serum Vichy 89 Khoáng Chất Phục Hồi Chuyên Sâu 50ml,793000,Vichy,41,4.9,34,Chăm sóc da mặt,Hasaki
"Gel Rửa Mặt Simple Thanh Khiết, Giảm Bóng Nhờn 150ml",91000,Simple,347,4.8,129,Chăm sóc da mặt,Hasaki
Kem Dưỡng L'Oreal Sáng Mịn Mờ Thâm Nám Ban Ngày 50ml,263000,L'Oreal,119,4.9,20,Chăm sóc da mặt,Hasaki
Nước Tẩy Trang Chacott for Professionals 500ml,239000,Chacott,128,4.8,12,Chăm sóc da mặt,Hasaki
"Kem Dưỡng Torriden Làm Dịu Mát, Dưỡng Ẩm, Sáng Bóng Da 100ml",257000,Torriden,118,5.0,6,Chăm sóc da mặt,Hasaki
Sữa Rửa Mặt Cetaphil Dịu Lành Cho Da Nhạy Cảm 125ml (Mới),125000,Cetaphil,239,4.8,41,Chăm sóc da mặt,Hasaki
Nước Hoa Hồng Caryophy Ngừa Mụn Kiềm Dầu Giảm Thâm 300ml,264000,Caryophy,113,4.8,19,Chăm sóc da mặt,Hasaki
"Combo 3 Hộp Mặt Nạ Colorkey Dưỡng Ẩm Làm Dịu, Sáng Da, Ngừa Mụn 10 Miếng/Hộp",234000,Colorkey,127,5.0,3,Chăm sóc da mặt,Hasaki
Sữa Rửa Mặt CeraVe Sạch Sâu Cho Da Thường Đến Da Dầu 88ml,145000,CeraVe,204,4.9,115,Chăm sóc da mặt,Hasaki
"Serum Neogen Dermalogy Dưỡng Sáng Da, Mờ Thâm 32g",372000,Neogen Dermalogy,75,4.8,10,Chăm sóc da mặt,Hasaki
"Kem Dưỡng Hada Labo Sáng Da Chuyên Sâu, Giảm Thâm Sạm 50g",162000,Hada Labo,170,4.8,74,Chăm sóc da mặt,Hasaki
Sữa Rửa Mặt Tia'm Ốc Sên Làm Dịu & Phục Hồi Da 200ml,175000,TIA'M,157,4.9,14,Chăm sóc da mặt,Hasaki
Kem Chống Nắng innisfree Nâng Tông Kiềm Dầu 60ml (Mới),258000,innisfree,106,4.9,8,Chăm sóc da mặt,Hasaki
Kem Dưỡng Olay Collagen Peptide 24 Tái Tạo Da Căng Bóng 50g,375000,Olay,72,5.0,5,Chăm sóc da mặt,Hasaki
Nước Tẩy Trang JMsolution Rau Má Cho Da Dầu Mụn 500ml,113000,JMsolution,236,4.9,14,Chăm sóc da mặt,Hasaki
Kem Dưỡng Olay Chiết Xuất Retinol24 Ngừa Lão Hóa Ban Đêm 50g,377000,Olay,71,5.0,3,Chăm sóc da mặt,Hasaki
Gel Tẩy Tế Bào Chết Caryophy Ngăn Ngừa Mụn 250ml,276000,Caryophy,96,4.9,11,Chăm sóc da mặt,Hasaki
Serum Klairs Vitamin C Cho Da Nhạy Cảm 35ml,285000,Klairs,93,4.7,76,Chăm sóc da mặt,Hasaki
Tẩy Tế Bào Chết Rosette Thu Nhỏ Lỗ Chân Lông 180g,117000,Rosette,224,4.9,17,Chăm sóc da mặt,Hasaki
Kem Dưỡng Bioderma Giúp Se Khít Lỗ Chân Lông 30ml,351000,Bioderma,73,4.8,28,Chăm sóc da mặt,Hasaki
Kem Chống Nắng Skin1004 Nâng Tông Cho Da Nhạy Cảm SPF50+ 50ml,267000,Skin1004,96,5.0,3,Chăm sóc da mặt,Hasaki
"Kem Rửa Mặt Hada Labo Sạch Sâu, Dưỡng Sáng Da 80g",66000,Hada Labo,383,5.0,21,Chăm sóc da mặt,Hasaki
Nước Hoa Hồng Klairs Dành Cho Da Nhạy Cảm 180ml,233000,Klairs,109,4.8,147,Chăm sóc da mặt,Hasaki
Sữa Rửa Mặt CeraVe Cho Da Thường Đến Khô 236ml,240000,CeraVe,105,4.9,115,Chăm sóc da mặt,Hasaki
Sữa Dưỡng Ẩm Embryolisse Siêu Phục Hồi Da 30ml,198000,Embryolisse,125,4.8,40,Chăm sóc da mặt,Hasaki
Hộp 10 Miếng Mặt Nạ Wonjin Phục Hồi Chuyên Sâu 30g/M,223000,WonJin,110,5.0,15,Chăm sóc da mặt,Hasaki
Dầu Tẩy Trang Cocoon Chiết Xuất Hoa Hồng 310ml,280000,Cocoon,88,4.9,13,Chăm sóc da mặt,Hasaki
Combo 4 Bông Tẩy Trang Ipek 150 Miếng,108000,Ipek Klasik,225,4.8,67,Chăm sóc da mặt,Hasaki
Combo 3 Hộp Bông Tẩy Trang Silcot Cơ Bản 82 Miếng,113000,Silcot,213,5.0,63,Chăm sóc da mặt,Hasaki
"Serum SVR Làm Giảm Mụn, Mờ Nám, Làm Mềm Mịn Da 30ml",502000,SVR,48,4.9,20,Chăm sóc da mặt,Hasaki
"Serum Angel's Liquid Dưỡng Sáng Da, Mờ Thâm 30ml",322000,Angel's Liquid,72,4.9,39,Chăm sóc da mặt,Hasaki
Kem Chống Nắng Eucerin Kiềm Dầu & Ngừa Mụn 50ml,379000,Eucerin,61,4.8,71,Chăm sóc da mặt,Hasaki
Xịt Khoáng Evoluderm Cấp Nước & Làm Dịu Da 400ml,130000,Evoluderm,176,4.8,41,Chăm sóc da mặt,Hasaki
Kem Dưỡng Olay Regenerist Ngừa Lão Hóa Da Ban Đêm 50g,317000,Olay,71,5.0,10,Chăm sóc da mặt,Hasaki
"Kem Dưỡng Avène Làm Lành Da Nội Sinh, Ngừa Nhiễm Khuẩn 40ml",288000,Avène,78,4.9,34,Chăm sóc da mặt,Hasaki
Nước Hoa Hồng Simple Làm Dịu Da & Cấp Ẩm 200ml,107000,Simple,208,4.9,76,Chăm sóc da mặt,Hasaki
Sữa Chống Nắng Sunplay Hiệu Chỉnh Sắc Da 50g (Tím),130000,Sunplay,171,4.8,85,Chăm sóc da mặt,Hasaki
"Serum Tia'm Làm Sáng, Phục Hồi Cho Da Dầu Mụn, Nhạy Cảm 40ml",275000,TIA'M,81,5.0,10,Chăm sóc da mặt,Hasaki
Gel Rửa Mặt SVR Không Chứa Xà Phòng Cho Da Dầu 200ml,263000,SVR,84,4.9,46,Chăm sóc da mặt,Hasaki
Gel Dưỡng I'm from Dưỡng Ẩm Và Kiểm Soát Dầu 75g,328000,I'm from,67,4.8,49,Chăm sóc da mặt,Hasaki
Combo 10 Mặt Nạ Sur.Medic+ Tinh Chất Glutathione Làm Sáng Da 30g,228000,Sur.Medic+,96,5.0,26,Chăm sóc da mặt,Hasaki
"Serum Eucerin Dưỡng Sáng Da, Mờ Thâm Nám 30ml",1077000,Eucerin,20,5.0,12,Chăm sóc da mặt,Hasaki
"Gel Rửa Mặt La Roche-Posay Dành Cho Da Dầu, Nhạy Cảm 200ml",341000,La Roche-Posay,63,4.9,142,Chăm sóc da mặt,Hasaki
"Serum So'Natural Tái Tạo Da Sinh Học, Mờ Thâm Sáng Da 35ml",295000,So'Natural,71,5.0,14,Chăm sóc da mặt,Hasaki
Kem Dưỡng Olay Total Effects Ngừa Lão Hóa Da Ban Đêm 50g,228000,Olay,91,4.8,14,Chăm sóc da mặt,Hasaki
Dung Dịch Tẩy Da Chết Paula’s Choice 2% BHA 118ml,649000,Paula's Choice,32,4.9,154,Chăm sóc da mặt,Hasaki
"Combo 10 Mặt Nạ Sinh Học Emmié Phục Hồi, Dịu Da 25g",250000,Emmié by Happy Skin,82,5.0,14,Chăm sóc da mặt,Hasaki
Sữa Rửa Mặt CeraVe Làm Sạch & Tẩy Tế Bào Chết Dịu Nhẹ 236ml,290000,CeraVe,69,4.9,115,Chăm sóc da mặt,Hasaki
Sáp Tẩy Trang Banila Co Original Cho Mọi Loại Da 100ml,308000,Banila Co,65,4.9,8,Chăm sóc da mặt,Hasaki
Kem Dưỡng CeraVe Cho Da Khô Đến Rất Khô 340g,341000,CeraVe,58,5.0,12,Chăm sóc da mặt,Hasaki
Kem Dưỡng Hatomugi Cấp Ẩm & Làm Sáng Da 300g,88000,Hatomugi,223,4.7,27,Chăm sóc da mặt,Hasaki
Kem Dưỡng GoodnDoc Rau Má Dưỡng Ẩm Phục Hồi Da 50ml,399000,GoodnDoc,49,4.8,13,Chăm sóc da mặt,Hasaki
"Serum Balance Active Formula Làm Sáng Da, Mờ Thâm 30ml",126000,Balance Active Formula,155,4.9,52,Chăm sóc da mặt,Hasaki
"Kem Dưỡng Obagi Clinical Kinetin+ Giúp Dưỡng Ẩm, Làm Dịu Da 50ml",1230000,Obagi,16,5.0,10,Chăm sóc da mặt,Hasaki
Sữa Rửa Mặt Cocoon Chiết Xuất Từ Nghệ Hưng Yên 310ml,194000,Cocoon,100,4.9,8,Chăm sóc da mặt,Hasaki
"Mặt Nạ Wonjin Cung Cấp Năng Lượng, Phục Hồi Chuyên Sâu 30g",22000,WonJin,864,5.0,15,Chăm sóc da mặt,Hasaki
Sữa Chống Nắng Anessa Dưỡng Da Kiềm Dầu 20ml (Mới),178000,Anessa,107,4.9,43,Chăm sóc da mặt,Hasaki
"Serum Some By Mi Retinol 0.1% Ngừa Lão Hóa, Căng Bóng Da 30ml",328000,Some By Mi,58,5.0,12,Chăm sóc da mặt,Hasaki
"Serum 9Wishes Dưỡng Sáng Da, Giảm Thâm 25ml",211000,9Wishes,89,4.9,36,Chăm sóc da mặt,Hasaki
Bông Tẩy Trang Mihoo Kokimi Bông Vuông Túi 240 Miếng,47000,Mihoo,395,4.9,39,Chăm sóc da mặt,Hasaki
Combo Angel's Liquid Serum 30ml + Kem Dưỡng 50ml Sáng Da Chuyên Sâu,738000,Angel's Liquid,25,5.0,4,Chăm sóc da mặt,Hasaki
Combo 2 Sữa Rửa Mặt Simple Giúp Da Sạch Thoáng 150ml,186000,Simple,99,4.8,129,Chăm sóc da mặt,Hasaki
"Serum oh!oh! Dưỡng Sáng Da, Giảm Thâm Nám 10ml",229000,oh!oh!,80,5.0,28,Chăm sóc da mặt,Hasaki
Nước Hoa Hồng Skin1004 Phục Hồi Và Tái Tạo Da 210ml,312000,Skin1004,59,4.9,18,Chăm sóc da mặt,Hasaki
Kem Dưỡng Skin1004 Làm Dịu Da Chiết Xuất Rau Má 75ml,273000,Skin1004,67,4.9,23,Chăm sóc da mặt,Hasaki
Serum La Roche-Posay Giảm Mụn 3 Tác Động 30ml,727000,La Roche-Posay,25,4.7,9,Chăm sóc da mặt,Hasaki
Nước Tẩy Trang Simple Làm Sạch Trang Điểm Vượt Trội 400ml,125000,Simple,141,4.9,22,Chăm sóc da mặt,Hasaki
Khăn Lau Mặt Khô Hotosu Cao Cấp 80 Miếng (15x20cm),39000,Hotosu,447,5.0,9,Chăm sóc da mặt,Hasaki
Combo 2 Nước Tẩy Trang L'Oreal Căng Mịn Da 400ml+95ml,179000,L'Oreal,97,4.8,297,Chăm sóc da mặt,Hasaki
Gel Rửa Mặt Eucerin Cho Da Nhờn Mụn 400ml,402000,Eucerin,43,5.0,229,Chăm sóc da mặt,Hasaki
Combo 10 Mặt Nạ Wonjin Siêu Tinh Chất Phục Hồi 27g,159000,WonJin,108,5.0,8,Chăm sóc da mặt,Hasaki
Nước Tẩy Trang JMsolution Hyaluronic Acid Mọi Loại Da 500ml,114000,JMsolution,148,4.9,14,Chăm sóc da mặt,Hasaki
Kem Dưỡng L'Oreal Siêu Cấp Ẩm Căng Mịn Da 50ml,262000,L'Oreal,64,5.0,4,Chăm sóc da mặt,Hasaki
Combo L'Oreal Nước Tẩy Trang Tươi Mát Da 400ml + Nước Tẩy Trang Căng Mịn Da 95ml,161000,L'Oreal,104,4.8,297,Chăm sóc da mặt,Hasaki
"Kem Dưỡng Angel's Liquid Làm Sáng Da, Mờ Thâm 50ml",394000,Angel's Liquid,43,4.9,29,Chăm sóc da mặt,Hasaki
[Mini] Combo 5 Sữa Rửa Mặt CeraVe Sạch Sâu Cho Da Thường Đến Da Dầu 30ml,118000,CeraVe,140,4.8,13,Chăm sóc da mặt,Hasaki
[Mini] Mặt Nạ Ngủ Môi Laneige Hương Quả Mọng 3g,61000,Laneige,269,4.8,36,Chăm sóc da mặt,Hasaki
Combo Kem Dưỡng Olay Ngừa Lão Hóa Ban Ngày & Ban Đêm 50g/Lọ,407000,Olay,40,4.8,14,Chăm sóc da mặt,Hasaki
Tẩy Tế Bào Chết Rosette Thu Nhỏ Lỗ Chân Lông 120g,115000,Rosette,141,4.9,17,Chăm sóc da mặt,Hasaki
Sữa Rửa Mặt Cocoon Sen Hậu Giang Làm Dịu Da Nhạy Cảm 140ml,159000,Cocoon,102,5.0,6,Chăm sóc da mặt,Hasaki
Kem Rửa Mặt Hada Labo Dưỡng Chuyên Biệt Ngừa Lão Hóa 80g,71000,Hada Labo,228,4.9,9,Chăm sóc da mặt,Hasaki
Nước Cân Bằng Cocoon Sen Hậu Giang Làm Dịu Da Nhạy Cảm 310ml,169000,Cocoon,96,5.0,9,Chăm sóc da mặt,Hasaki
Combo Simple Chăm Sóc Cho Da Sạch Khỏe Đàn Hồi 3 Món,191000,Simple,84,4.9,16,Chăm sóc da mặt,Hasaki
Serum Skin1004 Rau Má Làm Dịu & Hỗ Trợ Phục Hồi Da 55ml,289000,Skin1004,56,4.9,102,Chăm sóc da mặt,Hasaki
Nước Tẩy Trang JMsolution Hyaluronic Acid Mọi Loại Da 850ml,156000,JMsolution,101,4.9,14,Chăm sóc da mặt,Hasaki
"Kem Dưỡng Ẩm Klairs Cho Da Khô, Nhạy Cảm 80ml",287000,Klairs,55,4.9,13,Chăm sóc da mặt,Hasaki
Combo L'Oreal Nước Tẩy Trang Sạch Sâu Trang Điểm 400ml + Nước Tẩy Trang Căng Mịn Da 95ml,167000,L'Oreal,94,4.8,297,Chăm sóc da mặt,Hasaki
Serum Caryophy Giảm Mụn Mờ Thâm Se Lỗ Chân Lông 30ml,324000,Caryophy,49,5.0,3,Chăm sóc da mặt,Hasaki
"Ampoule Angel's Liquid Dưỡng Sáng Da, Mờ Thâm Nám 30ml",393000,Angel's Liquid,40,4.9,35,Chăm sóc da mặt,Hasaki
"Combo 2 Nước Tẩy Trang L'Oreal Tươi Mát Cho Da Dầu, Hỗn Hợp 400ml",297000,L'Oreal,53,4.8,297,Chăm sóc da mặt,Hasaki
Dầu Tẩy Trang Hada Labo Sạch Sâu Dưỡng Ẩm Tối Ưu 200ml,170000,Hada Labo,91,4.9,21,Chăm sóc da mặt,Hasaki
Kem Chống Nắng Cetaphil Vật Lý Cho Da Nhạy Cảm SPF50 50g,309000,Cetaphil,50,5.0,1,Chăm sóc da mặt,Hasaki
Sữa Rửa Mặt Naruko Dạng Bùn Tràm Trà 120ml,165000,Naruko,91,4.9,31,Chăm sóc da mặt,Hasaki
Gel Rửa Mặt Bioderma Dành Cho Da Dầu & Hỗn Hợp 200ml (Tuýp),245000,Bioderma,61,5.0,14,Chăm sóc da mặt,Hasaki
Sữa Rửa Mặt Skin1004 Làm Sạch Sâu Cho Da Nhạy Cảm 125ml,244000,Skin1004,62,4.9,21,Chăm sóc da mặt,Hasaki
Kem Chống Nắng L'Oreal Mịn Nhẹ Nâng Tông Giảm Thâm 50ml,289000,L'Oreal,52,4.8,44,Chăm sóc da mặt,Hasaki
Combo 2 Sữa Chống Nắng Anessa Dưỡng Da Kiềm Dầu 60ml (Bản Mới),909000,Anessa,17,4.9,44,Chăm sóc da mặt,Hasaki
Sữa Chống Nắng La Roche-Posay Cho Da Dầu Mụn 50ml,447000,La Roche-Posay,33,4.8,18,Chăm sóc da mặt,Hasaki
Kem Dưỡng Olay Ban Ngày Ngăn Ngừa 7 Dấu Hiệu Lão Hóa 50g,220000,Olay,67,4.8,14,Chăm sóc da mặt,Hasaki
"Gel Dưỡng Hada Labo Sáng Da Chuyên Sâu, Giảm Thâm Sạm 50g",176000,Hada Labo,83,4.8,74,Chăm sóc da mặt,Hasaki
"Kem Dưỡng Mắt Sur.Medic+ Giảm Nếp Nhăn, Ngăn Lão Hóa 35ml",369000,Sur.Medic+,39,4.9,29,Chăm sóc da mặt,Hasaki
"Gel Dưỡng Megaduo Giảm Mụn, Mờ Thâm 15g",123000,Gamma Chemicals,116,4.8,88,Chăm sóc da mặt,Hasaki
"Xịt Khoáng Avène Cấp Nước, Làm Dịu & Giảm Kích Ứng 300ml",288000,Avène,49,5.0,26,Chăm sóc da mặt,Hasaki
Combo 10 Mặt Nạ Colorkey Dưỡng Ẩm Sáng Da Với Niacinamide 25ml,90000,Colorkey,156,4.8,9,Chăm sóc da mặt,Hasaki
Combo 10 Mặt Nạ Sur.Medic+ Cung Cấp Multi Vitamin 30g,230000,Sur.Medic+,61,4.9,19,Chăm sóc da mặt,Hasaki
Combo 2 Gel Rửa Mặt SVR Không Chứa Xà Phòng Cho Da Dầu 400ml/ Chai,784000,SVR,18,4.9,46,Chăm sóc da mặt,Hasaki
"Serum Derladie Niacinamide 20% Giảm Mụn, Mờ Thâm Đỏ 30ml",280000,Derladie,50,5.0,11,Chăm sóc da mặt,Hasaki
Serum Skin1004 Rau Má Dưỡng Sáng & Làm Dịu Da 100ml,352000,Skin1004,40,5.0,10,Chăm sóc da mặt,Hasaki
"Combo 2 Gel Rửa Mặt Simple Thanh Khiết, Giảm Bóng Nhờn 150ml",186000,Simple,74,4.8,129,Chăm sóc da mặt,Hasaki
Combo 10 Mặt Nạ BNBG Vitamin B3 Làm Sáng Da 30ml (Mới),160000,BNBG,85,4.9,11,Chăm sóc da mặt,Hasaki
Kem Dưỡng CeraVe Dạng Gel Kiềm Dầu Cho Da Dầu & Hỗn Hợp 52ml,281000,CeraVe,49,4.9,10,Chăm sóc da mặt,Hasaki
"Kem Dưỡng Angel's Liquid Dưỡng Sáng Da, Mờ Thâm Nám 50ml",397000,Angel's Liquid,34,5.0,24,Chăm sóc da mặt,Hasaki
"Combo Dr.G Kem Dưỡng Cấp Ẩm, Phục Hồi 70ml & Kem Chống Nắng Sáng Da 20ml",394000,Dr.G,34,5.0,1,Chăm sóc da mặt,Hasaki
Sữa Chống Nắng Sunplay Skin Aqua Dưỡng Da Sáng Mịn 25g,80000,Sunplay,163,4.9,107,Chăm sóc da mặt,Hasaki
Mặt Nạ Tẩy Tế Bào Chết Huxley Cho Da Mịn Màng Sạch Sâu 30g,78000,Huxley,167,4.8,17,Chăm sóc da mặt,Hasaki
Kem Dưỡng CeraVe Cho Da Khô Đến Rất Khô 50ml,136000,CeraVe,96,5.0,12,Chăm sóc da mặt,Hasaki
"Kem Dưỡng Mắt Meishoku Ngừa Lão Hóa, Giảm Quầng Thâm 30g",258000,MEISHOKU,50,4.8,12,Chăm sóc da mặt,Hasaki
Mặt Nạ Naruko Tràm Trà Kiểm Soát Dầu Và Giảm Mụn 26ml,24000,Naruko,530,4.9,263,Chăm sóc da mặt,Hasaki
[Mini] Combo 3 Mặt Nạ Ngủ Môi Laneige Hương Quả Mọng 3g,182000,Laneige,70,4.8,36,Chăm sóc da mặt,Hasaki
Combo 2 Nước Tẩy Trang Simple Làm Sạch Trang Điểm Vượt Trội 400ml,249000,Simple,51,4.9,22,Chăm sóc da mặt,Hasaki
Kem Dưỡng La Roche-Posay Giúp Phục Hồi Da Đa Công Dụng 15ml,179000,La Roche-Posay,70,4.9,55,Chăm sóc da mặt,Hasaki
Kem Dưỡng Hada Labo Chuyên Biệt Cải Thiện Da Lão Hóa 50g,187000,Hada Labo,67,4.8,74,Chăm sóc da mặt,Hasaki
Kem Dưỡng Bioderma Phục Hồi Da Tổn Thương Và Ngừa Sẹo 40ml,304000,Bioderma,41,5.0,7,Chăm sóc da mặt,Hasaki
Tinh Chất Angel's Liquid Giảm Thâm Nám Chuyên Biệt 30ml,579000,Angel's Liquid,22,5.0,4,Chăm sóc da mặt,Hasaki
Kem Dưỡng Pekah Làm Sáng Và Nâng Tông Da 50ml,368000,Pekah,33,4.9,12,Chăm sóc da mặt,Hasaki
Tinh Chất Chống Nắng Senka Nâng Tông Sáng Mượt Da Dầu 50g,132000,Senka,92,4.8,52,Chăm sóc da mặt,Hasaki
Bông Tẩy Trang Ipek 150 Miếng,27000,Ipek Klasik,445,4.8,67,Chăm sóc da mặt,Hasaki
Kem Dưỡng Eucerin Làm Sáng Da Ban Đêm 50ml,670000,Eucerin,18,5.0,16,Chăm sóc da mặt,Hasaki
Dung Dịch Hada Labo Gokujyun Dưỡng Ẩm Da Tối Ưu 170ml,212000,Hada Labo,56,4.9,18,Chăm sóc da mặt,Hasaki
Sữa Rửa Mặt Cetaphil Dịu Lành Cho Da Dầu Nhạy Cảm 500ml,398000,Cetaphil,30,4.7,6,Chăm sóc da mặt,Hasaki
Combo 3 Hộp Bông Tẩy Trang Silcot Cao Cấp 66 Miếng,113000,Silcot,104,4.9,12,Chăm sóc da mặt,Hasaki
Combo 2 Sữa Chống Nắng Anessa Dưỡng Da Kiềm Dầu 60ml+20ml (Bản Mới),650000,Anessa,18,4.9,43,Chăm sóc da mặt,Hasaki
Mặt Nạ Wonjin Dưỡng Sáng Da 30g,24000,WonJin,480,5.0,15,Chăm sóc da mặt,Hasaki
Kem Dưỡng Bio-essence Dưỡng Da Tươi Sáng Căng Mọng 50g,280000,Bio-essence,41,5.0,14,Chăm sóc da mặt,Hasaki
Kem Dưỡng Ẩm Neutrogena Cấp Nước Cho Da Khô 50g,259000,Neutrogena,44,4.9,8,Chăm sóc da mặt,Hasaki
Kem Dưỡng Forencos Dầu Marula Nâng Tông Da Ban Ngày 15g,175000,Forencos,65,4.8,6,Chăm sóc da mặt,Hasaki
Combo L'Oreal Nước Tẩy Trang Dưỡng Ẩm 400ml + Nước Tẩy Trang Căng Mịn Da 95ml,163000,L'Oreal,70,4.8,297,Chăm sóc da mặt,Hasaki
Gel Rửa Mặt Cocoon Bí Đao Giúp Giảm Dầu & Mụn 310ml,175000,Cocoon,64,4.9,12,Chăm sóc da mặt,Hasaki
Mặt Nạ Wonjin Cấp Ẩm Chuyên Sâu 30g,23000,WonJin,484,5.0,15,Chăm sóc da mặt,Hasaki
Nước Tẩy Trang Eveline Hyaluron Clinic B5 Cấp Ẩm 500ml,136000,Eveline,82,5.0,4,Chăm sóc da mặt,Hasaki
Nước Dưỡng Da Chinoshio Dokudami Chiết Xuất Lá Diếp Cá 500ml,67000,Chinoshio,166,4.8,26,Chăm sóc da mặt,Hasaki
Kem Dưỡng Cocoon Dạng Thạch Hoa Hồng Dưỡng Ẩm Da 30ml,172000,Cocoon,65,4.7,9,Chăm sóc da mặt,Hasaki
Combo 2 Nước Tẩy Trang L'Oreal Làm Sạch Sâu Trang Điểm 400ml,379000,L'Oreal,29,4.8,297,Chăm sóc da mặt,Hasaki
Serum Chống Nắng Garnier 12H Kiềm Dầu & Hỗ Trợ Giảm Mụn 30ml,159000,Garnier,70,5.0,3,Chăm sóc da mặt,Hasaki
Toner Ma:nyo Chứa Tinh Chất Dưỡng Ẩm Cho Da 210ml,180000,Ma:nyo,61,5.0,3,Chăm sóc da mặt,Hasaki
Combo 2 Nước Tẩy Trang Garnier Dành Cho Da Dầu Và Mụn 400ml (Mới),248000,Garnier,44,4.9,69,Chăm sóc da mặt,Hasaki
"Kem Dưỡng Swiss Image Sáng Da, Giảm Thâm Nám Ban Đêm 50ml",384000,Swiss Image,28,4.9,26,Chăm sóc da mặt,Hasaki
Bông Tẩy Trang Bông Bạch Tuyết Calla Giúp Sạch Sâu Túi 500g,149000,Bông Bạch Tuyết,72,5.0,3,Chăm sóc da mặt,Hasaki
Kem Rửa Mặt Hada Labo Cho Da Mụn Và Nhạy Cảm 80g,71000,Hada Labo,151,4.7,9,Chăm sóc da mặt,Hasaki
"Serum Klairs Cấp Ẩm Cho Da Khô, Nhạy Cảm 80ml",285000,Klairs,38,4.9,32,Chăm sóc da mặt,Hasaki
Mặt Nạ Banobagi Dưỡng Sáng Và Cấp Ẩm Cho Da 30g (Xanh),17000,Banobagi,622,4.9,18,Chăm sóc da mặt,Hasaki
Nước Hoa Hồng Some By Mi AHA-BHA-PHA Cho Da Mụn 150ml,227000,Some By Mi,47,4.9,75,Chăm sóc da mặt,Hasaki
Combo Nước Tẩy Trang L'Oreal Làm Sạch Cho Da Dầu 400ml + Căng Mịn Da 95ml,174000,L'Oreal,61,4.8,297,Chăm sóc da mặt,Hasaki
Bông Tẩy Trang Jomi 120 Miếng,26000,Jomi,401,4.8,20,Chăm sóc da mặt,Hasaki
Serum DrCeutics Vitamin B5 Cấp Ẩm Cho Da Dầu Mụn 30g,116000,DrCeutics,90,5.0,9,Chăm sóc da mặt,Hasaki
Kem Chống Nắng Pekah Vật Lý Bảo Vệ Khỏi Tia UV 70ml,249000,Pekah,41,4.9,11,Chăm sóc da mặt,Hasaki
"Serum Uriage Làm Dịu, Phục Hồi Da Tổn Thương Hằng Ngày 30ml",708000,Uriage,15,5.0,5,Chăm sóc da mặt,Hasaki
Kem Dưỡng Ẩm Hada Labo Tối Ưu Cho Mọi Loại Da 50g,168000,Hada Labo,61,4.8,74,Chăm sóc da mặt,Hasaki
Gel Rửa Mặt SVR Không Chứa Xà Phòng Cho Da Dầu 55ml,141000,SVR,71,4.9,46,Chăm sóc da mặt,Hasaki
Kem Dưỡng Forencos Dầu Marula Nâng Tông Da Ban Ngày 50ml,498000,Forencos,21,4.8,6,Chăm sóc da mặt,Hasaki
Tẩy Tế Bào Chết Eucerin Dành Cho Da Nhờn Mụn 100ml,256000,Eucerin,39,4.8,9,Chăm sóc da mặt,Hasaki
Toner Eucerin Dành Cho Da Nhờn Mụn 200ml,305000,Eucerin,33,4.8,17,Chăm sóc da mặt,Hasaki
Gel Giảm Mụn Alcom Derma Forte Advanced 15g,98000,Gamma Chemicals,101,4.8,4,Chăm sóc da mặt,Hasaki
Kem Dưỡng L'Oreal Săn Chắc Da và Giảm Nếp Nhăn Ban Đêm 50ml,329000,L'Oreal,30,5.0,5,Chăm sóc da mặt,Hasaki
"Kem Dưỡng Ẩm Bioderma Dành Cho Da Mụn, Nhạy Cảm 30ml",339000,Bioderma,29,4.6,10,Chăm sóc da mặt,Hasaki
"Mặt Nạ Mắt JMsolution Ngọc Trai Mờ Quầng Thâm, Nếp Nhăn 90g",169000,JMsolution,58,4.9,18,Chăm sóc da mặt,Hasaki
Sữa Rửa Mặt Cetaphil Tạo Bọt Dịu Lành Cho Da Nhạy Cảm 473ml,374000,Cetaphil,27,5.0,7,Chăm sóc da mặt,Hasaki
Kem Chống Nắng Eucerin Chứa Tinh Chất Sáng Da 50ml,391000,Eucerin,25,4.9,11,Chăm sóc da mặt,Hasaki
Thùng 30 Túi Bông Tẩy Trang Hotosu Cao Cấp 150 Miếng,778000,Hotosu,13,4.8,47,Chăm sóc da mặt,Hasaki
Serum Chống Nắng Anessa Dưỡng Da Nâng Tông 30ml,649000,Anessa,15,4.8,11,Chăm sóc da mặt,Hasaki
[Mini] Serum Skin1004 Rau Má Làm Dịu & Hỗ Trợ Phục Hồi Da 30ml,159000,Skin1004,61,4.9,102,Chăm sóc da mặt,Hasaki
Dầu Tẩy Trang Cocoon Chiết Xuất Hoa Hồng 140ml,128000,Cocoon,76,4.9,13,Chăm sóc da mặt,Hasaki
"Combo Cosrx Gel Rửa Mặt Tràm Trà, 0.5% BHA 150ml + Kem Chống Nắng Mỏng Nhẹ, Trong Suốt 50ml",386000,Cosrx,25,5.0,1,Chăm sóc da mặt,Hasaki
Bông Tẩy Trang Silcot Cơ Bản Hộp 82 Miếng,38000,Silcot,253,5.0,63,Chăm sóc da mặt,Hasaki
Kem Chống Nắng Cocoon Bí Đao Quang Phổ Rộng 50ml,249000,Cocoon,39,4.8,12,Chăm sóc da mặt,Hasaki
Gel Rửa Mặt Bioderma Dành Cho Da Dầu & Hỗn Hợp 500ml,409000,Bioderma,24,5.0,14,Chăm sóc da mặt,Hasaki
[Mini] Mặt Nạ Ngủ Môi Laneige Hương Quả Mọng 8g,187000,Laneige,51,4.8,36,Chăm sóc da mặt,Hasaki
Xịt Chống Nắng Anessa Dưỡng Da Đa Năng 60g (Mới),306000,Anessa,32,5.0,2,Chăm sóc da mặt,Hasaki
Sữa Rửa Mặt Cetaphil Dịu Lành Cho Da Nhạy Cảm 250ml (Mới),250000,Cetaphil,38,4.8,41,Chăm sóc da mặt,Hasaki
Nước Xịt Khoáng Bio-essence Dưỡng Da Ẩm Mượt Mịn Màng 300ml,172000,Bio-essence,55,4.9,9,Chăm sóc da mặt,Hasaki
Combo 2 Kem Chống Nắng L'Oreal X20 Thoáng Da Mỏng Nhẹ 50ml,481000,L'Oreal,20,4.8,44,Chăm sóc da mặt,Hasaki
"[Mini] Gel Rửa Mặt La Roche-Posay Dành Cho Da Dầu, Nhạy Cảm 50ml",69000,La Roche-Posay,136,4.9,142,Chăm sóc da mặt,Hasaki
Gel Giảm Mụn Eucerin Dành Cho Mụn Viêm & Không Viêm 40ml,316000,Eucerin,29,4.9,58,Chăm sóc da mặt,Hasaki
Nước Tẩy Trang Byphasse Cho Mọi Loại Da 500ml,109000,Byphasse,83,4.7,78,Chăm sóc da mặt,Hasaki
Hộp 10 Miếng Mặt Nạ Wonjin Cấp Ẩm Chuyên Sâu 30g/M,234000,WonJin,39,5.0,15,Chăm sóc da mặt,Hasaki
"Mặt Nạ Sinh Học Emmié Phục Hồi, Dịu Da 25g",25000,Emmié by Happy Skin,358,5.0,14,Chăm sóc da mặt,Hasaki
"Nước Cân Bằng La Roche-Posay Cho Da Thường, Nhạy Cảm 200ml",486000,La Roche-Posay,19,5.0,7,Chăm sóc da mặt,Hasaki
Chấm Mụn Neogen Dermalogy Hỗ Trợ Giảm Sưng Viêm 15ml,242000,Neogen Dermalogy,37,5.0,27,Chăm sóc da mặt,Hasaki
Serum Paula's Choice Se Khít Lỗ Chân Lông Tối Ưu 20ml,1220000,Paula's Choice,8,5.0,13,Chăm sóc da mặt,Hasaki
Combo 10 Mặt Nạ BNBG Vitamin Dưỡng Da Chuyên Sâu 30ml,159000,BNBG,56,4.9,11,Chăm sóc da mặt,Hasaki
Mặt Nạ Ngủ Môi Laneige Hương Quả Mọng 20g,394000,Laneige,23,4.8,36,Chăm sóc da mặt,Hasaki
Sữa Chống Nắng Sunplay Skin Aqua Dưỡng Da Ngừa Mụn 25g,96000,Sunplay,91,4.9,26,Chăm sóc da mặt,Hasaki
Sữa Rửa Mặt Caryophy Ngăn Ngừa Mụn Giảm Thâm 150ml,202000,Caryophy,43,4.8,9,Chăm sóc da mặt,Hasaki
Bông Tẩy Trang LilyBell Lilian Puff Cotton 222 Miếng,58000,LilyBell,148,5.0,26,Chăm sóc da mặt,Hasaki
Serum Garnier Tăng Cường Sáng Da Mờ Thâm 30ml,194000,Garnier,45,4.7,21,Chăm sóc da mặt,Hasaki
"Sữa Tắm Hatomugi Cấp Ẩm Sâu, Hỗ Trợ Sáng Da 600ml",87000,Hatomugi,99,4.5,2,Chăm sóc da mặt,Hasaki
Mặt Nạ Some By Mi Đất Sét Trà Xanh Thu Nhỏ Lỗ Chân Lông 100g,259000,Some By Mi,33,4.7,19,Chăm sóc da mặt,Hasaki
Kem Chống Nắng Naris Cosmetics Dạng Gel Dưỡng Sáng Da 90g,389000,Naris Cosmetics,22,4.9,92,Chăm sóc da mặt,Hasaki
"Mặt Nạ Wonjin Nâng Cơ, Trẻ Hóa Da 30g",23000,WonJin,366,5.0,15,Chăm sóc da mặt,Hasaki
"Combo 10 Mặt Nạ Banobagi Dưỡng Sáng, Cấp Ẩm Cho Da 30g",160000,Banobagi,53,4.9,18,Chăm sóc da mặt,Hasaki
Kem Dưỡng La Roche-Posay Giảm Mụn Hiệu Quả 7.5ml,94000,La Roche-Posay,89,4.9,23,Chăm sóc da mặt,Hasaki
Gel Rửa Mặt SVR Không Chứa Xà Phòng Cho Da Dầu Túi 400ml,317000,SVR,27,4.9,46,Chăm sóc da mặt,Hasaki
"Tinh Chất La Bonita B5 Hỗ Trợ Phục Hồi, Làm Dịu Da 50ml",293000,La Bonita,29,4.0,2,Chăm sóc da mặt,Hasaki
Gel Rửa Mặt I'm from Từ Ngải Cứu Sạch Sâu Dịu Nhẹ 150ml,209000,I'm from,40,5.0,6,Chăm sóc da mặt,Hasaki
Nước Tẩy Trang Bio-essence Không Cồn Sạch Sâu Da 400ml,149000,Bio-essence,55,5.0,26,Chăm sóc da mặt,Hasaki
Bông Tẩy Trang Mihoo Bông Tròn Túi 200 Miếng,56000,Mihoo,146,5.0,26,Chăm sóc da mặt,Hasaki
Mặt Nạ Sur.Medic+ Tinh Chất Glutathione Làm Sáng Da 30g,24000,Sur.Medic+,338,5.0,26,Chăm sóc da mặt,Hasaki
Kem Dưỡng Ẩm Cetaphil Dịu Lành Cho Da Nhạy Cảm 453g,410000,Cetaphil,20,4.8,12,Chăm sóc da mặt,Hasaki
Kem Dưỡng Garnier Tinh Chất Serum Sáng Da Ban Ngày 50ml,148000,Garnier,54,4.8,6,Chăm sóc da mặt,Hasaki
Serum Eucerin Cấp Ẩm & Ngăn Ngừa Lão Hóa 30ml,711000,Eucerin,12,5.0,30,Chăm sóc da mặt,Hasaki
"Combo 10 Mặt Nạ Wonjin Siêu Tinh Chất Nâng Cơ, Trẻ Hoá Da 27g",169000,WonJin,47,5.0,8,Chăm sóc da mặt,Hasaki
"Kem Dưỡng SVR Kiềm Dầu, Se Khít Lỗ Chân Lông 40ml (Mới)",378000,SVR,21,4.9,9,Chăm sóc da mặt,Hasaki
Combo 2 Nước Tẩy Trang Garnier Làm Sạch Sâu Lớp Trang Điểm 400ml,265000,Garnier,30,4.9,69,Chăm sóc da mặt,Hasaki
Nước Tẩy Trang Bioderma Dành Cho Da Nhạy Cảm 100ml,172000,Bioderma,46,4.9,228,Chăm sóc da mặt,Hasaki
Sữa Chống Nắng Sunplay Hiệu Chỉnh Sắc Da 50g (Xanh),138000,Sunplay,57,4.8,85,Chăm sóc da mặt,Hasaki
Mặt Nạ BNBG Vitamin B Phục Hồi Da 30ml (Mới),16000,BNBG,482,4.9,11,Chăm sóc da mặt,Hasaki
Serum d'Alba Dạng Xịt 8 Loại Dầu Hoa Đỏ Cấp Ẩm Dịu Da 100ml,369000,d'Alba,21,5.0,1,Chăm sóc da mặt,Hasaki
Miếng Dán Mụn Derma Angel Dùng Cho Ngày & Đêm 18 Miếng,55000,Derma Angel,140,4.9,8,Chăm sóc da mặt,Hasaki
"Combo La Roche-Posay Kem Dưỡng Giảm Mụn Hiệu Quả 40ml + Gel Rửa Mặt Cho Da Dầu, Nhạy Cảm 50ml",409000,La Roche-Posay,19,4.9,23,Chăm sóc da mặt,Hasaki
Sữa Rửa Mặt St.Ives Tẩy Tế Bào Chết Trà Xanh & Than Tre 170g,129000,St.Ives,60,4.9,74,Chăm sóc da mặt,Hasaki
Serum Garnier Tăng Cường Sáng Da Mờ Thâm Ban Đêm 30ml,234000,Garnier,33,4.7,21,Chăm sóc da mặt,Hasaki
"Combo 2 Serum Torriden Dưỡng Ẩm Sâu, Sáng Bóng Da 50ml",487000,Torriden,16,5.0,5,Chăm sóc da mặt,Hasaki
"Kem Chống Nắng The Saem Kiềm Dầu, Nâng Tông Sáng Hồng 50g (Mới)",131000,The SAEM,58,5.0,4,Chăm sóc da mặt,Hasaki
Sữa Rửa Mặt Eucerin Dịu Nhẹ Cho Da Nhạy Cảm 100ml (Mới),115000,Eucerin,66,4.9,47,Chăm sóc da mặt,Hasaki
[Mini] Combo 10 Sữa Dưỡng Ẩm CeraVe Cho Da Khô Đến Rất Khô 30ml,229000,CeraVe,33,4.7,7,Chăm sóc da mặt,Hasaki
Combo Simple Chăm Sóc Cho Da Dầu Mụn 3 Món,191000,Simple,39,4.9,16,Chăm sóc da mặt,Hasaki
Kem Dưỡng Eucerin Sáng Da Ban Ngày 50ml,767000,Eucerin,10,5.0,16,Chăm sóc da mặt,Hasaki
Bông Tẩy Trang Bông Bạch Tuyết Calla Mềm Mịn Túi 500g,141000,Bông Bạch Tuyết,53,5.0,3,Chăm sóc da mặt,Hasaki
Miếng Dán Mụn Some By Mi 18 Miếng,60000,Some By Mi,123,4.9,17,Chăm sóc da mặt,Hasaki
Combo 2 Sữa Chống Nắng Sunplay Skin Aqua Dưỡng Da Sáng Mịn 55g,306000,Sunplay,24,4.9,107,Chăm sóc da mặt,Hasaki
Serum Balance Active Formula Ngừa Mụn Mờ Thâm 30ml,130000,Balance Active Formula,57,4.8,45,Chăm sóc da mặt,Hasaki
"[Mini] Kem Dưỡng Vichy Ngừa Lão Hóa, Săn Chắc Da Ban Ngày 15ml",149000,Vichy,49,4.8,11,Chăm sóc da mặt,Hasaki
Combo 2 Sữa Rửa Mặt innisfree Kiểm Soát Nhờn Tro Núi Lửa & BHA 150g (Mới),331000,innisfree,23,5.0,1,Chăm sóc da mặt,Hasaki
Nước Tẩy Trang Eucerin Dịu Nhẹ Cho Da Nhạy Cảm 400ml,337000,Eucerin,22,5.0,5,Chăm sóc da mặt,Hasaki
"Combo 5 Mặt Nạ Sinh Học Emmié Phục Hồi, Dịu Da 25g",125000,Emmié by Happy Skin,58,5.0,14,Chăm sóc da mặt,Hasaki
Nước Tẩy Trang Simple Làm Sạch Trang Điểm 200ml,59000,Simple,123,4.9,22,Chăm sóc da mặt,Hasaki
[Mini] Sữa Rửa Mặt CeraVe Sạch Sâu Cho Da Thường Đến Da Dầu 30ml,23000,CeraVe,312,4.8,13,Chăm sóc da mặt,Hasaki
Gel Tẩy Tế Bào Chết Bio-essence Dưỡng Da Tươi Trẻ 60g,153000,Bio-essence,47,5.0,32,Chăm sóc da mặt,Hasaki
Combo 10 Mặt Nạ Wonjin Siêu Tinh Chất Cấp Ẩm 27g,179000,WonJin,40,5.0,8,Chăm sóc da mặt,Hasaki
Sữa Chống Nắng La Roche-Posay Bảo Vệ Khỏi Tia UVA Dài 50ml,512000,La Roche-Posay,14,4.8,18,Chăm sóc da mặt,Hasaki
Kem Dưỡng Naris Cosmetics Collagen Ngừa Lão Hóa Da 48g,467000,Naris Cosmetics,16,5.0,21,Chăm sóc da mặt,Hasaki
"Nước Tẩy Trang Senka Ngừa Mụn, Kiểm Soát Nhờn 230ml",80000,Senka,88,4.9,59,Chăm sóc da mặt,Hasaki
Sữa Rửa Mặt Isis Pharma Giảm Nhờn Và Ngăn Ngừa Mụn 150ml,315000,Isis Pharma,22,4.8,11,Chăm sóc da mặt,Hasaki
Nước Hoa Hồng Bioderma Dành Cho Da Nhạy Cảm 250ml,330000,Bioderma,21,5.0,4,Chăm sóc da mặt,Hasaki
Gel Rửa Mặt Swiss Image Cho Da Hỗn Hợp Và Dầu Mụn 200ml,298000,Swiss Image,23,5.0,18,Chăm sóc da mặt,Hasaki
Nước Tẩy Trang SVR Micellar Giúp Loại Bỏ Dầu Cho Da 400ml,363000,SVR,19,4.8,4,Chăm sóc da mặt,Hasaki
Nước Tẩy Trang DrCeutics Sạch Mịn Màng Cho Mọi Loại Da 500ml (Màu Ngẫu Nhiên),139000,DrCeutics,50,5.0,2,Chăm sóc da mặt,Hasaki
Sữa Rửa Mặt Senka Tạo Bọt Chiết Xuất Tơ Tằm Trắng 120g,83000,Senka,83,4.9,36,Chăm sóc da mặt,Hasaki
Nước Tẩy Trang Bioderma Dành Cho Da Dầu & Hỗn Hợp 100ml,172000,Bioderma,40,4.9,228,Chăm sóc da mặt,Hasaki
"Kem Dưỡng Bio-essence Cấp Ẩm Sâu, Ngăn Bụi Bẩn 50g",213000,Bio-essence,32,4.9,19,Chăm sóc da mặt,Hasaki
Kem Dưỡng La Roche-Posay Giảm Thâm Nám & Dưỡng Sáng Da 40ml,839000,La Roche-Posay,8,5.0,4,Chăm sóc da mặt,Hasaki
Combo 2 Nước Tẩy Trang Garnier Dành Cho Da Nhạy Cảm 400ml,232000,Garnier,29,4.9,69,Chăm sóc da mặt,Hasaki
Mặt Nạ Ngủ Garnier Tinh Chất Sữa Chua Sáng Da Ban Đêm 50ml,162000,Garnier,41,4.8,9,Chăm sóc da mặt,Hasaki
Combo 2 Gel Chống Nắng Anessa Dưỡng Sáng Nâng Tông 90g (Mới),745000,Anessa,9,4.8,15,Chăm sóc da mặt,Hasaki
Mặt Nạ innisfree Chăm Sóc Lỗ Chân Lông 100ml (Mới),220000,innisfree,31,5.0,2,Chăm sóc da mặt,Hasaki
Sữa Rửa Mặt Simple Dưỡng Ẩm Cho Da Dạng Gel 150ml,91000,Simple,73,4.8,129,Chăm sóc da mặt,Hasaki
Combo 2 Kem Dưỡng Olay Luminous Sáng Da Mờ Thâm Nám Ban Ngày 50g,316000,Olay,21,4.9,57,Chăm sóc da mặt,Hasaki
"Serum Melano CC Dưỡng Sáng Da, Ngừa Thâm Nám 20ml",217000,Melano CC,31,4.9,27,Chăm sóc da mặt,Hasaki
Khăn Lau Mặt Khô Hotosu Cao Cấp 80 Miếng (20x20cm),49000,Hotosu,133,5.0,9,Chăm sóc da mặt,Hasaki
Gel Sữa Chống Nắng Senka Ẩm Mượt Cho Da Khô 80g,170000,Senka,39,4.8,52,Chăm sóc da mặt,Hasaki
Combo L'Oreal Serum Hyaluronic Acid Cấp Ẩm Sáng Da 30ml + Serum HA Mini 7.5ml + Kem Dưỡng Ngày HA Mini 15ml,311000,L'Oreal,21,5.0,1,Chăm sóc da mặt,Hasaki
Mặt Nạ Ngủ Senka Cấp Ẩm Chuyên Sâu Dạng Gel 50g,157000,Senka,42,4.8,21,Chăm sóc da mặt,Hasaki
Kem Dưỡng Cocoon Dạng Thạch Bí Đao Giảm Dầu & Mụn 30ml,175000,Cocoon,37,4.7,11,Chăm sóc da mặt,Hasaki
"Serum Tia'm Thu Nhỏ Lỗ Chân Lông, Giảm Dầu Nhờn 40ml",328000,TIA'M,20,5.0,8,Chăm sóc da mặt,Hasaki
Sữa Rửa Mặt Simple Dưỡng Ẩm Cho Da Khỏe Và Mịn Màng 150ml,91000,Simple,71,4.8,129,Chăm sóc da mặt,Hasaki
"Nước Tẩy Trang Caryophy Cho Da Dầu Mụn, Nhạy Cảm 500ml",241000,Caryophy,27,4.8,12,Chăm sóc da mặt,Hasaki
Sữa Rửa Mặt L'Oreal Glycolic Bright Sáng Da 100ml,114000,L'Oreal,55,4.0,2,Chăm sóc da mặt,Hasaki
Sữa Rửa Mặt CeraVe Cho Da Thường Đến Khô 88ml,131000,CeraVe,48,4.9,115,Chăm sóc da mặt,Hasaki
Mặt Nạ Cocoon Bí Đao Giảm Dầu & Mụn 30ml,94000,Cocoon,66,4.9,36,Chăm sóc da mặt,Hasaki
Kem Dưỡng Pond's Sáng Hồng Rạng Rỡ Cho Ban Đêm 45g,134000,Pond's,47,4.7,7,Chăm sóc da mặt,Hasaki
"Serum Paula’s Choice Sáng Da, Giúp Se Lỗ Chân Lông 20ml",1290000,Paula's Choice,5,4.8,4,Chăm sóc da mặt,Hasaki
Miếng Dán Mụn Mayan Ultra Thin Spot 20+4 Miếng,27000,Mayan,228,4.9,30,Chăm sóc da mặt,Hasaki
Dưỡng Môi Đa Năng Pure Paw Paw Chiết Xuất Đu Đủ 25g,77000,Pure Paw Paw,80,4.6,11,Chăm sóc da mặt,Hasaki
Nước Tẩy Trang Nivea Ngăn Ngừa Mụn 400ml,160000,Nivea,39,4.8,16,Chăm sóc da mặt,Hasaki
Combo 2 Mặt Nạ Nghệ Hưng Yên Cocoon Dưỡng Da Mịn Màng 30ml,147000,Cocoon,42,4.9,35,Chăm sóc da mặt,Hasaki
Serum Hada Labo Retinol B3 Ngừa Lão Hóa 30ml (Mới),289000,Hada Labo,22,4.7,3,Chăm sóc da mặt,Hasaki
Combo 2 Nước Tẩy Trang La Roche-Posay Dành Cho Da Nhạy Cảm 400ml,729000,La Roche-Posay,9,4.8,47,Chăm sóc da mặt,Hasaki
"Kem Dưỡng Ẩm Bioderma Giảm Khô Căng, Bong Tróc Da Mụn 40ml",382000,Bioderma,16,4.7,6,Chăm sóc da mặt,Hasaki
Combo 2 Bông Tẩy Trang Ipek 150 Miếng,54000,Ipek Klasik,113,4.8,67,Chăm sóc da mặt,Hasaki
[Mini] Kem Dưỡng Neutrogena Cấp Nước Cho Da Dầu 15g,77000,Neutrogena,79,4.8,69,Chăm sóc da mặt,Hasaki
Kem Dưỡng Caryophy Cấp Ẩm Và Phục Hồi Da 50ml,376000,Caryophy,16,5.0,11,Chăm sóc da mặt,Hasaki
"Mặt Nạ Banobagi Dưỡng Sáng Da, Mờ Thâm Nám 30g (Cam)",17000,Banobagi,354,4.9,18,Chăm sóc da mặt,Hasaki
Kem Dưỡng Ẩm Swiss Image Chống Nắng Ban Ngày 50ml,350000,Swiss Image,17,4.9,31,Chăm sóc da mặt,Hasaki
Toner Pad Medicube Thu Nhỏ Lỗ Chân Lông 70 Miếng,389000,Medicube,16,4.5,2,Chăm sóc da mặt,Hasaki
Combo Cocoon Gel Rửa Mặt Bí Đao 310ml + Nước Cân Bằng Bí Đao 310ml,242000,Cocoon,25,5.0,2,Chăm sóc da mặt,Hasaki
Gel Rửa Mặt Bioderma Tạo Bọt Cho Da Nhạy Cảm 200ml,360000,Bioderma,17,5.0,11,Chăm sóc da mặt,Hasaki
Toner Paula’s Choice Điều Chỉnh Lỗ Chân Lông 190ml,533000,Paula's Choice,11,5.0,4,Chăm sóc da mặt,Hasaki
"Toner Pyunkang Yul Cấp Ẩm, Làm Dịu Da 200ml",298000,Pyunkang Yul,20,4.9,9,Chăm sóc da mặt,Hasaki
Kem Giảm Mụn Acnes Chuyên Sâu 10g,45000,Acnes,126,4.9,26,Chăm sóc da mặt,Hasaki
"Kem Dưỡng A-Derma Làm Dịu, Giảm Sẹo & Phục Hồi Thương Tổn 40ml",380000,A-Derma,15,5.0,8,Chăm sóc da mặt,Hasaki
Gel Nha Đam Milaganics Dưỡng Ẩm & Làm Mềm Da 300ml,87000,Milaganics,66,4.9,26,Chăm sóc da mặt,Hasaki
"Serum Swiss Image Dưỡng Sáng Da, Giảm Xỉn Màu 30ml",400000,Swiss Image,14,5.0,8,Chăm sóc da mặt,Hasaki
Mặt Nạ BNBG Vitamin E Dưỡng Ẩm Da 30ml (Mới),16000,BNBG,349,4.9,11,Chăm sóc da mặt,Hasaki
Sữa Dưỡng Ẩm Ban Đêm CeraVe Dành Cho Da Mặt 52ml,286000,CeraVe,20,5.0,7,Chăm sóc da mặt,Hasaki
Gel Rửa Mặt Eucerin Cho Da Nhờn Mụn 200ml,295000,Eucerin,19,5.0,229,Chăm sóc da mặt,Hasaki
Combo Nước Tẩy Trang Simple Làm Sạch Trang Điểm 200ml+400ml,189000,Simple,29,4.9,22,Chăm sóc da mặt,Hasaki
Mặt Nạ Ngủ Môi Care:Nel Chiết Xuất Quả Lựu 5g,41000,Care:Nel,134,5.0,46,Chăm sóc da mặt,Hasaki
Serum Neutrogena Retinol Ngăn Ngừa Lão Hóa 30ml,333000,Neutrogena,17,5.0,1,Chăm sóc da mặt,Hasaki
Combo 2 Kem Dưỡng Olay Luminous Sáng Da Mờ Thâm Nám Ban Đêm 50g,316000,Olay,18,4.9,57,Chăm sóc da mặt,Hasaki
"Combo 3 Mặt Nạ Caryophy Giảm Mụn, Thâm & Dưỡng Ẩm Da 22g",66000,Caryophy,83,5.0,34,Chăm sóc da mặt,Hasaki
Kem Chống Nắng Fixderma Dưỡng Ẩm Cho Da Mặt & Cơ Thể 75g,296000,Fixderma,19,5.0,6,Chăm sóc da mặt,Hasaki
Kem Dưỡng Pond's Sáng Hồng Rạng Rỡ Cho Ban Ngày 45g,123000,Pond's,45,4.7,7,Chăm sóc da mặt,Hasaki
Sữa Rửa Mặt L'Oreal Cấp Ẩm Và Căng Mịn Da 100ml,121000,L'Oreal,45,4.6,5,Chăm sóc da mặt,Hasaki
Gel Dưỡng Ẩm Nature Republic Chiết Xuất Lô Hội 300ml,116000,Nature Republic,47,4.9,24,Chăm sóc da mặt,Hasaki
"Tinh Chất Bí Đao Cocoon Làm Giảm Mụn, Mờ Thâm 70ml",191000,Cocoon,29,4.8,18,Chăm sóc da mặt,Hasaki
Hộp 10 Miếng Mặt Nạ Wonjin Dưỡng Sáng Da 30g/M,239000,WonJin,23,5.0,15,Chăm sóc da mặt,Hasaki
Nước Cân Bằng Cocoon Bí Đao Giảm Dầu & Mụn 310ml,200000,Cocoon,28,4.9,11,Chăm sóc da mặt,Hasaki
Serum Simple Hyaluronic Acid & B5 Cấp Ẩm Sâu Đa Tầng 30ml,184000,Simple,30,5.0,8,Chăm sóc da mặt,Hasaki
Kem Dưỡng Ẩm Cetaphil Dịu Lành Cho Da Nhạy Cảm 50g,153000,Cetaphil,36,4.8,12,Chăm sóc da mặt,Hasaki
Combo 10 Mặt Nạ Foodaholic Retinol Giảm Mụn 23ml,99000,Foodaholic,55,4.9,23,Chăm sóc da mặt,Hasaki
Kem Chống Nắng L'Oreal Mịn Nhẹ Kiềm Dầu Thoáng Mịn Da 50ml,294000,L'Oreal,19,4.8,44,Chăm sóc da mặt,Hasaki
Sữa Rửa Mặt d program Tạo Bọt Dưỡng Da 120g,219000,dProgram,25,4.9,8,Chăm sóc da mặt,Hasaki
Nước Tẩy Trang Swiss Image 3 Trong 1 Sạch Sâu 400ml,330000,Swiss Image,16,5.0,16,Chăm sóc da mặt,Hasaki
Kem Chống Nắng Hatomugi Nâng Tông & Dưỡng Ẩm Da 70g,92000,Hatomugi,58,4.6,28,Chăm sóc da mặt,Hasaki
Gel Dưỡng SVR Giảm Mụn & Loại Bỏ Dầu Cho Da 40ml,331000,SVR,16,4.8,5,Chăm sóc da mặt,Hasaki
Sữa Rửa Mặt Cetaphil Dịu Lành Cho Da Nhạy Cảm 59ml,39000,Cetaphil,134,4.8,41,Chăm sóc da mặt,Hasaki
Lotion Hatomugi Dưỡng Ẩm Và Làm Sáng Da 500ml,91000,Hatomugi,57,4.8,19,Chăm sóc da mặt,Hasaki
Kem Chống Nắng d'Alba Vật Lý Dịu Nhẹ Cho Da Nhạy Cảm 50ml,429000,d'Alba,12,5.0,26,Chăm sóc da mặt,Hasaki
Sữa Chống Nắng Curél Mặt & Toàn Thân Cho Da Khô Nhạy Cảm 60ml,328000,Curél,16,4.9,29,Chăm sóc da mặt,Hasaki
Mặt Nạ Wonjin Siêu Tinh Chất Phục Hồi 27g,17000,WonJin,301,5.0,8,Chăm sóc da mặt,Hasaki
Serum Hada Labo Dưỡng Sáng Da Tối Ưu 30ml,298000,Hada Labo,18,4.0,2,Chăm sóc da mặt,Hasaki
Gel Dưỡng Eucerin Làm Sáng Da & Cấp Ẩm Tối Ưu 50ml,648000,Eucerin,8,5.0,3,Chăm sóc da mặt,Hasaki
Sữa Rửa Mặt Senka Tạo Bọt Bổ Sung Collagen 120g,89000,Senka,58,4.9,36,Chăm sóc da mặt,Hasaki
Combo 2 Kem Dưỡng Ẩm Neutrogena Cấp Nước Cho Da Dầu 50g,478000,Neutrogena,11,4.8,69,Chăm sóc da mặt,Hasaki
Gel Chống Nắng Cetaphil Dịu Lành Cho Da Nhạy Cảm 50ml,348000,Cetaphil,15,4.5,2,Chăm sóc da mặt,Hasaki
Combo 10 Mặt Nạ Sinh Học Emmié Cấp Ẩm Sâu & Dưỡng Sáng Da 25g,250000,Emmié by Happy Skin,21,5.0,5,Chăm sóc da mặt,Hasaki
"Sữa Rửa Mặt Hatomugi Tẩy Trang, Hỗ Trợ Sáng Da 130g",37000,Hatomugi,136,4.9,34,Chăm sóc da mặt,Hasaki
Kem Nền Maybelline Bắt Sáng Che Phủ Siêu Nhẹ #110 35ml,211000,Maybelline,212,5.0,14,Trang điểm,Hasaki
Xịt Khoá Makeup 3CE Có Nhũ Tạo Hiệu Ứng Nền Căng Bóng 95ml,212000,3CE,191,5.0,5,Trang điểm,Hasaki
Son Kem Lì 3CE Sepia - Đỏ Táo Trầm 4.6g,212000,3CE,190,4.7,24,Trang điểm,Hasaki
Son Dưỡng Môi DHC Không Màu Hỗ Trợ Giảm Thâm Môi 1.5g,159000,DHC,250,5.0,46,Trang điểm,Hasaki
Kem Nền Maybelline Mịn Nhẹ Kiềm Dầu Chống Nắng #112 30ml,181000,Maybelline,205,5.0,205,Trang điểm,Hasaki
Combo 2 Phấn Phủ innisfree Kiềm Dầu Dạng Bột Khoáng 5g (Mới),236000,innisfree,124,5.0,7,Trang điểm,Hasaki
Phấn Nước Aperire Chống Nắng Che Phủ Cao 01 Tông Da Sáng Vừa 13g,279000,Aperire,100,5.0,13,Trang điểm,Hasaki
Phấn Má Hồng Maybelline Mịn Lì Chuẩn Màu 30 Fierce 4.5g,127000,Maybelline,217,5.0,8,Trang điểm,Hasaki
Kem Lót Maybelline Kiềm Dầu Ngăn Xuống Tông SPF 20 30ml,148000,Maybelline,177,5.0,1,Trang điểm,Hasaki
Phấn Nước Aperire Chống Nắng Che Phủ Cao 02 Tông Tự Nhiên 13g,299000,Aperire,85,5.0,13,Trang điểm,Hasaki
Mascara Maybelline Tơi Dài Mi Không Giới Hạn 6ml (Mới),147000,Maybelline,170,5.0,1,Trang điểm,Hasaki
[Mini] Son Kem Lì 3CE Laydown - Hồng Đào Trầm Pha Nâu 1.5g,69000,3CE,356,5.0,2,Trang điểm,Hasaki
[Mini] Son Kem Lì 3CE Casual Affair - Hoa Hồng Khô 1.5g,69000,3CE,317,5.0,4,Trang điểm,Hasaki
Bút Kẻ Mắt Nước Maybelline Sắc Mảnh BK1 Đen Sắc Sảo 0.4g,147000,Maybelline,147,4.7,11,Trang điểm,Hasaki
Son Kem Lì 3CE Mịn Màng Như Nhung Childlike - Cam Cháy 4g,212000,3CE,97,5.0,5,Trang điểm,Hasaki
Phấn Phủ Carslan Dạng Nén Vỏ Đen Màu Tím 8g,251000,Carslan,77,4.8,9,Trang điểm,Hasaki
Sáp Dưỡng Môi Vaseline Hồng Xinh 7g,69000,Vaseline,251,4.9,60,Trang điểm,Hasaki
Son Kem Maybelline 15 Skinny Dip - Hồng Đất 5ml,163000,Maybelline,104,5.0,9,Trang điểm,Hasaki
Son Kem Lì 3CE Laydown - Thạch Trà Ô Long 4.6g,212000,3CE,78,4.7,24,Trang điểm,Hasaki
Son Kem Lì Black Rouge A12 Dashed Brown Nâu Gạch 4.5g,198000,Black Rouge,82,4.8,10,Trang điểm,Hasaki
Phấn Phủ Carslan Dạng Nén Vỏ Xám Màu Tím 8g,251000,Carslan,62,4.8,9,Trang điểm,Hasaki
Phấn Má Hồng 3CE Mịn Lì Delectable - Hồng Anh Đào 5.5g,246000,3CE,57,5.0,6,Trang điểm,Hasaki
[Mini] Son Kem Lì 3CE Daffodil - Đỏ Đất 1.5g,59000,3CE,230,5.0,1,Trang điểm,Hasaki
Chuốt Mi Browit Kéo Dài Và Cong Mi Dạng Đầu Lược 5.5g,89000,Browit,151,4.9,31,Trang điểm,Hasaki
Bảng Highlight Và Tạo Khối Judydoll 4 Màu - 01 Tông Lạnh 9g,195000,Judydoll,66,5.0,2,Trang điểm,Hasaki
"Xịt Khoá Makeup Colorkey Nam Châm Đen Lâu Trôi, Bền Màu 100ml",115000,Colorkey,107,5.0,2,Trang điểm,Hasaki
[Mini] Combo 4 Nước Tẩy Trang Mắt Môi Maybelline 40ml,109000,Maybelline,112,4.8,17,Trang điểm,Hasaki
Nước Tẩy Trang Mắt Môi Maybelline 150ml,124000,Maybelline,94,4.8,17,Trang điểm,Hasaki
Phấn Phủ Carslan Dạng Bột Nắp Đen Màu Tím 8g,229000,Carslan,46,5.0,3,Trang điểm,Hasaki
Phấn Má Hồng 3CE Mịn Lì Mono Pink - Hồng Đào 5.5g,245000,3CE,42,5.0,6,Trang điểm,Hasaki
Son Kem Lì 3CE Casual Affair - Hồng Nho 4.6g,245000,3CE,39,4.7,24,Trang điểm,Hasaki
"Phấn Phủ Perfect Diary Kiềm Dầu, Ngăn Thấm Nước Màu 01 7g",198000,Perfect Diary,43,5.0,7,Trang điểm,Hasaki
Phấn Má Hồng 3CE Mịn Lì Rose Beige - Cam Hồng Đất 5.5g,246000,3CE,35,5.0,6,Trang điểm,Hasaki
Phấn Má Hồng Maybelline Mịn Lì 40 Proud - Hồng Baby 4.5g,127000,Maybelline,66,5.0,8,Trang điểm,Hasaki
Son Bóng Maybelline 10 Lippy - Nâu Đỏ Ấm 4.2ml,179000,Maybelline,47,5.0,27,Trang điểm,Hasaki
"Phấn Phủ Perfect Diary Kiềm Dầu, Ngăn Thấm Nước Màu 02 7g",183000,Perfect Diary,45,5.0,7,Trang điểm,Hasaki
Phấn Phủ innisfree Kiềm Dầu Dạng Bột Khoáng 5g (Mới),103000,innisfree,78,5.0,7,Trang điểm,Hasaki
"Tinh Chất Dưỡng Môi Torriden Căng Mọng, Cấp Ẩm 11ml",90000,Torriden,87,4.7,7,Trang điểm,Hasaki
"Mascara Maybelline Dài Mi và Cong Mi, Chuốt Mi Đen 9.2ml",127000,Maybelline,55,4.8,14,Trang điểm,Hasaki
"Son Dưỡng Môi Mediheal Hỗ Trợ Mờ Thâm, Dưỡng Ẩm Ban Ngày 10ml",66000,Mediheal,104,4.9,40,Trang điểm,Hasaki
Son Kem Lì 3CE Mịn Như Nhung Daffodil - Đậu Đỏ 4g,212000,3CE,32,5.0,5,Trang điểm,Hasaki
Xịt Khoá Makeup Pramy Cấp Ẩm Mịn Lì 100ml,131000,Pramy,51,5.0,1,Trang điểm,Hasaki
Kem Nền Maybelline Bắt Sáng Che Phủ Siêu Nhẹ #115 35ml,211000,Maybelline,31,5.0,14,Trang điểm,Hasaki
Son Bóng Maybelline 130 Extra - Đỏ Nâu Đất 4.2ml,179000,Maybelline,32,5.0,27,Trang điểm,Hasaki
"Phấn Phủ Perfect Diary Kiềm Dầu, Ngăn Thấm Nước Màu 03 7g",192000,Perfect Diary,27,5.0,7,Trang điểm,Hasaki
Son Bóng Maybelline 125 Keen - Hồng Đào Đất 4.2ml,179000,Maybelline,29,5.0,27,Trang điểm,Hasaki
Son Dưỡng Laneige Căng Bóng Hương Quả Mọng 10g,277000,Laneige,18,5.0,2,Trang điểm,Hasaki
Son Dưỡng Có Màu Vaseline Hồng Cam Êm Dịu 3g,77000,Vaseline,64,5.0,10,Trang điểm,Hasaki
Son Dưỡng Cocoon Dầu Dừa Bến Tre 5g,23000,Cocoon,207,4.9,63,Trang điểm,Hasaki
Má Hồng Kem Maybelline Căng Mọng - 06 Cánh Hồng Khô 4.7ml,156000,Maybelline,30,5.0,1,Trang điểm,Hasaki
Son Kem Maybelline 30 Coquettish - Hoa Hồng Đỏ 5ml,163000,Maybelline,29,5.0,9,Trang điểm,Hasaki
Son Kem Lì 3CE Mịn Màng Như Nhung Taupe - Đỏ Gạch 4g,246000,3CE,19,5.0,5,Trang điểm,Hasaki
[Mini] Nước Tẩy Trang Mắt Môi Maybelline 40ml,39000,Maybelline,117,4.8,17,Trang điểm,Hasaki
Phấn Nước Laneige Cho Lớp Nền Mịn Lì 50H #23N1 15g (Mới),553000,Laneige,8,4.0,2,Trang điểm,Hasaki
Dưỡng Môi Đa Năng Pure Paw Paw Từ Đu Đủ Hương Dâu 25g,76000,Pure Paw Paw,57,4.6,11,Trang điểm,Hasaki
Sáp Dưỡng Môi Vaseline Mềm Mịn 7g,69000,Vaseline,62,4.9,60,Trang điểm,Hasaki
Dưỡng Môi Đa Năng Pure Paw Paw Từ Đu Đủ Hương Dưa Hấu 25g,78000,Pure Paw Paw,54,4.6,11,Trang điểm,Hasaki
Phim Thấm Dầu Jomi 70 Tờ,48000,Jomi,87,5.0,12,Trang điểm,Hasaki
Bảng Phấn Mắt Gogo Tales Màu 201 Rose Yam Purple 25 Ô,157000,Gogo Tales,26,5.0,1,Trang điểm,Hasaki
Kem Lót Judydoll Cấp Ẩm Cho Lớp Nền Tệp Màu 30g,144000,Judydoll,28,5.0,1,Trang điểm,Hasaki
Son Thỏi 3CE Mềm Môi 07 Knit - Hồng Khô 3.5g,255000,3CE,16,5.0,1,Trang điểm,Hasaki
Son Kem Lì Black Rouge A10 Red Berry - Đỏ Berry 4.5g,192000,Black Rouge,21,4.8,10,Trang điểm,Hasaki
Phấn Phủ Maybelline Mịn Nhẹ Kiềm Dầu Chống Nắng 6g #112,149000,Maybelline,27,4.9,7,Trang điểm,Hasaki
Bộ Cọ Trang Điểm Vacosi 14 Cây BC36 (Bóp Da Cam),254000,Vacosi,16,5.0,1,Trang điểm,Hasaki
Dao Cạo Mày Và Mặt Hotosu Cao Cấp (3 Cây Nhiều Màu),35000,Hotosu,112,5.0,2,Trang điểm,Hasaki
Son Lì 3CE Mịn Môi Whip Red - Đỏ Mận 4g,275000,3CE,15,4.7,6,Trang điểm,Hasaki
Kem Nền Maybelline Mịn Nhẹ Kiềm Dầu Chống Nắng #118 30ml,177000,Maybelline,21,5.0,205,Trang điểm,Hasaki
Bảng Che Khuyết Điểm Colorkey 3 Màu 3.9g,92000,Colorkey,40,5.0,2,Trang điểm,Hasaki
Son Dưỡng Có Màu Vaseline Đỏ Tươi Tắn 3g,77000,Vaseline,47,5.0,10,Trang điểm,Hasaki
Kem Nền Maybelline Mịn Nhẹ Kiềm Dầu Chống Nắng #120 30ml,177000,Maybelline,21,5.0,205,Trang điểm,Hasaki
Kem Nền Maybelline Bắt Sáng Che Phủ Siêu Nhẹ #120 35ml,211000,Maybelline,17,5.0,14,Trang điểm,Hasaki
Kem Nền Maybelline Mịn Nhẹ Kiềm Dầu Chống Nắng #110 30ml,177000,Maybelline,20,5.0,205,Trang điểm,Hasaki
Phấn Nước Lemonade Kiềm Dầu A01 Tông Sáng 15g (Vỏ Mới),239000,Lemonade,15,4.8,8,Trang điểm,Hasaki
Son Kem Lì 3CE Play Off - Đỏ Cam San Hô 4.6g,246000,3CE,14,4.7,24,Trang điểm,Hasaki
Kem Che Khuyết Điểm Maybelline Mịn Lì 10 Light 6.8ml,130000,Maybelline,26,4.9,14,Trang điểm,Hasaki
Phấn Má Hồng Maybelline Mịn Lì 60 Passionate - Hồng Rượu 4.5g,128000,Maybelline,26,5.0,8,Trang điểm,Hasaki
Má Hồng Kem Maybelline Căng Mọng - 05 Hồng Baby 4.7ml,156000,Maybelline,21,5.0,1,Trang điểm,Hasaki
Bút Kẻ Mắt Colorkey Chống Nước Lâu Trôi N01 Đen 0.5g,91000,Colorkey,36,4.0,1,Trang điểm,Hasaki
Son Kem Maybelline 70 The A+ - Đỏ Cam 5ml,163000,Maybelline,20,5.0,9,Trang điểm,Hasaki
Son Lì 3CE Mịn Môi Common Stranger - Nâu Cam Sữa 4g,255000,3CE,13,4.7,6,Trang điểm,Hasaki
"Kem Lót Judydoll Kiềm Dầu, Mỏng Nhẹ, Bền Màu 30g",145000,Judydoll,22,5.0,2,Trang điểm,Hasaki
Son Kem Lì Black Rouge A03 Soft Red - Đỏ Cam 4.5g,209000,Black Rouge,15,5.0,4,Trang điểm,Hasaki
Serum Dưỡng Môi Lipstician Cấp Ẩm Căng Mọng 9g,284000,Lipstician,11,5.0,12,Trang điểm,Hasaki
Son Kem Maybelline 80 Keep It Cozy - Cam Đất 5ml,163000,Maybelline,19,5.0,9,Trang điểm,Hasaki
Son Bóng Maybelline 61 Risky - Gạch Đun 4.2ml,179000,Maybelline,18,5.0,27,Trang điểm,Hasaki
Phấn Nước Laneige Cho Lớp Nền Mịn Lì 50H #21N1 15gx2 (Mới),723000,Laneige,5,4.0,2,Trang điểm,Hasaki
Chì Kẻ Mày Lemonade 2 Đầu Màu Nâu Sáng 2g+2ml,149000,Lemonade,20,4.8,6,Trang điểm,Hasaki
Kem Nền Carslan Ẩm Mịn Lâu Trôi - P01 Tông Da Sáng 30g,269000,Carslan,11,5.0,1,Trang điểm,Hasaki
"Son Dưỡng Môi Mediheal Ẩm Mượt, Mịn Màng Ban Ngày 10ml",64000,Mediheal,46,4.9,40,Trang điểm,Hasaki
Son Kem Lì Black Rouge A06 Brick Red - Đỏ Đất 4.5g,209000,Black Rouge,13,5.0,4,Trang điểm,Hasaki
Sáp Dưỡng Ẩm Vaseline Original Protecting Jelly 100ml,89000,Vaseline,31,4.9,9,Trang điểm,Hasaki
Son Thỏi 3CE Mềm Môi 06 Buddy - Hồng Cá Hồi 3.5g,283000,3CE,10,5.0,1,Trang điểm,Hasaki
Phấn Má Hồng Judydoll Mềm Mịn Tự Nhiên - 44 Hồng Sữa 2g,84000,Judydoll,32,4.0,1,Trang điểm,Hasaki
Kem Nền Carslan Ẩm Mịn Lâu Trôi - P02 Tông Da Tự Nhiên 30g,247000,Carslan,11,5.0,1,Trang điểm,Hasaki
Bút Cushion Che Khuyết Điểm Maybelline 120 Light 6ml,188000,Maybelline,14,4.9,546,Trang điểm,Hasaki
Kem Che Khuyết Điểm Maybelline Mịn Lì 15 Fair 6.8ml,138000,Maybelline,19,4.9,14,Trang điểm,Hasaki
Xịt Khoá Makeup Silkygirl Giữ Lớp Nền Mịn Lì Lâu Trôi 70ml,139000,Silkygirl,19,5.0,3,Trang điểm,Hasaki
Son Môi L'Oreal Mịn Lì 129 I Lead - Cam Đỏ Đất 1.7g,259000,L'Oreal,10,5.0,5,Trang điểm,Hasaki
Sáp Dưỡng Môi Ngọt Ngào Vaseline 7g,69000,Vaseline,36,4.9,60,Trang điểm,Hasaki
Chì Kẻ Mày Lemonade 2 Đầu Màu Nâu Đậm 2g+2ml,149000,Lemonade,17,4.8,6,Trang điểm,Hasaki
Phấn Nước Lime Kiềm Dầu No.10 Pink Vanilla Da Trắng Sáng 20g,264000,Lime,10,5.0,2,Trang điểm,Hasaki
Kem Nền B.O.M Mỏng Nhẹ Tự Nhiên Lâu Trôi 40ml,296000,B.O.M,9,5.0,8,Trang điểm,Hasaki
Kem Nền BB Naris Cosmetics Alius 01 Light Beige 30g,292000,Naris Cosmetics,9,4.9,12,Trang điểm,Hasaki
Sáp Dưỡng Ẩm Vaseline Original Protecting Jelly 50ml,50000,Vaseline,47,4.9,9,Trang điểm,Hasaki
Bút Kẻ Mắt Australis Siêu Mảnh Không Lem Không Trôi,203000,australis,12,4.9,24,Trang điểm,Hasaki
Che Khuyết Điểm Aperire Mỏng Nhẹ Lâu Trôi - 02 Warm 4.5ml,173000,Aperire,13,5.0,4,Trang điểm,Hasaki
Phấn Phủ Maybelline Mịn Nhẹ Kiềm Dầu Chống Nắng 6g #109,149000,Maybelline,15,4.9,7,Trang điểm,Hasaki
Kem Nền Maybelline Mịn Nhẹ Kiềm Dầu Chống Nắng #115 30ml,177000,Maybelline,12,5.0,205,Trang điểm,Hasaki
Son Dưỡng LipIce Hiệu Chỉnh Sắc Môi - Đỏ Mọng 2.4g,69000,LipIce,31,4.9,20,Trang điểm,Hasaki
Kem Che Khuyết Điểm Judydoll Dạng Lỏng - 02 Da Tự Nhiên 3.2g,96000,Judydoll,22,5.0,3,Trang điểm,Hasaki
Son Môi L'Oreal Mịn Lì Căng Mướt 666 I Win - Đỏ Lạnh 1.7g,259000,L'Oreal,8,5.0,5,Trang điểm,Hasaki
Xịt Khoá Makeup Colorkey Hỗ Trợ Kiềm Dầu Ice Cream 100ml,117000,Colorkey,18,5.0,2,Trang điểm,Hasaki
Bút Kẻ Mắt Nước Maybelline Sắc Mảnh BR1 Nâu Tự Nhiên 0.4g,156000,Maybelline,13,4.7,11,Trang điểm,Hasaki
Kem Che Khuyết Điểm The Saem - 1.25 Light Beige 9.5g,149000,The SAEM,14,4.7,3,Trang điểm,Hasaki
Kem Che Khuyết Điểm Maybelline Mịn Lì 05 Ivory 6.8ml,138000,Maybelline,15,4.9,14,Trang điểm,Hasaki
"Son Dưỡng Môi Mediheal Mềm Mại, Mịn Màng Ban Đêm 10ml",72000,Mediheal,28,4.9,40,Trang điểm,Hasaki
Kem Che Khuyết Điểm The Saem - 1.5 Natural Beige 9.5g,149000,The SAEM,14,4.7,3,Trang điểm,Hasaki
Son Dưỡng Môi Curél Cấp Ẩm Chuyên Sâu Không Màu 4.2g,199000,Curél,10,4.6,5,Trang điểm,Hasaki
Phấn Phủ Maybelline Mịn Lì Kiềm Dầu 110 Porcelain 8.5g,178000,Maybelline,11,4.8,6,Trang điểm,Hasaki
Son Dưỡng Môi Vaseline Mềm Mịn 4.8g,63000,Vaseline,31,4.9,22,Trang điểm,Hasaki
Xịt Khoá Makeup Pramy Cấp Ẩm Căng Bóng 100ml,131000,Pramy,15,5.0,1,Trang điểm,Hasaki
Son Thỏi 3CE Mềm Môi 05 Cozy Whisper - Hồng Hạ Phai 3.5g,283000,3CE,7,5.0,1,Trang điểm,Hasaki
Son Kem Lì Black Rouge A07 Purecrimeson - Đỏ Cam Đào 4.5g,201000,Black Rouge,10,5.0,4,Trang điểm,Hasaki
Phấn Nước B.O.M Che Khuyết Điểm #21 Tông Trắng Sáng 15g,513000,B.O.M,4,4.9,14,Trang điểm,Hasaki
Phấn Nước Lemonade Kiềm Dầu A02 Tự Nhiên 15g (Vỏ Mới),239000,Lemonade,8,4.8,8,Trang điểm,Hasaki
Combo 2 Mút Tán Nền Trang Điểm Mastige Kháng Khuẩn Màu Hồng,69000,Mastige,27,5.0,1,Trang điểm,Hasaki
Son Bóng Maybelline 62 Irresistible – Da Đất 4.2ml,179000,Maybelline,11,5.0,27,Trang điểm,Hasaki
Chì Kẻ Mày Lemonade 2 Đầu Màu Nâu Xám 2g+2ml,149000,Lemonade,13,4.8,6,Trang điểm,Hasaki
Phấn Nước BYS Mịn Lì Fair Neutral - Tông Da Tự Nhiên 10g,359000,BYS,5,5.0,16,Trang điểm,Hasaki
Phấn Má Hồng Judydoll Mềm Mịn Tự Nhiên - 63 Dâu Tây Sữa 2g,108000,Judydoll,17,4.0,1,Trang điểm,Hasaki
Son Kem Lì Black Rouge A11 Tanned Camellia Hồng Cháy 4.5g,189000,Black Rouge,10,4.8,10,Trang điểm,Hasaki
Son Kem Lì Colorkey P307 Cánh Hồng Khô 1.8g,99000,Colorkey,17,5.0,2,Trang điểm,Hasaki
Son Kem Lì Colorkey O308 Đỏ Cam Đất 1.8g,99000,Colorkey,17,5.0,2,Trang điểm,Hasaki
Mascara Australis Trong Suốt Dài Mi & Định Hình Chân Mày 8ml,184000,australis,9,5.0,25,Trang điểm,Hasaki
Kẻ Mắt Nước B.O.M Lâu Trôi Màu Đen 01 Wonder Black 0.5g,248000,B.O.M,7,4.8,16,Trang điểm,Hasaki
Phấn Nước Lime Kiềm Dầu No.20 Pink Beige Da Trung Bình 20g,211000,Lime,8,5.0,2,Trang điểm,Hasaki
Son Thỏi 3CE Mềm Môi 09 Taupe Beige - Nâu Đất 3.5g,283000,3CE,6,5.0,1,Trang điểm,Hasaki
Son Dưỡng Môi Vaseline Hồng Xinh 4.8g,60000,Vaseline,27,4.9,22,Trang điểm,Hasaki
Bộ Cọ Trang Điểm Vacosi 8 Cây Kèm Ví Đựng - BC31,198000,Vacosi,9,5.0,1,Trang điểm,Hasaki
Son Tint 3CE Lâu Trôi Màu Luztic - Đỏ Cherry 4.5g,283000,3CE,6,5.0,1,Trang điểm,Hasaki
"Phấn Phủ Australis Dạng Bột Mỏng Mịn, Kiềm Dầu 6g",264000,australis,6,5.0,14,Trang điểm,Hasaki
Son Lì 3CE Mịn Môi Hipamine - Nâu Đỏ Đun 4g,278000,3CE,6,4.7,6,Trang điểm,Hasaki
Kềm Cắt Da Kềm Nghĩa Thép Chuyên Dụng Mạ Vàng 24K D.555,97000,Kềm Nghĩa,17,5.0,3,Trang điểm,Hasaki
Xịt Khoá Makeup Australis Dạng Lì Lâu Trôi 110ml (Mới),256000,australis,6,5.0,8,Trang điểm,Hasaki
Phấn Nước B.O.M Che Khuyết Điểm #23N Tông Tự Nhiên 15g,515000,B.O.M,3,4.9,14,Trang điểm,Hasaki
Lông Mi Giả Tự Dính Mlen Diary Hướng Dương,89000,Mlen Diary,18,4.0,1,Trang điểm,Hasaki
Kem Che Khuyết Điểm The Saem - 0.5 Ice Beige 9.5g,149000,The SAEM,10,4.7,3,Trang điểm,Hasaki
Kem Che Khuyết Điểm Lemonade Màu A01 - Da Sáng 3g (Mới),126000,Lemonade,12,5.0,1,Trang điểm,Hasaki
Kem Che Khuyết Điểm Judydoll Dạng Lỏng - 01 Da Sáng Tự Nhiên 3.2g,98000,Judydoll,16,5.0,3,Trang điểm,Hasaki
Phấn Phủ Australis Kiềm Dầu 2in1 #Natural 12g,238000,australis,7,5.0,26,Trang điểm,Hasaki
Son Dưỡng Lipice Trái Cây Orange - Cam Tươi Tắn 4g,84000,LipIce,17,4.9,11,Trang điểm,Hasaki
Phấn Má Hồng Judydoll Mềm Mịn Tự Nhiên - 49 Hồng Dâu 2g,88000,Judydoll,16,4.0,1,Trang điểm,Hasaki
Kem Che Khuyết Điểm Maybelline Mịn Lì 25 Medium 6.8ml,138000,Maybelline,10,4.9,14,Trang điểm,Hasaki
Mascara 2 Đầu Browit Professional Duo Màu Sexy Black 4g+4g,168000,Browit,9,5.0,1,Trang điểm,Hasaki
Son Dưỡng Có Màu Vaseline Hồng Ngọt Ngào 3g,77000,Vaseline,18,5.0,10,Trang điểm,Hasaki
Phấn Tạo Khối Too Cool For School 1.5 Màu Trung Tính 9.5g,216000,Too cool for school,7,5.0,8,Trang điểm,Hasaki
Bảng Phấn Mắt Gogo Tales Màu 202 Classic Orange 25 Ô,156000,Gogo Tales,9,5.0,1,Trang điểm,Hasaki
Phấn Phủ Maybelline Mịn Nhẹ Kiềm Dầu Chống Nắng 6g #118,125000,Maybelline,11,4.9,7,Trang điểm,Hasaki
Phấn Má Hồng Maybelline Mịn Lì Chuẩn Màu 20 Hopeful 4.5g,128000,Maybelline,11,5.0,8,Trang điểm,Hasaki
Dao Cạo Lông Mày KAI Lưỡi Đơn Thân Nhựa CBM-3P (3 Cây),33000,KAI,41,4.7,3,Trang điểm,Hasaki
Son Mịn Lì B.O.M #01 Bitter Rose - Đỏ Hồng 3.3g,274000,B.O.M,5,5.0,1,Trang điểm,Hasaki
Combo 2 Son Dưỡng Cocoon Dầu Dừa Bến Tre 5g,54000,Cocoon,24,4.9,63,Trang điểm,Hasaki
Son Bóng Maybelline 115 Peppy – Nâu Đào 4.2ml,179000,Maybelline,8,5.0,27,Trang điểm,Hasaki
Son Kem Lì Black Rouge A01 Strawberry Red - Đỏ Dâu 4.5g,189000,Black Rouge,7,5.0,4,Trang điểm,Hasaki
Mascara Judydoll Đầu Siêu Cong 6 Độ Làm Cong Mi - 01 Đen 2g,144000,Judydoll,9,5.0,1,Trang điểm,Hasaki
Dao Cạo Lông Mày KAI Groom Eyebrow Razor (1 Cây),15000,KAI,82,5.0,13,Trang điểm,Hasaki
Serum Dưỡng Môi Lipstician Giảm Khô Nứt Môi 9g,284000,Lipstician,5,5.0,12,Trang điểm,Hasaki
Giấy Thấm Dầu Mayan Than Hoạt Tính (100 Tờ/Gói),24000,Mayan,51,4.9,24,Trang điểm,Hasaki
Son Lì 3CE Mịn Môi Cherry Fluff - Hồng Anh Đào 4g,278000,3CE,5,4.7,6,Trang điểm,Hasaki
Xịt Khoá Makeup Silkygirl Giữ Lớp Trang Điểm Lâu Trôi 70ml,139000,Silkygirl,9,4.8,5,Trang điểm,Hasaki
Phấn Nước The Lab Dưỡng Ẩm Màu 03 Deep Beige - Trung Bình 12g,193000,The Lab,7,5.0,13,Trang điểm,Hasaki
Phấn Phủ Australis Kiềm Dầu 2in1 #Light Beige 12g,238000,australis,6,5.0,26,Trang điểm,Hasaki
Son Lì B.O.M #802 My Cherry Red - Đỏ Cherry 3.5g,271000,B.O.M,5,4.8,10,Trang điểm,Hasaki
Giấy Thấm Dầu Acnes Trà Xanh 100 Tờ,31000,Acnes,38,5.0,8,Trang điểm,Hasaki
Phấn Nước The Lab Dưỡng Ẩm Màu 01 Ivory - Sáng Tự Nhiên 12g,571000,The Lab,3,5.0,13,Trang điểm,Hasaki
Phấn Nước The Lab Dưỡng Ẩm Màu 02 Beige - Hồng Tự Nhiên 12g,571000,The Lab,3,5.0,13,Trang điểm,Hasaki
Bấm Mi Vacosi Modern Lash Curler Cán Đen BM03,61000,Vacosi,19,4.8,19,Trang điểm,Hasaki
Bấm Mi Điện Mira Cao Cấp Màu Ngẫu Nhiên,65000,Mira,18,4.9,7,Trang điểm,Hasaki
Son Lì B.O.M 808 Đỏ Đất (Bản Giới Hạn 2024) 3.1g,258000,B.O.M,5,5.0,2,Trang điểm,Hasaki
Kẻ Viền Mắt Trong Browit Dạng Sáp Màu Nâu Deep Brown 0.1g,94000,Browit,12,4.8,4,Trang điểm,Hasaki
Bút Kẻ Mắt Nước Kissme Siêu Mượt Không Trôi Màu Đen 0.4ml,173000,Kissme,7,4.8,5,Trang điểm,Hasaki
Son Dưỡng Lipice Trái Cây Cherry - Anh Đào Đỏ Tươi 4g,84000,LipIce,13,4.9,11,Trang điểm,Hasaki
Phấn Phủ Silkygirl Khoáng Kiềm Dầu Dạng Nén Không Màu 7g,131000,Silkygirl,9,4.4,5,Trang điểm,Hasaki
Son Dưỡng Ẩm Naris Ngừa Nhăn Môi Dạng Thỏi 3g,394000,Naris Cosmetics,3,5.0,10,Trang điểm,Hasaki
Phấn Phủ Colorkey Dạng Bột Màu Hồng C02 8g,238000,Colorkey,5,5.0,1,Trang điểm,Hasaki
Son Kem Lì Black Rouge A04 Rasberry Syrup Đỏ Cherry 4.5g,189000,Black Rouge,6,5.0,4,Trang điểm,Hasaki
Son Kem Lì Black Rouge A33 Sunset Crown - Đỏ Cam 4.5g,178000,Black Rouge,6,5.0,1,Trang điểm,Hasaki
Phấn Nước Silkygirl Tông Sáng 01 Natural Light 15g,171000,Silkygirl,7,4.8,12,Trang điểm,Hasaki
Phấn Phủ Maybelline Mịn Nhẹ Kiềm Dầu Chống Nắng 6g #120,149000,Maybelline,7,4.9,7,Trang điểm,Hasaki
Son Dưỡng Môi Nivea Chuyên Sâu 4.8g,71000,Nivea,15,4.7,18,Trang điểm,Hasaki
Son Dưỡng LipIce Hiệu Chỉnh Sắc Môi - Cam Đào 2.4g,69000,LipIce,15,4.9,20,Trang điểm,Hasaki
Son Tint 3CE Lâu Trôi Màu Coolest - Đỏ Hồng 4.5g,276000,3CE,4,5.0,1,Trang điểm,Hasaki
Son Dưỡng Judydoll Có Màu Cấp Ẩm - 06 Hồng Trà Hổ Phách 3g,159000,Judydoll,7,5.0,2,Trang điểm,Hasaki
Son Dưỡng B.O.M 02 Pure Red - Đỏ Tự Nhiên 4.5g,286000,B.O.M,4,5.0,5,Trang điểm,Hasaki
Son Kem Maybelline 25 Baby Tee - Đào Baby 5ml,163000,Maybelline,7,5.0,9,Trang điểm,Hasaki
Son Kem Maybelline 75 Latte To Go - Cam Cháy 5ml,163000,Maybelline,6,5.0,9,Trang điểm,Hasaki
Son Dưỡng Judydoll Có Màu Cấp Ẩm - 09 Đỏ Kẹo Hồ Lô 3g,159000,Judydoll,6,5.0,2,Trang điểm,Hasaki
Phấn Má Hồng Judydoll Mềm Mịn Tự Nhiên - 02 Hoa Hồng Khô 2g,98000,Judydoll,10,4.0,1,Trang điểm,Hasaki
Son Kem Lì Colorkey R300 Đỏ Hồng Đất 1.8g,99000,Colorkey,10,5.0,2,Trang điểm,Hasaki
Kem Che Khuyết Điểm Judydoll Dạng Lỏng - 00 Da Sáng 3.2g,108000,Judydoll,9,5.0,3,Trang điểm,Hasaki
Chì Kẻ Mày 2 Đầu Silkygirl Nâu Tro 03 Ash Brown 0.35g,97000,Silkygirl,10,4.7,3,Trang điểm,Hasaki
Cọ Má Hồng & Phủ Vacosi Đầu Tròn M03,84000,Vacosi,11,5.0,1,Trang điểm,Hasaki
Son Dưỡng Judydoll Có Màu Cấp Ẩm - 04 Hồng Cam Lạnh 3g,198000,Judydoll,5,5.0,2,Trang điểm,Hasaki
Son Dưỡng LipIce Hiệu Chỉnh Sắc Môi - Hồng Đất 2.4g,61000,LipIce,15,4.9,20,Trang điểm,Hasaki
Son Lì Australis Mềm Mịn #Luxe - Đỏ Cherry 3.2g,228000,australis,4,5.0,16,Trang điểm,Hasaki
Kem Lót Che Lỗ Chân Lông SILKYGIRL Màu 01 Natural 15ml,127000,Silkygirl,8,4.8,4,Trang điểm,Hasaki
Kem Nền Australis Siêu Nhẹ Tông Kem Nhạt #LightNeutral 30ml,299000,australis,3,4.9,14,Trang điểm,Hasaki
Phấn Phủ Trang Điểm Naris Cosmetics 03 Natural Beige 12g,434000,Naris Cosmetics,3,4.9,14,Trang điểm,Hasaki
Phấn Phủ Trang Điểm Naris Cosmetics 02 Light Beige 12g,434000,Naris Cosmetics,3,4.9,14,Trang điểm,Hasaki
Phấn Phủ Silkygirl Nâng Tông Màu 01 Radiant 7g,154000,Silkygirl,6,5.0,5,Trang điểm,Hasaki
Combo 2 Mút Tán Nền Trang Điểm Mastige Kháng Khuẩn Màu Cam,69000,Mastige,13,5.0,1,Trang điểm,Hasaki
"Phấn Phủ B.O.M Kiềm Dầu, Che Phủ Lỗ Chân Lông Dạng Nén 7.5g",293000,B.O.M,3,4.8,5,Trang điểm,Hasaki
Son Dưỡng Naris Ngừa Nhăn Và Khô Môi Dạng Hũ 10g,263000,Naris Cosmetics,4,5.0,11,Trang điểm,Hasaki
"Kem Nền B.O.M Che Phủ Cao, Lâu Trôi #23 Natural Beige 30ml",533000,B.O.M,2,5.0,4,Trang điểm,Hasaki
Mascara B.O.M Làm Dài & Cong Mi 01 Màu Đen 8g,350000,B.O.M,3,5.0,4,Trang điểm,Hasaki
Xịt Khoá Makeup Colorkey Hương Hoa Hồng Tươi Mát 100ml,133000,Colorkey,7,5.0,2,Trang điểm,Hasaki
Chì Kẻ Mày Xé Suri 102 Brown Màu Nâu E271,26000,Suri,32,4.9,7,Trang điểm,Hasaki
Bút Kẻ Mắt Nước Vacosi 24H Không Lem Màu Đen (Bản Mới) 0.6g,103000,Vacosi,8,5.0,3,Trang điểm,Hasaki
Bút Kẻ Mắt Nước Judydoll Siêu Mảnh - 02 Nâu Đậm 0.4g (Mới),143000,Judydoll,6,5.0,1,Trang điểm,Hasaki
"Son Dưỡng Bioderma Dạng Sáp Làm Dịu Môi Khô, Nứt Nẻ 4g",134000,Bioderma,6,5.0,5,Trang điểm,Hasaki
Son Tint 3CE Lâu Trôi Màu Yay Or Nay - Đỏ Cam 4.5g,283000,3CE,3,5.0,1,Trang điểm,Hasaki
Cọ Khối & Má Hồng Vacosi M09,84000,Vacosi,9,5.0,1,Trang điểm,Hasaki
Son Lì B.O.M 802 Đỏ Cherry (Bản Giới Hạn 2024) 3.1g,268000,B.O.M,3,5.0,2,Trang điểm,Hasaki
Son Kem Lì Colorkey O302 Cam Ánh Hồng 1.8g,99000,Colorkey,8,5.0,2,Trang điểm,Hasaki
Lông Mi Giả Mlen Diary Anime - Hộp Nhỏ,60000,Mlen Diary,13,5.0,3,Trang điểm,Hasaki
Son Thỏi Lì BYS Mịn Môi L342 Queen Of The Night - Đỏ Cherry 3.5g,144000,BYS,5,5.0,6,Trang điểm,Hasaki
Son Tint Judydoll Căng Bóng Mát Lạnh - 04 Đỏ Nâu Trầm 2.4g,135000,Judydoll,6,4.5,2,Trang điểm,Hasaki
Xịt Khóa Makeup BYS Lâu Trôi Tinh Chất Thảo Dược 80ml,272000,BYS,3,5.0,15,Trang điểm,Hasaki
"Son Dưỡng LipIce Hương Trà Dâu, Màu Đỏ Cam 2.4g",64000,LipIce,11,5.0,15,Trang điểm,Hasaki
Mascara Australis Làm Dày Mi Chống Thấm Nước Lâu Trôi 6g,232000,australis,3,5.0,6,Trang điểm,Hasaki
Phấn Nước Silkygirl Tông Tự Nhiên 02 Natural Medium 15g,171000,Silkygirl,5,4.8,12,Trang điểm,Hasaki
Kem Che Khuyết Điểm The Saem - Peach Beige 9.5g,149000,The SAEM,5,4.7,3,Trang điểm,Hasaki
Kem Nền Australis Sáng Mỏng Mịn Màu Natural 30ml (Mới),229000,australis,3,5.0,7,Trang điểm,Hasaki
Bông Phấn Cushion Vacosi BP22 (1 Cái),18000,Vacosi,38,5.0,1,Trang điểm,Hasaki
Son Lì Australis Mềm Mịn #Retro - Đỏ Cam 3.2g,228000,australis,3,5.0,16,Trang điểm,Hasaki
Cọ Má & Khối Vacosi Đầu Xéo M24,62000,Vacosi,11,5.0,1,Trang điểm,Hasaki
Son Kem Lì Mastige Velvet Lâu Trôi Màu V7 Đỏ Hồng Đất 4.5ml,189000,Mastige,4,5.0,4,Trang điểm,Hasaki
Phấn Nước BYS Mịn Lì Ivory - Tông Da Sáng 10g,359000,BYS,2,5.0,16,Trang điểm,Hasaki
Kềm Cắt Da Kềm Nghĩa Thép Chuyên Dụng Mạ Mờ D.401,61000,Kềm Nghĩa,11,5.0,3,Trang điểm,Hasaki
Son Lì B.O.M 806 My Rose - Hồng Đất 3.5g,274000,B.O.M,3,4.8,10,Trang điểm,Hasaki
Son Mịn Lì B.O.M #05 Whisky Brown - Đỏ Nâu 3.3g,161000,B.O.M,5,5.0,1,Trang điểm,Hasaki
Son Kem Lì Mastige Velvet Lâu Trôi Màu V5 Cam San Hô 4.5ml,189000,Mastige,4,5.0,4,Trang điểm,Hasaki
Son Mịn Lì B.O.M #02 Smoked Coral - Đỏ San Hô 3.3g,274000,B.O.M,3,5.0,1,Trang điểm,Hasaki
Son Mịn Lì B.O.M #04 Mellow Pumpkin - Cam Đất 3.3g,274000,B.O.M,3,5.0,1,Trang điểm,Hasaki
Giấy Thấm Dầu Mayan Oil Control Paper (200 Tờ/Gói),28000,Mayan,23,4.9,24,Trang điểm,Hasaki
Son Tint Lilybyred Siêu Lì 12 Black Rose Apple - Đỏ Gạch Trầm 4g,243000,Lilybyred,3,5.0,6,Trang điểm,Hasaki
Son Thỏi Naris Cosmetics Mịn Môi 105 - Cam Ánh Đỏ 3g,199000,Naris Cosmetics,4,4.8,6,Trang điểm,Hasaki
Mascara Kissme Nâng Cong Và Dày Mi Màu Đen 6g,201000,Kissme,4,5.0,6,Trang điểm,Hasaki
Son Thỏi Naris Cosmetics Mịn Môi 103 - Hồng Cam 3g,199000,Naris Cosmetics,4,4.8,6,Trang điểm,Hasaki
Son Dưỡng Môi Vaseline Chiết Xuất Bơ Cacao 4.8g,64000,Vaseline,10,4.9,22,Trang điểm,Hasaki
Phấn Nước Nookoi Che Phủ - C21 Beige Tông Da Lạnh 12g,313000,Nookoi,3,5.0,1,Trang điểm,Hasaki
Phấn Phủ Maybelline Mịn Lì Kiềm Dầu 220 Natural Beige 8.5g,158000,Maybelline,4,4.8,6,Trang điểm,Hasaki
Sáp Dưỡng Môi Nuxe Cho Môi Khô & Bị Tổn Thương Dạng Hũ 15g,404000,Nuxe,2,5.0,11,Trang điểm,Hasaki
Son Kem Lì Black Rouge A05 Marmalade - Đỏ Mứt Cam 4.5g,185000,Black Rouge,4,5.0,4,Trang điểm,Hasaki
Son Kem Lì Black Rouge A50 Soldout Chili - Sắc Đỏ Chili 4.5ml,189000,Black Rouge,4,4.0,1,Trang điểm,Hasaki
Phim Thấm Dầu Acnes Oil Remover Film 50 Tờ,54000,Acnes,12,5.0,2,Trang điểm,Hasaki
Phấn Má Hồng Maybelline Mịn Lì 50 Revolutionary - Hồng Đất 4.5g,128000,Maybelline,5,5.0,8,Trang điểm,Hasaki
Má Hồng Kem Maybelline Căng Mọng - 08 Nâu Mocha 4.7ml,156000,Maybelline,4,5.0,1,Trang điểm,Hasaki
Bảng Phấn Mắt & Mặt Silkygirl 01 Berry Burst 12.6g,99000,Silkygirl,6,4.7,3,Trang điểm,Hasaki
Kem Lót Silkygirl Nâng Tông SPF 50 PA+++ 25ml,148000,Silkygirl,4,5.0,1,Trang điểm,Hasaki
Son Dưỡng Ma:nyo Giàu Độ Ẩm Từ Dưa Hấu Và Trái Cây 4ml,127000,Ma:nyo,5,4.5,2,Trang điểm,Hasaki
Kem Nền CC Cathy Doll Màu Sáng 01 Light Beige 50g,290000,Cathy Doll,2,5.0,1,Trang điểm,Hasaki
Son Dưỡng Môi Vaseline Chiết Xuất Lô Hội 4.8g,64000,Vaseline,9,4.9,22,Trang điểm,Hasaki
"Son Dưỡng Mentholatum Chuyên Biệt Cho Môi Khô, Nứt Nẻ 4.3g",59000,LipIce,10,4.9,15,Trang điểm,Hasaki
Dao Cạo Lông Mày KAI Groom Eyebrow Razor (3 Cây),43000,KAI,13,5.0,13,Trang điểm,Hasaki
Mascara B.O.M Làm Dày & Cong Mi 01 Màu Đen 8g,278000,B.O.M,2,5.0,1,Trang điểm,Hasaki
Son Kem Lì B.O.M #H RD 103 Maple Red - Đỏ Ánh Nâu 8.5g,360000,B.O.M,2,4.8,13,Trang điểm,Hasaki
Son Thỏi 3CE Mềm Môi 10 Dreamy - Hồng Mơ 3.5g,283000,3CE,2,5.0,1,Trang điểm,Hasaki
Son Dưỡng LipIce Hiệu Chỉnh Sắc Môi - Đỏ Gạch 2.4g,61000,LipIce,9,4.9,20,Trang điểm,Hasaki
Phấn Phủ Maybelline Mịn Lì Kiềm Dầu 120 Classic Ivory 8.5g,178000,Maybelline,3,4.8,6,Trang điểm,Hasaki
Son Dưỡng Có Màu Australis Cấp Ẩm #Silk 1.4g,176000,australis,3,5.0,10,Trang điểm,Hasaki
Kem Che Khuyết Điểm Maybelline Mịn Lì 20 Sand 6.8ml,130000,Maybelline,4,4.9,14,Trang điểm,Hasaki
Bút Kẻ Mắt Nước Judydoll Siêu Mảnh - 01 Đen 0.4g (Mới),134000,Judydoll,4,5.0,1,Trang điểm,Hasaki
Mút Trang Điểm Horus 3D Beauty Sponge Vát Chéo Màu Đen,27000,Horus,19,4.5,2,Trang điểm,Hasaki
"Kem Lót Australis Kiềm Dầu, Che Lỗ Chân Lông 30ml",255000,australis,2,5.0,1,Trang điểm,Hasaki
Phấn Má Hồng Judydoll Mềm Mịn Tự Nhiên - 06 Cam Sữa 2g,84000,Judydoll,7,4.0,1,Trang điểm,Hasaki
Son Dưỡng LipIce Hiệu Chỉnh Sắc Môi - Hồng Cam 2.4g,69000,LipIce,8,4.9,20,Trang điểm,Hasaki
Dao Cạo Lông Mày Vacosi DC06 (2 Cây),45000,Vacosi,11,5.0,2,Trang điểm,Hasaki
Bảng Phấn Mắt & Mặt Silkygirl 02 Juicy Peach 12.6g,99000,Silkygirl,5,4.7,3,Trang điểm,Hasaki
Nước Tẩy Trang Mắt Môi L'Oréal Dịu Nhẹ Cho Da 125ml,164000,L'Oreal,3,5.0,1,Trang điểm,Hasaki
Son Lì B.O.M #810 My Brick Red - Đỏ Gạch 3.5g,161000,B.O.M,4,4.8,10,Trang điểm,Hasaki
Son Tint Judydoll Căng Bóng Mát Lạnh - 11 Hồng Vỏ Đỗ 2.4g,109000,Judydoll,5,4.5,2,Trang điểm,Hasaki
Bấm Mi Vacosi Classic Lò Xo BM01,44000,Vacosi,11,4.8,19,Trang điểm,Hasaki
Bộ Nookoi Son Kem Lì Màu R22 4g + Son Tint Màu T11 3.8g,158000,Nookoi,4,5.0,1,Trang điểm,Hasaki
"Tinh Chất Dưỡng Môi Senka Cấp Ẩm & Ngừa Khô, Nẻ Môi 10g",73000,Senka,7,5.0,3,Trang điểm,Hasaki
Che Khuyết Điểm Aperire Mỏng Nhẹ Lâu Trôi - 03 Beige 4.5ml,150000,Aperire,4,5.0,4,Trang điểm,Hasaki
Phấn Phủ Australis Kiềm Dầu 2in1 #Nude 12g,239000,australis,2,5.0,26,Trang điểm,Hasaki
Kẻ Viền Mắt Trong Browit Dạng Sáp Màu Đen Midnight Black 0.1g,94000,Browit,6,4.8,4,Trang điểm,Hasaki
Che Khuyết Điểm Aperire Mỏng Nhẹ Lâu Trôi - 01 Pure 4.5ml,156000,Aperire,4,5.0,4,Trang điểm,Hasaki
Bấm Mi Vacosi Full Thân Xám BM02,46000,Vacosi,10,4.8,19,Trang điểm,Hasaki
Mascara Australis Làm Dày Mi & Dưỡng Ẩm 8g,228000,australis,2,5.0,7,Trang điểm,Hasaki
"Kem Nền B.O.M Che Phủ Cao, Lâu Trôi #21 Rosy Beige 30ml",529000,B.O.M,1,5.0,4,Trang điểm,Hasaki
Son Dưỡng Môi Nivea Ban Đêm Lavender Cấp Ẩm Phục Hồi 4.8g,75000,Nivea,6,4.5,2,Trang điểm,Hasaki
Bảng Phấn Mắt Baby Bright Glowy Peach Tông Cam Đào 0.7g,108000,Baby Bright,5,4.7,3,Trang điểm,Hasaki
Son Dưỡng Lipice Trái Cây Berry - Đỏ Mọng 4g,84000,LipIce,6,4.9,11,Trang điểm,Hasaki
Phấn Tạo Khối Too Cool For School 01 Màu Đậm 9.5g,216000,Too cool for school,2,5.0,8,Trang điểm,Hasaki
Kem Che Khuyết Điểm Lemonade Màu A00 - Da Trắng Sáng 3g (Mới),126000,Lemonade,4,5.0,1,Trang điểm,Hasaki
Cọ Môi Vacosi Có Nắp Đậy L01,28000,Vacosi,15,5.0,4,Trang điểm,Hasaki
Son Dưỡng Môi Nivea Hương Đào 4.8g,68000,Nivea,7,4.7,18,Trang điểm,Hasaki
Kẹp Bấm Mi Mastige Siêu Cong Cao Cấp Không Gãy Mi Màu Bạc,79000,Mastige,6,5.0,1,Trang điểm,Hasaki
Chì Kẻ Mày BYS Siêu Mảnh Lâu Trôi Brown - Nâu Tự Nhiên 0.06g,135000,BYS,4,5.0,10,Trang điểm,Hasaki
Cọ Phủ & Má Hồng Vacosi Đầu Tròn M27,99000,Vacosi,4,5.0,1,Trang điểm,Hasaki
Son Kem Bùn & Má Hồng Into You - EM10 Hồng Nâu 2g (Thỏi),111000,Into You,4,5.0,2,Trang điểm,Hasaki
Cọ Má & Highlight Vacosi Hình Quạt Bầu M33,56000,Vacosi,7,5.0,1,Trang điểm,Hasaki
"Mascara Maybelline Uốn Mi, Nâng Mi và Làm Dày Mi 8.6ml",195000,Maybelline,2,4.8,5,Trang điểm,Hasaki
"Kem Lót B.O.M Cấp Ẩm, Đều Màu Da 30ml",478000,B.O.M,1,5.0,1,Trang điểm,Hasaki
"Bảng Phấn Mắt Australis 20 Màu Dạng Lì, Ánh Nhũ 20g",388000,australis,1,4.9,14,Trang điểm,Hasaki
Cọ Tạo Khối Mũi Vacosi Đầu Dẹp N01,34000,Vacosi,12,5.0,1,Trang điểm,Hasaki
Bấm Mi Mira B616,51000,Mira,8,5.0,11,Trang điểm,Hasaki
"Combo 2 Tinh Chất Dưỡng Môi Torriden Căng Mọng, Cấp Ẩm 11ml",150000,Torriden,3,4.7,7,Trang điểm,Hasaki
Má Hồng Silkygirl Dạng Thỏi Màu Cam Đào 04 Nectarine 4g,93000,Silkygirl,5,4.0,1,Trang điểm,Hasaki
Lông Mi Giả Mlen Diary Anime - Hộp Lớn,136000,Mlen Diary,3,5.0,3,Trang điểm,Hasaki
Son Tint Lì Mastige Blur Lâu Trôi Màu B1 Hồng Dâu 3.8g,189000,Mastige,2,5.0,2,Trang điểm,Hasaki
"Son Dưỡng LipIce Thỏ Bảy Màu Hương Trà Đào, Hồng Cam 2.4g",68000,LipIce,6,5.0,15,Trang điểm,Hasaki
Son Dưỡng Judydoll Có Màu Cấp Ẩm - 01 Hồng Nude 3g,175000,Judydoll,3,5.0,2,Trang điểm,Hasaki
Kem Nền Silkygirl Skin Perfect 01 Light Màu Sáng 25ml,133000,Silkygirl,3,5.0,4,Trang điểm,Hasaki
Son Dưỡng Judydoll Có Màu Cấp Ẩm - 05 Trà Chanh 3g,159000,Judydoll,3,5.0,2,Trang điểm,Hasaki
Son Dưỡng Lipice Trái Cây Strawberry - Hồng Dâu Dịu Ngọt 4g,84000,LipIce,5,4.9,11,Trang điểm,Hasaki
Che Khuyết Điểm Và Tạo Khối Australis Tông Tự Nhiên 7.5ml (Mới),176000,australis,2,4.8,6,Trang điểm,Hasaki
Son Dưỡng Có Màu Australis Cấp Ẩm #Foxy 1.4g,176000,australis,2,5.0,10,Trang điểm,Hasaki
Son Kem Lì Glamrr Q 09 Hei Hei - Đỏ Hồng Đào 5g,175000,Glamrr Q,2,5.0,1,Trang điểm,Hasaki
Son Kem Lì B.O.M #H BG 503 Cinnamon Beige - Cam Da Đất 8.5g,171000,B.O.M,3,4.8,13,Trang điểm,Hasaki
Dao Cạo Lông Mày KAI Face Eyebrow Razor (1 Cây),11000,KAI,31,4.3,3,Trang điểm,Hasaki
Kem Nền Australis Bắt Sáng Che Phủ Cao Màu Light Neutral 30ml,340000,australis,1,5.0,14,Trang điểm,Hasaki
Son Kem Lì Mastige Velvet Lâu Trôi Màu V1 Đỏ Thuần 4.5ml,189000,Mastige,2,5.0,4,Trang điểm,Hasaki
Lót Dưỡng Môi Naris Ngừa Nhăn Và Bảo Vệ Môi 10g,264000,Naris Cosmetics,2,5.0,1,Trang điểm,Hasaki
Bút Kẻ Mắt Nước Judydoll Siêu Mảnh - 04 Nâu Xám 0.4g (Mới),132000,Judydoll,3,5.0,1,Trang điểm,Hasaki
Bảng Phấn Mắt Baby Bright Bright Pink Tông Hồng 0.7g,99000,Baby Bright,4,4.7,3,Trang điểm,Hasaki
Son Mịn Lì B.O.M #03 Bright Rose - Đỏ Tươi 3.3g,274000,B.O.M,2,5.0,1,Trang điểm,Hasaki
Phấn Má Hồng Lilybyred 01 Loveable Coral - Hồng Cam Đào 4.7g,164000,Lilybyred,2,4.0,1,Trang điểm,Hasaki
Son Dưỡng innisfree Không Màu Chiết Xuất Mật Ong 3.5g (Mới),137000,innisfree,3,5.0,1,Trang điểm,Hasaki
Phấn Phủ Maybelline Mịn Lì Kiềm Dầu 130 Buff Beige 8.5g,161000,Maybelline,2,4.8,6,Trang điểm,Hasaki
Son Thỏi Naris Cosmetics Mịn Môi 100 - Hồng Phớt 3g,316000,Naris Cosmetics,2,4.8,6,Trang điểm,Hasaki
"Son Dưỡng LipIce Hương Trà Sữa, Màu Hồng Cam Đất 2.4g",64000,LipIce,5,5.0,15,Trang điểm,Hasaki
Phấn Nước Nookoi Che Phủ - W23 Sand Tông Da Ấm 12g,313000,Nookoi,2,5.0,1,Trang điểm,Hasaki
Phấn Má Hồng Vacosi Lolipop O1 Sweet Orange 5.6g,71000,Vacosi,5,4.0,1,Trang điểm,Hasaki
Giấy Thấm Dầu Mayan Oil Control Paper (100 Tờ/Gói),15000,Mayan,21,4.9,24,Trang điểm,Hasaki
Cọ Phấn Mắt Vacosi 2 Đầu Cán Dài E2E,48000,Vacosi,7,4.8,8,Trang điểm,Hasaki
Son Tint Judydoll Căng Bóng Mát Lạnh - 07 Đỏ Rượu 2.4g,151000,Judydoll,3,4.5,2,Trang điểm,Hasaki
Son Tint Judydoll Căng Bóng Mát Lạnh - 05 Cam Mơ 2.4g,135000,Judydoll,3,4.5,2,Trang điểm,Hasaki
Mascara Lông Mày Lilybyred Lâu Trôi 01 Nâu Sáng 3.5g,151000,Lilybyred,3,5.0,1,Trang điểm,Hasaki
Bông Cushion Vacosi 2 Mặt Màu Tím BP53 (Túi 2 Cái),34000,Vacosi,9,4.0,1,Trang điểm,Hasaki
Son Dưỡng Môi Nivea Hương Dâu 4.8g,52000,Nivea,6,4.7,18,Trang điểm,Hasaki
Kem Nền Australis Siêu Nhẹ Tông Hồng Kem #Honeydew 30ml,299000,australis,1,4.9,14,Trang điểm,Hasaki
Bông Cushion Vacosi Xỏ Ngón Mini Màu Đen BP55 (5 Cái),33000,Vacosi,9,5.0,1,Trang điểm,Hasaki
Son Kem Bùn & Má Hồng Into You - EM08 Đỏ Gạch 2g (Thỏi),111000,Into You,3,5.0,2,Trang điểm,Hasaki
Kẻ Mắt Nước Silkygirl Không Trôi 2.5ml,97000,Silkygirl,4,4.0,2,Trang điểm,Hasaki
Kẹp Bấm Mi Mastige Siêu Cong Cao Cấp Không Gãy Mi Màu Đen,79000,Mastige,4,5.0,1,Trang điểm,Hasaki
Cọ Phủ Vacosi Cỡ Lớn M23,99000,Vacosi,3,5.0,1,Trang điểm,Hasaki
Lông Mi Giả Tự Dính Mlen Diary Bồ Công Anh,98000,Mlen Diary,3,4.0,1,Trang điểm,Hasaki
Mút Trang Điểm Horus 3D Beauty Sponge Hình Giọt Nước Màu Đỏ,27000,Horus,11,4.5,2,Trang điểm,Hasaki
"Mascara BYS Làm Dày, Dài, Cong Mi Màu Đen 10ml",144000,BYS,2,5.0,15,Trang điểm,Hasaki
Son Thỏi Lì BYS Mịn Môi L341 Idolise - Hồng Đất 3.5g,144000,BYS,2,5.0,6,Trang điểm,Hasaki
Son Lì Naris Ailus Mịn Môi Màu 02 Đỏ Cam 4g,99000,Naris Cosmetics,3,4.7,3,Trang điểm,Hasaki
Son Tint 3CE Lâu Trôi Màu Tan - Đỏ Nâu Gạch 4.5g,276000,3CE,2,5.0,1,Trang điểm,Hasaki
Chì Mày Vacosi Định Hình Đa Năng 03 Nâu Đen 5ml,94000,Vacosi,3,4.6,16,Trang điểm,Hasaki
Son Lì B.O.M #808 My Warm Red - Đỏ Đất 3.5g,272000,B.O.M,2,4.8,10,Trang điểm,Hasaki
"Giấy Thấm Dầu Acnes Kiểm Soát Nhờn, Ngừa Mụn 100 Tờ",26000,Acnes,11,5.0,8,Trang điểm,Hasaki
Son Kem Lì B.O.M #H RD 102 Vampire Red - Đỏ Rượu 8.5g,347000,B.O.M,1,4.8,13,Trang điểm,Hasaki
Nước Tẩy Trang Mắt Môi Silkygirl 55ml,92000,Silkygirl,4,4.3,3,Trang điểm,Hasaki
Son Kem Lì B.O.M #H BG 502 Sunset Brown - Cam Da 8.5g,360000,B.O.M,1,4.8,13,Trang điểm,Hasaki
Son Lì B.O.M #811 My Fancy Red - Đỏ Rượu 3.5g,274000,B.O.M,2,4.8,10,Trang điểm,Hasaki
Chì Kẻ Mắt B.O.M Siêu Mảnh Lâu Trôi 04 Màu Nâu Tự Nhiên 0.1g,132000,B.O.M,3,5.0,2,Trang điểm,Hasaki
Chì Kẻ Mắt B.O.M Siêu Mảnh Lâu Trôi 01 Màu Đen 0.1g,232000,B.O.M,2,5.0,2,Trang điểm,Hasaki
Nhíp Đầu Xéo Kềm Nghĩa Thép Không Gỉ N.401XL (Xanh Lá),32000,Kềm Nghĩa,9,5.0,1,Trang điểm,Hasaki
Son Dưỡng LipIce Hiệu Chỉnh Sắc Môi Hương Tinh Khiết 2.4g,65000,LipIce,5,5.0,2,Trang điểm,Hasaki
Má Hồng Silkygirl Dạng Thỏi Màu Hồng Đào 01 Peach 4g,93000,Silkygirl,3,4.0,1,Trang điểm,Hasaki
Sữa Dưỡng Thể Nivea Sáng Da Ban Đêm Từ 8 Super Food 350ml,107000,Nivea,726,4.9,53,Dưỡng thể,Hasaki
Serum Dưỡng Thể Vaseline Chống Nắng Sáng Da 300ml (Mới),117000,Vaseline,237,4.8,12,Dưỡng thể,Hasaki
Kem Dưỡng Thể Paula’s Choice 10% AHA Làm Sáng Da 210ml,708000,Paula's Choice,38,4.9,19,Dưỡng thể,Hasaki
Combo 2 Sữa Dưỡng Thể Nivea Sáng Da Ban Đêm Từ 8 Super Food 350ml,204000,Nivea,124,4.9,53,Dưỡng thể,Hasaki
Combo 2 Sữa Dưỡng Thể Nivea Phục Hồi & Dưỡng Sáng Da Ngày & Đêm (350ml/chai),204000,Nivea,111,4.9,53,Dưỡng thể,Hasaki
Sữa Dưỡng Thể Nivea Mịn Mượt Sáng Da Ban Ngày 550ml,148000,Nivea,147,4.9,53,Dưỡng thể,Hasaki
Combo 2 Sữa Dưỡng Thể Vaseline Sáng Da Chuyên Sâu Ban Đêm (330ml/chai),202000,Vaseline,105,4.9,22,Dưỡng thể,Hasaki
Serum Dưỡng Thể Nivea Sáng Da Ban Đêm 180ml,114000,Nivea,156,5.0,12,Dưỡng thể,Hasaki
Sữa Dưỡng Thể Vaseline Gluta-Hya Nâng Tông Tức Thì 300ml,124000,Vaseline,139,4.7,15,Dưỡng thể,Hasaki
Serum Chống Nắng Dưỡng Thể Bioré Sáng Mịn Mát Lạnh 230ml,163000,Bioré,79,4.9,38,Dưỡng thể,Hasaki
Sữa Dưỡng Thể Nivea Phục Hồi & Chống Nắng Ban Ngày 350ml,120000,Nivea,101,4.9,53,Dưỡng thể,Hasaki
Sữa Dưỡng Thể Hatomugi Làm Sáng Da Ban Đêm 400ml,85000,Hatomugi,125,4.7,40,Dưỡng thể,Hasaki
Sữa Dưỡng Thể Nivea Dưỡng Ẩm Chuyên Sâu 48H 550ml,125000,Nivea,73,4.7,10,Dưỡng thể,Hasaki
Combo Vaseline Serum Dưỡng Thể Chống Nắng 300ml + Sữa Dưỡng Thể Nâng Tông 300ml,278000,Vaseline,31,5.0,1,Dưỡng thể,Hasaki
"Dầu Chăm Sóc Da Bio-Oil Làm Giảm Rạn Da, Mờ Sẹo 60ml",152000,Bio-Oil,52,5.0,75,Dưỡng thể,Hasaki
Sữa Dưỡng Thể Vaseline Sáng Da Tức Thì 320ml,93000,Vaseline,84,4.9,81,Dưỡng thể,Hasaki
Sữa Dưỡng Thể Vaseline Dịu Mát Sáng Da 350ml,99000,Vaseline,78,4.9,81,Dưỡng thể,Hasaki
"Xịt Mụn Lưng Derladie Mờ Thâm, Giảm Viêm Nang Lông 150ml",299000,Derladie,24,5.0,7,Dưỡng thể,Hasaki
"Serum Dưỡng Thể Nivea Sáng Da, Mờ Thâm Nám 170ml",105000,Nivea,64,5.0,9,Dưỡng thể,Hasaki
Serum Dưỡng Thể Vaseline Chống Nắng Phổ Rộng SPF50 PA+++ 260ml,158000,Vaseline,40,4.5,6,Dưỡng thể,Hasaki
Kem Dưỡng Thể White Conc Làm Sáng Da Toàn Thân 200g,200000,White Conc,26,5.0,10,Dưỡng thể,Hasaki
Sữa Dưỡng Ẩm Cetaphil Dịu Lành Cho Bé 400ml,229000,Cetaphil,22,5.0,3,Dưỡng thể,Hasaki
Mặt Nạ Serum Dưỡng Thể Vaseline Căng Mướt 330ml,99000,Vaseline,48,4.9,22,Dưỡng thể,Hasaki
Serum Dưỡng Thể Nivea Vitamin Super C+ Sáng Da 300ml,164000,Nivea,28,4.7,3,Dưỡng thể,Hasaki
Sữa Dưỡng Thể Vaseline Ngăn Ngừa Lão Hoá 350ml,99000,Vaseline,45,4.9,81,Dưỡng thể,Hasaki
Sữa Dưỡng Thể Hatomugi Chống Nắng Dưỡng Ẩm SPF50+ PA++++ 250ml,135000,Hatomugi,31,4.9,28,Dưỡng thể,Hasaki
"Dầu Chăm Sóc Da Bio-Oil Làm Giảm Rạn Da, Mờ Sẹo 200ml",391000,Bio-Oil,11,5.0,75,Dưỡng thể,Hasaki
Sữa Dưỡng Thể Vaseline Bảo Vệ Sáng Mịn Ban Ngày 330ml,94000,Vaseline,42,4.9,22,Dưỡng thể,Hasaki
Sữa Dưỡng Thể Vaseline Chống Nắng Và Sáng Da 350ml,99000,Vaseline,39,4.9,81,Dưỡng thể,Hasaki
Combo 2 Sữa Dưỡng Thể Vaseline Gluta-Hya Nâng Tông Tức Thì 300ml,249000,Vaseline,16,4.7,15,Dưỡng thể,Hasaki
Sữa Dưỡng Thể St.Ives Yến Mạch & Bơ Dưỡng Ẩm Dịu Da 621ml,191000,St.Ives,20,4.9,93,Dưỡng thể,Hasaki
Sữa Dưỡng Thể DrCeutics 10% Niacinamide Hỗ Trợ Sáng Da 200g,417000,DrCeutics,9,5.0,2,Dưỡng thể,Hasaki
Sữa Dưỡng Thể Eucerin Cho Da Nhạy Cảm 250ml,184000,Eucerin,19,5.0,5,Dưỡng thể,Hasaki
Serum Dưỡng Thể Nivea Giúp Phục Hồi & Chống Nắng 180ml,133000,Nivea,20,5.0,12,Dưỡng thể,Hasaki
Sữa Dưỡng Thể Hatomugi Chống Nắng Nâng Tông SPF31 PA+++ 250ml,135000,Hatomugi,18,4.9,28,Dưỡng thể,Hasaki
Kem Dưỡng Ẩm Bioderma Chuyên Sâu Cho Da Rất Khô 75ml,284000,Bioderma,8,5.0,5,Dưỡng thể,Hasaki
"Kem Dưỡng Caryophy Hỗ Trợ Sáng Da, Nâng Tông Cơ Thể 300g",419000,Caryophy,5,4.8,8,Dưỡng thể,Hasaki
"Dầu Chăm Sóc Da Bio-Oil Làm Giảm Rạn Da, Mờ Sẹo 25ml",95000,Bio-Oil,22,5.0,75,Dưỡng thể,Hasaki
Sữa Dưỡng Thể Purité Sáng Mịn Hương Hoa Anh Đào 250ml,104000,Purité By Prôvence,18,4.8,12,Dưỡng thể,Hasaki
Gel Nha Đam Milaganics Dưỡng Ẩm & Làm Mềm Da 150ml,75000,Milaganics,25,4.9,26,Dưỡng thể,Hasaki
Sữa Dưỡng Thể St.Ives Vitamin E & Bơ Dưỡng Ẩm Da 621ml,171000,St.Ives,10,4.9,93,Dưỡng thể,Hasaki
Sữa Dưỡng Thể Hatomugi Chống Nắng Dưỡng Ẩm SPF31 PA+++ 250ml,109000,Hatomugi,15,4.9,28,Dưỡng thể,Hasaki
"Combo GlowCode Kem Tẩy Lông Giúp Lông Mọc Thưa + Kem Dưỡng Thể Sáng Mịn, Mờ Thâm 70g+30g",129000,GlowCode,11,4.5,2,Dưỡng thể,Hasaki
Kem Dưỡng Ẩm Bioderma Cho Da Khô Nhạy Cảm 200ml,340000,Bioderma,4,5.0,4,Dưỡng thể,Hasaki
Combo Serum Dưỡng Thể Vaseline Chống Nắng Sáng Da 300mlx2,266000,Vaseline,5,4.8,12,Dưỡng thể,Hasaki
Sữa Dưỡng Thể Nivea Dưỡng Sáng Da Vitamin C & E 170ml,102000,Nivea,11,4.7,3,Dưỡng thể,Hasaki
Sữa Dưỡng Thể Hatomugi Làm Sáng Da Chiết Xuất Ý Dĩ 250ml,68000,Hatomugi,16,4.7,40,Dưỡng thể,Hasaki
Sữa Dưỡng Thể St.Ives Collagen & Elastin Trẻ Hóa Da 621ml,171000,St.Ives,6,4.9,93,Dưỡng thể,Hasaki
Kem Dưỡng Thể Tesori d'Oriente Hương Hoa Sen 300g,239000,Tesori d'Oriente,5,5.0,3,Dưỡng thể,Hasaki
Combo Sữa Dưỡng Ẩm CeraVe Cho Da Thường Đến Khô 236ml + 30ml,346000,CeraVe,3,4.7,7,Dưỡng thể,Hasaki
Combo CeraVe Sữa Rửa Mặt Cho Da Dầu 473ml + Sữa Dưỡng Ẩm Cho Da Khô 30ml,466000,CeraVe,2,5.0,3,Dưỡng thể,Hasaki
Serum Chống Nắng Dưỡng Thể Bioré Sáng Da Mịn Màng 50ml,70000,Bioré,12,4.9,38,Dưỡng thể,Hasaki
Serum Dưỡng Thể Kiss My Body Chống Nắng Sexy Margarita 180g,154000,Kiss My Body,6,5.0,3,Dưỡng thể,Hasaki
Sữa Dưỡng Ẩm CeraVe Cho Da Khô Đến Rất Khô 88ml,146000,CeraVe,6,4.7,7,Dưỡng thể,Hasaki
Combo 2 Sữa Dưỡng Thể Vaseline Bảo Vệ Sáng Mịn Ban Ngày (330ml/chai),202000,Vaseline,4,4.9,22,Dưỡng thể,Hasaki
Sữa Dưỡng Thể Kiss My Body Sáng Da Crazy In Love 226g,168000,Kiss My Body,5,5.0,4,Dưỡng thể,Hasaki
[Mini] Sữa Dưỡng Ẩm CeraVe Cho Da Khô Đến Rất Khô 30ml,19000,CeraVe,41,4.7,7,Dưỡng thể,Hasaki
Gel Dưỡng Da Sau Tẩy Lông Cléo Dưỡng Ẩm Và Dịu Da 50g,54000,Cléo,14,5.0,12,Dưỡng thể,Hasaki
Sữa Dưỡng Thể Kiss My Body Sáng Da Lost In Paradise 226g,146000,Kiss My Body,5,5.0,4,Dưỡng thể,Hasaki
Combo CeraVe Sữa Rửa Mặt Cho Da Khô 88ml + Sữa Dưỡng Ẩm Cho Da Khô 30ml,145000,CeraVe,4,5.0,3,Dưỡng thể,Hasaki
Kem Dưỡng Avène Giảm Khô Ngứa Cho Da Viêm Thể Tạng 200ml,580000,Avène,1,4.7,3,Dưỡng thể,Hasaki
Sữa Dưỡng Thể Nivea Dưỡng Sáng Da Vitamin C & A 170ml,94000,Nivea,6,4.7,3,Dưỡng thể,Hasaki
Sữa Dưỡng Thể Kiss My Body Sáng Da Sweet Poison 226g,175000,Kiss My Body,3,5.0,4,Dưỡng thể,Hasaki
Serum Chống Nắng Dưỡng Thể Nivea Dưỡng Ẩm Vượt Trội 180ml,142000,Nivea,4,5.0,1,Dưỡng thể,Hasaki
Sữa Dưỡng Thể Vaseline Ngăn Ngừa Lão Hoá 200ml (Mới),82000,Vaseline,5,4.6,5,Dưỡng thể,Hasaki
[Mini] Sữa Dưỡng Thể Vaseline Sáng Mịn Da 70ml (Màu Ngẫu Nhiên),40000,Vaseline,10,5.0,1,Dưỡng thể,Hasaki
Combo CeraVe Sữa Rửa Mặt Cho Da Khô 473ml + Sữa Dưỡng Ẩm Cho Da Khô 30ml,379000,CeraVe,1,5.0,3,Dưỡng thể,Hasaki
Combo 2 Sữa Dưỡng Thể Vaseline Sáng Da Tức Thì (320ml/chai),202000,Vaseline,2,4.5,2,Dưỡng thể,Hasaki
Sữa Dưỡng Thể Vaseline Sáng Da Chống Nắng Và Ô Nhiễm 200ml,78000,Vaseline,3,4.6,5,Dưỡng thể,Hasaki
Combo 2 Sữa Dưỡng Thể Vaseline Ngăn Ngừa Lão Hoá (350ml/chai),204000,Vaseline,2,4.5,2,Dưỡng thể,Hasaki
Combo 2 Sữa Dưỡng Thể Vaseline Chống Nắng & Sáng Da (350ml/chai),202000,Vaseline,2,4.5,2,Dưỡng thể,Hasaki
Serum Dưỡng Thể Kiss My Body Chống Nắng Classy Punch 180g,154000,Kiss My Body,2,5.0,3,Dưỡng thể,Hasaki
Sữa Dưỡng Thể Vaseline Nâng Tông Sáng Da Tức Thì 200ml,82000,Vaseline,2,4.6,5,Dưỡng thể,Hasaki
Kem Dưỡng Vacosi Làm Sáng Vùng Da Dưới Cánh Tay 30ml,123000,Vacosi,1,5.0,1,Dưỡng thể,Hasaki
Kem Giảm Thâm Nách Cléo Chiết Xuất Lá Lộc Đề 35g,108000,Cléo,32,4.9,29,Dưỡng thể,Hasaki
Xịt Giảm Mụn Lưng Angel's Liquid Dưỡng Sáng Cơ Thể 150ml,318000,Angel's Liquid,42,5.0,31,Dưỡng thể,Hasaki
Kem Dưỡng Toàn Thân Felina Sáng Da Chiết Xuất Cam Yuzu 250g,247000,Felina,2,5.0,22,Dưỡng thể,Hasaki
Bấm Móng Tay Kềm Nghĩa Thép Không Gỉ Lưỡi Cong Loại Nhỏ B.904,36000,Kềm Nghĩa,7,5.0,2,Chăm sóc móng,Hasaki
Bấm Móng Tay Kềm Nghĩa Thép Không Gỉ Lưỡi Cong Loại Lớn B.902,47000,Kềm Nghĩa,4,5.0,2,Chăm sóc móng,Hasaki
Nước Rửa Móng Felina Cao Cấp Hương Hoa Cỏ 100ml,36000,Felina,4,5.0,1,Chăm sóc móng,Hasaki
Dũa Giấy Kềm Nghĩa DG.403A Đen (6 Chiếc/ Vỉ),27000,Kềm Nghĩa,4,5.0,2,Chăm sóc móng,Hasaki
Dũa Giấy Kềm Nghĩa DG.403B Trắng (6 Chiếc/ Vỉ),27000,Kềm Nghĩa,4,5.0,2,Chăm sóc móng,Hasaki
Bấm Móng Tay Kềm Nghĩa Thép Không Gỉ Lưỡi Bằng Loại Lớn B.901,47000,Kềm Nghĩa,3,5.0,2,Chăm sóc móng,Hasaki
Sơn Móng Tay Felina CS732 Màu Đỏ Mận Chín 18ml,35000,Felina,2,5.0,1,Chăm sóc móng,Hasaki
Sơn Bóng Felina Ánh Đỏ Trong Suốt CB301 18ml,47000,Felina,1,5.0,1,Chăm sóc móng,Hasaki
Bấm Móng Tay Hiệu TRIM Cao Cấp - Bấm Nhỏ,23000,Trim,3,5.0,2,Chăm sóc móng,Hasaki
Bấm Móng Tay Hiệu TRIM Cao Cấp - Bấm Lớn,45000,Trim,1,5.0,2,Chăm sóc móng,Hasaki
Sơn Móng Tay Felina CS884 Màu Trà Sữa 18ml,35000,Felina,2,5.0,1,Chăm sóc móng,Hasaki
Bấm Móng Tay Hiệu TRIM Cao Cấp - Bấm Nhỏ Tay Cầm,45000,Trim,1,5.0,2,Chăm sóc móng,Hasaki
Sơn Móng Tay Felina CN602 Màu Tím Củ Hành 18ml,35000,Felina,2,5.0,1,Chăm sóc móng,Hasaki
Sữa Rửa Mặt Eucerin Tạo Bọt Làm Sáng Da 150g,457000,Eucerin,11,5.0,9,Sữa rửa mặt,Hasaki
Sữa Rửa Mặt innisfree Kiểm Soát Nhờn Tro Núi Lửa & BHA 150g (Mới),161000,innisfree,30,5.0,1,Sữa rửa mặt,Hasaki
"Gel Rửa Mặt La Roche-Posay Mờ Thâm, Sáng Da 200ml",507000,La Roche-Posay,10,5.0,1,Sữa rửa mặt,Hasaki
Combo 2 Sữa Rửa Mặt Cetaphil Dịu Nhẹ Không Xà Phòng 59ml,77000,Cetaphil,60,4.8,41,Sữa rửa mặt,Hasaki
Combo 8 Gel Rửa Mặt La Roche-Posay Cho Da Dầu Nhạy Cảm 50ml,399000,La Roche-Posay,11,4.9,142,Sữa rửa mặt,Hasaki
Bọt Rửa Mặt Hada Labo Dưỡng Ẩm Cho Mọi Loại Da 160ml,146000,Hada Labo,30,4.8,4,Sữa rửa mặt,Hasaki
Combo 2 Sữa Rửa Mặt Simple Dưỡng Ẩm Cho Da Khỏe Và Mịn Màng 150ml,186000,Simple,24,4.8,129,Sữa rửa mặt,Hasaki
Sữa Rửa Mặt Cocoon Chiết Xuất Từ Nghệ Hưng Yên 140ml,153000,Cocoon,26,4.9,8,Sữa rửa mặt,Hasaki
Sữa Rửa Mặt Some By Mi Làm Sạch Sâu Cho Da Dầu Mụn 100ml,227000,Some By Mi,18,4.8,5,Sữa rửa mặt,Hasaki
Sữa Rửa Mặt Curél Dạng Bọt Dành Cho Da Dầu 150ml,289000,Curél,14,5.0,16,Sữa rửa mặt,Hasaki
Gel Rửa Mặt Acnes Giúp Kiểm Soát Nhờn 100g,59000,Acnes,64,5.0,5,Sữa rửa mặt,Hasaki
Sữa Rửa Mặt Garnier 3 Trong 1 Giảm Mụn & Sáng Da 100ml (Mới),98000,Garnier,38,5.0,4,Sữa rửa mặt,Hasaki
Sữa Rửa Mặt St.Ives Tẩy Tế Bào Chết Trái Mơ Ngừa Mụn 170g,128000,St.Ives,29,4.9,74,Sữa rửa mặt,Hasaki
Sữa Rửa Mặt Cetaphil Dịu Lành Cho Da Dầu Nhạy Cảm 125ml,148000,Cetaphil,25,4.7,6,Sữa rửa mặt,Hasaki
Sữa Rửa Mặt Curél Dạng Bọt Cấp Ẩm Chuyên Sâu 150ml,263000,Curél,14,5.0,16,Sữa rửa mặt,Hasaki
Sữa Rửa Mặt Vichy Dạng Gel Làm Sạch Sâu & Giảm Nhờn 200ml,485000,Vichy,8,4.9,14,Sữa rửa mặt,Hasaki
Gel Rửa Mặt Garnier Sạch Thoáng Dịu Nhẹ Cho Da Dầu Mụn 120ml,129000,Garnier,28,5.0,2,Sữa rửa mặt,Hasaki
Gel Rửa Mặt Eucerin Cho Da Mụn 400ml,459000,Eucerin,8,5.0,1,Sữa rửa mặt,Hasaki
Sữa Rửa Mặt Cerave Cho Da Dầu Mụn 236ml,268000,CeraVe,12,5.0,6,Sữa rửa mặt,Hasaki
Gel Rửa Mặt & Tắm La Roche-Posay Làm Sạch & Giảm Mụn 400ml,513000,La Roche-Posay,7,4.9,16,Sữa rửa mặt,Hasaki
[Mini] Sữa Rửa Mặt Eucerin Dạng Bọt Sạch Sâu Cho Da Nhờn 50g,143000,Eucerin,21,4.9,10,Sữa rửa mặt,Hasaki
Gel Rửa Mặt Cocoon Bí Đao Giúp Giảm Dầu & Mụn 140ml,139000,Cocoon,22,4.9,12,Sữa rửa mặt,Hasaki
Gel Rửa Mặt Bioderma Làm Sạch Sâu Và Giảm Mụn 200ml,272000,Bioderma,11,5.0,1,Sữa rửa mặt,Hasaki
Combo Vichy Kem Chống Nắng Ngừa Lão Hóa 50ml + Gel Rửa Mặt Cho Da Dầu Mụn 50ml,425000,Vichy,7,5.0,1,Sữa rửa mặt,Hasaki
"Sữa Rửa Mặt Embryolisse Làm Sạch Sâu, Chống Oxy Hóa 200ml",284000,Embryolisse,11,4.5,2,Sữa rửa mặt,Hasaki
Gel Rửa Mặt SVR Dành Cho Da Nhạy Cảm 200ml,388000,SVR,8,5.0,5,Sữa rửa mặt,Hasaki
"Gel Rửa Mặt SVR Không Xà Phòng Cho Da Khô, Nhạy Cảm 200ml",271000,SVR,10,5.0,1,Sữa rửa mặt,Hasaki
Combo 2 Sữa Rửa Mặt Senka Tạo Bọt Bổ Sung Collagen 120g,163000,Senka,16,4.9,36,Sữa rửa mặt,Hasaki
Combo 2 Sữa Rửa Mặt Senka Tạo Bọt Chiết Xuất Tơ Tằm Trắng 120g,162000,Senka,16,4.9,36,Sữa rửa mặt,Hasaki
Sữa Rửa Mặt Senka Dưỡng Sáng Mờ Thâm 100g,86000,Senka,30,4.5,2,Sữa rửa mặt,Hasaki
Combo 2 Gel Rửa Mặt La Roche-Posay Cho Da Dầu Nhạy Cảm 50ml,145000,La Roche-Posay,17,4.9,142,Sữa rửa mặt,Hasaki
Sữa Rửa Mặt Naris Acne Grand Cho Da Dầu Mụn 100g,350000,Naris Cosmetics,7,4.9,18,Sữa rửa mặt,Hasaki
Combo 2 Sữa Rửa Mặt Cetaphil Dịu Lành Cho Da Nhạy Cảm 125ml (Mới),370000,Cetaphil,7,4.8,41,Sữa rửa mặt,Hasaki
Gel Rửa Mặt Eucerin Cho Da Nhờn Mụn 75ml,176000,Eucerin,13,5.0,229,Sữa rửa mặt,Hasaki
[Mini] Gel Rửa Mặt Bioderma Dành Cho Da Dầu & Hỗn Hợp 100ml,200000,Bioderma,12,5.0,14,Sữa rửa mặt,Hasaki
Sữa Rửa Mặt L'Oreal Săn Chắc Da 100ml,155000,L'Oreal,14,5.0,1,Sữa rửa mặt,Hasaki
Sữa Rửa Mặt Bio-essence Dưỡng Da Tươi Sáng Căng Mọng 100g,109000,Bio-essence,20,5.0,3,Sữa rửa mặt,Hasaki
Gel Rửa Mặt & Tắm Gội A-Derma Dịu Nhẹ Cho Da 200ml,299000,A-Derma,7,5.0,4,Sữa rửa mặt,Hasaki
Sữa Rửa Mặt Senka Đất Sét Trắng Làm Đều Màu Da 120g,96000,Senka,22,4.8,6,Sữa rửa mặt,Hasaki
Sữa Rửa Mặt Vichy Dạng Gel Làm Sạch Sâu & Giảm Nhờn 400ml,624000,Vichy,4,4.9,14,Sữa rửa mặt,Hasaki
Sữa Rửa Mặt B.O.M Từ 8 Loại Trà Làm Sạch Sâu Da 150ml,254000,B.O.M,8,4.9,14,Sữa rửa mặt,Hasaki
Gel Rửa Mặt SVR Dành Cho Da Nhạy Cảm 55ml,129000,SVR,15,5.0,5,Sữa rửa mặt,Hasaki
Sữa Rửa Mặt St.Ives Tẩy Tế Bào Chết Cà Phê & Dừa 170g,128000,St.Ives,15,4.9,74,Sữa rửa mặt,Hasaki
"Gel Rửa Mặt SVR Không Xà Phòng Cho Da Khô, Nhạy Cảm 55ml",114000,SVR,17,5.0,1,Sữa rửa mặt,Hasaki
"Sữa Rửa Mặt Hatomugi Tạo Bọt Hỗ Trợ Dưỡng Ẩm, Sáng Da 160ml",96000,Hatomugi,20,4.9,34,Sữa rửa mặt,Hasaki
Sữa Rửa Mặt Bio-essence Tạo Bọt Cấp Ẩm Làm Dịu Da 100g,99000,Bio-essence,19,4.8,4,Sữa rửa mặt,Hasaki
Combo Simple Chăm Sóc Cho Da Sạch Sâu Ẩm Mịn 3 Món,191000,Simple,10,4.9,16,Sữa rửa mặt,Hasaki
Sữa Rửa Mặt DrCeutics Hỗ Trợ Sạch Sâu Cho Mọi Loại Da 150ml,133000,DrCeutics,14,5.0,1,Sữa rửa mặt,Hasaki
Sữa Rửa Mặt Isis Pharma Giảm Nhờn Và Ngăn Ngừa Mụn 40ml,139000,Isis Pharma,13,4.8,11,Sữa rửa mặt,Hasaki
Sữa Rửa Mặt Eucerin Tạo Bọt Làm Sáng Da 50g,179000,Eucerin,10,5.0,9,Sữa rửa mặt,Hasaki
Sữa Rửa Mặt Naris Acmedica Chăm Sóc Da Mụn 100g,199000,Naris Cosmetics,9,5.0,18,Sữa rửa mặt,Hasaki
Sữa Rửa Mặt Senka Tạo Bọt Chiết Xuất Rau Má Dịu Nhẹ 100g,97000,Senka,19,4.9,36,Sữa rửa mặt,Hasaki
Sữa Rửa Mặt Naris Nature Sáng Da Chiết Xuất Hoa Anh Đào 100g,204000,Naris Cosmetics,9,4.9,15,Sữa rửa mặt,Hasaki
[Mini] Gel Rửa Mặt Bioderma Dành Cho Da Dầu & Hỗn Hợp 45ml,99000,Bioderma,16,5.0,14,Sữa rửa mặt,Hasaki
Sữa Rửa Mặt Bio-essence Vàng 24K Ngăn Ngừa Lão Hoá 100g,117000,Bio-essence,13,5.0,6,Sữa rửa mặt,Hasaki
Sữa Rửa Mặt Hada Labo Dưỡng Sáng Cao Cấp 100g,115000,Hada Labo,13,5.0,1,Sữa rửa mặt,Hasaki
"Sữa Rửa Mặt Derladie Tràm Trà Sạch Sâu, Kiềm Dầu 150ml",134000,Derladie,11,4.9,12,Sữa rửa mặt,Hasaki
Gel Rửa Mặt Eucerin Làm Sạch Dịu Nhẹ Da Nhạy Cảm 200ml,340000,Eucerin,5,5.0,3,Sữa rửa mặt,Hasaki
Combo La Roche-Posay Chống Nắng Kiểm Soát Dầu & Làm Sạch Da,479000,La Roche-Posay,3,5.0,5,Sữa rửa mặt,Hasaki
Kem Rửa Mặt Acnes Giúp Ngừa Mụn 100g,61000,Acnes,24,5.0,3,Sữa rửa mặt,Hasaki
Sữa Rửa Mặt Cetaphil Tạo Bọt Dịu Lành Cho Da Nhạy Cảm 236ml,291000,Cetaphil,5,5.0,7,Sữa rửa mặt,Hasaki
Sữa Rửa Mặt St.Ives Tẩy Tế Bào Chết Hoa Hồng & Lô Hội 170g,128000,St.Ives,11,4.9,74,Sữa rửa mặt,Hasaki
Gel Rửa Mặt Eucerin Cho Da Mụn 150ml,351000,Eucerin,4,5.0,1,Sữa rửa mặt,Hasaki
Sữa Rửa Mặt St.Ives Tẩy Tế Bào Chết Trái Mơ Tươi Mát 170g,127000,St.Ives,11,4.9,74,Sữa rửa mặt,Hasaki
Sữa Rửa Mặt Neutrogena Làm Sạch Sâu Dạng Gel 150ml,98000,Neutrogena,13,4.7,7,Sữa rửa mặt,Hasaki
Sữa Rửa Mặt Hada Labo Chăm Sóc Da Lão Hóa Cao Cấp 100g,104000,Hada Labo,12,5.0,1,Sữa rửa mặt,Hasaki
Combo Hada Labo Kem Rửa Mặt & Lotion Dưỡng Ẩm Da Thường,219000,Hada Labo,5,5.0,2,Sữa rửa mặt,Hasaki
Sữa Rửa Mặt Elixir Tạo Bọt Ngừa Lão Hóa 145g,441000,Elixir,3,5.0,1,Sữa rửa mặt,Hasaki
Sữa Rửa Mặt Naris Cosmetics Ngăn Ngừa Lão Hóa 100g,358000,Naris Cosmetics,4,5.0,7,Sữa rửa mặt,Hasaki
[Mini] Gel Rửa Mặt Bioderma Tạo Bọt Cho Da Nhạy Cảm 45ml,106000,Bioderma,10,5.0,11,Sữa rửa mặt,Hasaki
Sữa Rửa Mặt Naris Nature Dưỡng Sáng Da 100g,311000,Naris Cosmetics,4,5.0,4,Sữa rửa mặt,Hasaki
Sữa Rửa Mặt Ducray Cho Da Nhờn Mụn 200ml,357000,Ducray,3,5.0,1,Sữa rửa mặt,Hasaki
Combo Garnier Nước Tẩy Trang Cho Da Dầu Mụn 400ml + Gel Rửa Mặt Sạch Thoáng Dịu Nhẹ 120ml + 2 Serum Giảm Mụn Mờ Thâm 7.5ml,339000,Garnier,4,4.9,50,Sữa rửa mặt,Hasaki
Gel Rửa Mặt Cocoon Chiết Xuất Từ Hoa Hồng 140ml,175000,Cocoon,6,5.0,2,Sữa rửa mặt,Hasaki
"Combo 2 Kem Rửa Mặt Hada Labo Sạch Sâu, Dưỡng Sáng Da 80g",131000,Hada Labo,8,5.0,21,Sữa rửa mặt,Hasaki
Sữa Rửa Mặt Milaganics Tràm Trà Nano Nghệ Ngừa Mụn 135ml,65000,Milaganics,15,4.9,7,Sữa rửa mặt,Hasaki
Gel Rửa Mặt Acnes Gentle Wash Ngăn Ngừa Mụn 100g,61000,Acnes,16,5.0,8,Sữa rửa mặt,Hasaki
Sữa Rửa Mặt Naris Nature Cho Da Mụn Chiết Xuất Mù Tạt 100g,226000,Naris Cosmetics,5,4.9,15,Sữa rửa mặt,Hasaki
Sữa Rửa Mặt Hazeline Giảm Mụn Chiết Xuất Nghệ Hoa Cúc 100g,45000,Hazeline,22,5.0,9,Sữa rửa mặt,Hasaki
Sữa Rửa Mặt Azderma Dạng Gel Dịu Nhẹ Cho Da Dầu Mụn 60ml,71000,Azderma,14,5.0,2,Sữa rửa mặt,Hasaki
Sữa Rửa Mặt Naris Nature Se Khít Lỗ Chân Lông 100g,261000,Naris Cosmetics,4,4.9,15,Sữa rửa mặt,Hasaki
Sữa Rửa Mặt Hazeline Ngừa Mụn Dịu Nhẹ Tràm Trà Cica 100g,46000,Hazeline,20,5.0,9,Sữa rửa mặt,Hasaki
Combo Vichy Gel Rửa Mặt Ngừa Mụn 400ml + Kem Chống Nắng Không Nhờn Rít 50ml,874000,Vichy,1,5.0,1,Sữa rửa mặt,Hasaki
Kem Rửa Mặt Oxy Có Hạt Làm Sạch Sâu Giảm Nhờn 100g,65000,OXY,13,5.0,20,Sữa rửa mặt,Hasaki
Bộ Sản Phẩm Hada Labo Dưỡng Sáng Da 3 Món,73000,Hada Labo,11,5.0,4,Sữa rửa mặt,Hasaki
Combo 2 Kem Rửa Mặt Hada Labo Sạch Sâu Dưỡng Ẩm 80g,120000,Hada Labo,7,4.9,87,Sữa rửa mặt,Hasaki
Combo Cocoon Sữa Rửa Mặt & Nước Cân Bằng Từ Nghệ Hưng Yên 140mlx2,331000,Cocoon,3,5.0,1,Sữa rửa mặt,Hasaki
Sữa Rửa Mặt St.Ives Tẩy Tế Bào Chết Bơ & Mật Ong 170g,127000,St.Ives,7,4.9,74,Sữa rửa mặt,Hasaki
Gel Rửa Mặt Naris Nature Dưỡng Ẩm Chiết Xuất Sữa 100g,226000,Naris Cosmetics,4,4.9,15,Sữa rửa mặt,Hasaki
Combo 10 Sữa Rửa Mặt Cetaphil Dịu Lành Cho Da Nhạy Cảm 59ml,379000,Cetaphil,2,4.8,41,Sữa rửa mặt,Hasaki
Sữa Rửa Mặt Neutrogena Ngăn Ngừa Mụn Đầu Đen 100g,118000,Neutrogena,7,5.0,6,Sữa rửa mặt,Hasaki
Sữa Rửa Mặt The Lab Tạo Bọt Sạch Sâu & Dưỡng Ẩm Da 120ml,343000,The Lab,3,5.0,5,Sữa rửa mặt,Hasaki
Combo 4 Gel Rửa Mặt SVR Không Chứa Xà Phòng Cho Da Dầu 55ml,499000,SVR,2,4.9,46,Sữa rửa mặt,Hasaki
Combo 2 Sữa Rửa Mặt Cetaphil Dịu Lành Cho Da Nhạy Cảm 500ml (Mới),657000,Cetaphil,1,4.8,41,Sữa rửa mặt,Hasaki
[Mini] Sữa Rửa Mặt Senka Tạo Bọt Chiết Xuất Tơ Tằm Trắng 50g,40000,Senka,16,5.0,1,Sữa rửa mặt,Hasaki
Sữa Rửa Mặt Hada Labo Dưỡng Ẩm Cao Cấp 100g,104000,Hada Labo,7,5.0,1,Sữa rửa mặt,Hasaki
Sữa Rửa Mặt Bioré Thanh Lọc Da - Ngừa Mụn 100g,49000,Bioré,13,4.7,10,Sữa rửa mặt,Hasaki
Sữa Rửa Mặt Bio-essence Cho Da Dầu & Hỗn Hợp 100g,109000,Bio-essence,6,5.0,2,Sữa rửa mặt,Hasaki
Sữa Rửa Mặt Nivea Men Giúp Giảm Mụn & Hư Tổn Da 100g,84000,Nivea,8,5.0,2,Sữa rửa mặt,Hasaki
Sữa Rửa Mặt Acnes Dưỡng Sáng Và Ngăn Ngừa Mụn 100g,58000,Acnes,11,5.0,1,Sữa rửa mặt,Hasaki
Dung Dịch Tạo Bọt Acnes Ngăn Ngừa Mụn 150ml,65000,Acnes,9,5.0,3,Sữa rửa mặt,Hasaki
Kem Rửa Mặt Oxy Làm Sạch Sâu Sảng Khoái 100g,63000,OXY,9,5.0,16,Sữa rửa mặt,Hasaki
"Gel Rửa Mặt Avène Làm Sạch Da, Giảm Nhờn Mụn 200ml",424000,Avène,2,5.0,1,Sữa rửa mặt,Hasaki
Combo 2 Kem Rửa Mặt Hada Labo Dưỡng Chuyên Biệt Ngừa Lão Hóa 80g,141000,Hada Labo,4,4.9,9,Sữa rửa mặt,Hasaki
Gel Rửa Mặt Eucerin Cho Da Mụn 75ml,233000,Eucerin,2,5.0,1,Sữa rửa mặt,Hasaki
"Kem Rửa Mặt Oxy Sạch Khuẩn Mụn, Kiểm Soát Nhờn 100g",74000,OXY,6,5.0,10,Sữa rửa mặt,Hasaki
"Gel Rửa Mặt Elixir Hỗ Trợ Làm Sạch Sâu, Ngừa Lão Hóa 105g",372000,Elixir,2,4.5,2,Sữa rửa mặt,Hasaki
"Gel Rửa Mặt Elixir Hỗ Trợ Làm Sạch, Dưỡng Ẩm 180g",370000,Elixir,2,5.0,2,Sữa rửa mặt,Hasaki
"Sữa Rửa Mặt Decumar Sạch Sâu Dịu Nhẹ, Sáng Da Ngừa Mụn 50g",95000,Decumar,5,5.0,2,Sữa rửa mặt,Hasaki
Combo Cocoon Gel Rửa Mặt Bí Đao 140ml + Nước Cân Bằng Bí Đao 140ml,192000,Cocoon,3,5.0,2,Sữa rửa mặt,Hasaki
Sữa Rửa Mặt Bio-essence Dưỡng Sáng Da 100g,82000,Bio-essence,5,4.0,1,Sữa rửa mặt,Hasaki
Sữa Rửa Mặt Bioré Thanh Lọc Da - Sạch Nhờn 100g,48000,Bioré,8,4.7,10,Sữa rửa mặt,Hasaki
Xà Phòng Chinoshio Dokudami Cho Mặt & Toàn Thân 130g,47000,Chinoshio,8,5.0,2,Sữa rửa mặt,Hasaki
Sữa Rửa Mặt Và Tẩy Trang Naris Cosmetics Dưỡng Ẩm 100g,366000,Naris Cosmetics,2,5.0,3,Sữa rửa mặt,Hasaki
Sữa Rửa Mặt Cerave Cho Da Dầu Mụn 88ml,175000,CeraVe,3,5.0,6,Sữa rửa mặt,Hasaki
[Mini] Gel Rửa Mặt Bioderma Tạo Bọt Cho Da Nhạy Cảm 8ml,19000,Bioderma,18,5.0,11,Sữa rửa mặt,Hasaki
Bộ Sản Phẩm Hada Labo Dưỡng Ẩm Da 3 Món (Kem Rửa Mặt 15g + Dung Dịch Dưỡng 20ml + Kem Dưỡng 12g),68000,Hada Labo,5,5.0,4,Sữa rửa mặt,Hasaki
Combo CeraVe Sữa Rửa Mặt Sạch Sâu Cho Da Thường Đến Da Dầu 236ml + Sữa Dưỡng Ẩm 30ml,340000,CeraVe,1,5.0,3,Sữa rửa mặt,Hasaki
Gel Rửa Mặt Emmié Sạch Sâu & Giảm Mụn 180ml,179000,Emmié by Happy Skin,2,5.0,3,Sữa rửa mặt,Hasaki
"Sữa Rửa Mặt Melano CC Dưỡng Sáng, Sạch Sâu 130g",153000,Melano CC,2,5.0,1,Sữa rửa mặt,Hasaki
"Sữa Rửa Mặt Oxy Sạch Dịu Nhẹ, Kiềm Dầu Cho Nam 100g",76000,OXY,4,5.0,4,Sữa rửa mặt,Hasaki
"Kem Rửa Mặt Acnes Vitamin Làm Sáng Da, Mờ Sẹo Thâm 100g",58000,Acnes,6,5.0,1,Sữa rửa mặt,Hasaki
Sữa Rửa Mặt Hazeline Dưỡng Ẩm Sáng Da Yến Mạch & Dâu Tằm 100g,52000,Hazeline,6,5.0,9,Sữa rửa mặt,Hasaki
Sữa Rửa Mặt Nivea Tinh Chất Ngọc Trai Làm Sáng Da 100g,68000,Nivea,4,5.0,1,Sữa rửa mặt,Hasaki
[Mini] Sữa Rửa Mặt I'm From Từ Ngải Cứu Sạch Sâu Dịu Nhẹ 30ml,49000,I'm from,5,5.0,6,Sữa rửa mặt,Hasaki
Gel Rửa Mặt Emmié Dịu Nhẹ & Cấp Ẩm Sâu 180ml,179000,Emmié by Happy Skin,1,5.0,3,Sữa rửa mặt,Hasaki
Combo 2 Kem Rửa Mặt Hada Labo Cho Da Mụn Và Nhạy Cảm 80g,142000,Hada Labo,2,4.7,9,Sữa rửa mặt,Hasaki
Sữa Rửa Mặt Evoluderm Bổ Sung Vitamin E Cấp Ẩm Dịu Nhẹ 250ml,99000,Evoluderm,2,5.0,3,Sữa rửa mặt,Hasaki
Sữa Rửa Mặt Nivea Men Than Đen Hoạt Tính Sáng Da 100g,96000,Nivea,1,5.0,1,Sữa rửa mặt,Hasaki
"Kem Rửa Mặt Acnes Vitamin Làm Sáng Da, Mờ Sẹo Thâm 50g",37000,Acnes,3,5.0,1,Sữa rửa mặt,Hasaki
Sữa Rửa Mặt Bio-essence AHA-BHA Tẩy Da Chết Dịu Nhẹ 100g,99000,Bio-essence,1,5.0,1,Sữa rửa mặt,Hasaki
Kem Rửa Mặt Acnes Giúp Ngừa Mụn 50g,38000,Acnes,2,5.0,3,Sữa rửa mặt,Hasaki
Gel Rửa Mặt Ngăn Ngừa Mụn Acnes 100g,66000,Acnes,2,5.0,1,Sữa rửa mặt,Hasaki
Sữa Rửa Mặt Và Tẩy Trang Naris Alodew Từ Lô Hội 100g,208000,Naris Cosmetics,1,5.0,2,Sữa rửa mặt,Hasaki
Combo La Roche-Posay Làm Sạch Sâu Double Cleansing Da Dầu,189000,La Roche-Posay,1,5.0,2,Sữa rửa mặt,Hasaki
Gel Rửa Mặt Garnier Vitamin C Sạch Sâu Dịu Nhẹ Sáng Da 120ml,159000,Garnier,9,5.0,1,Sữa rửa mặt,Hasaki
Combo 2 Sữa Rửa Mặt Vichy Dạng Gel Làm Sạch Sâu Da Dầu Mụn 50ml,150000,Vichy,6,4.9,14,Sữa rửa mặt,Hasaki
Sữa Rửa Mặt Freeplus Dưỡng Ẩm Dịu Nhẹ Cho Da 100g,224000,Freeplus,5,5.0,5,Sữa rửa mặt,Hasaki
Sữa Rửa Mặt Bioré Thanh Lọc Da - Sáng Da 100g,49000,Bioré,3,4.7,10,Sữa rửa mặt,Hasaki
Sữa Rửa Mặt Clean & Clear Giảm Nhờn Tác Dụng Sâu 100g,62000,Clean & Clear,1,5.0,1,Sữa rửa mặt,Hasaki
Combo La Roche-Posay Gel Rửa Mặt Da Dầu Mụn 200ml & Nước Tẩy Trang Da Nhạy Cảm 50ml,360000,La Roche-Posay,2,4.0,1,Sữa rửa mặt,Hasaki
Sữa Rửa Mặt Curél Dạng Bọt Cấp Ẩm Chuyên Sâu Túi 130ml,219000,Curél,1,5.0,16,Sữa rửa mặt,Hasaki
