Tên s?n ph?m,Giá (VNÐ),Ðã bán,S? dánh giá,Danh m?c
Combo 2 kem meiduzi nh?t b?n ngày + dêm tem vuông ( t?ng b?c d?ng ) tem check BCA,187000,8800,1507,Cham sóc da m?t
The Ordinary Niacinamide 10% + Zinc 1%,148000,1100,223,Cham sóc da m?t
[M1T1] Nu?c U?ng Collagen ASTALIFT Nh?t B?n Drink White Shield 1000MG Collagen C?p ?m Chai 50ml,877000,5500,696,Cham sóc da m?t
B? cham sóc da VIBRANT GLAMOUR ANNIES v?i toner/ serum/ kem du?ng da m?t retinol ph?c h?i k?t c?u da không d?ng d?u/ m?,25900,5500,1053,Cham sóc da m?t
Pores serum Thu Nh? L? Chân Lông Úc Tinh Ch?t Du?ng ?m D?u Cây Trà Tinh Ch?t Thu Nh? L? Chân Lông M?t Tinh Ch?t Se Khít L? Chân Lông Cham Sóc Da,53065,194,78,Cham sóc da m?t
Gel A rrett du?ng da ban dêm 20g,100000,1200,127,Cham sóc da m?t
50 Viên/L? Tinh Ch?t Nhau Thai Fullerene Viên Nang Cham Sóc Da Ch?ng Nhan Ch?ng Lão Hóa Làm Tr?ng Du?ng ?m Làm San Ch?c Ki?m Soát D?u Thu Nh? L? Chân Lông Ch?ng Lão Hóa,21000,2400,454,Cham sóc da m?t
FOCALLURE Mi?ng Dán M?n Tái T?o Cham Sóc Làn Da Ti?n D?ng Cao Câ´p 2g,14355,11300,1292,Cham sóc da m?t
"D?u H?nh Nhân Nguyên Ch?t 100% T? Nhiên - Lo?i Ép L?nh Dùng Làm Ð?p Cham Sóc Da, Du?ng Da, Làm Tr?ng Sáng Da, Gi?m M?n Hi?u Qu? - Dùng Cho M?t Và Toàn Thân",45000,35,7,Cham sóc da m?t
"(100% aut) T?y n?t ru?i, m?n cóc, m?n th?t, s?o l?i chính hãng c?a Nga hi?u qu? và an toàn",26000,254,52,Cham sóc da m?t
Tinh Ch?t Seimy Skin 7 Days Plus 10ml Gi?m M?n Thâm Dành Cho Da M?n Cham Sóc Da Hi?u Qu?,53940,245,32,Cham sóc da m?t
"H?p Mi?ng dán iBeaLee lo?i b? m?n cóc, m?n th?t , m?n d?u den, n?t rùi , nhi?u lo?i m?n khác n?a di?u s? bi?n m?t d?n t? mi?ng dán lo?i b? v?t chai s?ng trên da. Mi?ng dán lo?i b? m?n th?t m?n cóc m?n mu. Mi?ng dán t?y n?t ru?i den cham sóc da m?n màng",12000,33,6,Cham sóc da m?t
"100% Chính hãng Ð?c bi?t Dermatix Ultra, Dermatix Original Dermatix Acne Scar Gel 15g Cham sóc v?t s?o s?o s?o Parut hipertrofi Vô tình b?ng Ph?u thu?t s?o l?i",55703,43,9,Cham sóc da m?t
Kem du?ng ?m Hada Labo Advanced Nourish Cream 50g,174000,10600,1389,Cham sóc da m?t
B? Cham Sóc Da M?t Ng?c Trai Tr?ng Sáng Pearl Shine Huong Th?,1300000,304,94,Cham sóc da m?t
"Mi?ng dán T?y m?n com, m?n cóc, v?t chai s?n, t?y n?t ru?i vi?n da li?u Wart Removal",54662,68,35,Cham sóc da m?t
Hailicare Tinh D?u Ngh? 30Ml Serum Cham Sóc Da M?t Du?ng ?m Du?ng ?m C?i Thi?n Tông Màu Da Ch?ng Lão Hóa Làm Sáng N?p Nhan,43500,168,36,Cham sóc da m?t
"Gel ch?m n?t ru?i, m?n cóc, m?n th?t, tàn nhang m?n ké Bà ngàn",29000,187,36,Cham sóc da m?t
The Ordinary Aha 30% + Bha 2% Nguyên Ch?t 30ml M?t N? T?y T? Bào Ch?t 10 Phút Serum Du?ng Da Xóa S?o M?n Làm Tr?ng Da Cham Sóc Da Peeling Solution,74250,53,9,Cham sóc da m?t
Kem du?ng tr?ng da Kone Thái Lan chính hãng - Kone Cream,25000,5200,294,Cham sóc da m?t
"Tinh Ch?t Du?ng Tr?ng Da 377 -  Chai X?t 377 Lo?i B? Nám, Tàn Nhang, Ð?i M?i, C?p ?m Du?ng Da Tr?ng Sáng 100ml",21000,31,5,Cham sóc da m?t
Sét Kem Kone Thái Lan ( Hàng Chu?n Ð? Lâu Lên H?t Hàng M?i Chua K?p Lên Ð? M?y Ngày Là Lên H?t Nhé Khách ),17000,828,32,Cham sóc da m?t
[Cam K?t Chính Hãng ] M? Ph?m BACH HOA HONG  100ml,179000,335,41,Cham sóc da m?t
[ Cam K?t Chính Hãng ] BACH CUC HOA Du?ng Da Gi?m Sung 30G,155000,225,46,Cham sóc da m?t
"[Lo?i t?t] T?y n?t ru?i ,tàn nhang , m?n cóc, m?n th?t,m?t cá ko làm s?o da",35000,2400,461,Cham sóc da m?t
Serum Th?o Du?c B?ch Hoa H?ng 100ml - Serum Tái T?o Da B?ch Hoa H?ng,168000,270,33,Cham sóc da m?t
B? kem tái t?o da xóa nám tàn nhang,42000,129,13,Cham sóc da m?t
Gel T?y N?t Ru?i Tàn Nhang Bà Ngàn,36000,184,52,Cham sóc da m?t
Kem Sâm Thorakao Tái T?o Da Sáng Kh?e 7G,33000,1100,132,Cham sóc da m?t
Combo Kem Face Tái T?o Da Gia Truy?n Giúp Da Cang Bóng M?n Màng S?ch Nám M?n Tàn Nhang,42000,321,31,Cham sóc da m?t
gi?y l?t m?n bich 100 mi?ng giá s?,40000,1100,251,Cham sóc da m?t
Kem m?n  - Gel gi?m m?n gi?m thâm C?p T?c M? S?o Anti-Acne Gel Giúp Da Láng M?n Khít L? Chân Lông Ki?m Soát D?u 20g an toàn hi?u qu? không tác d?ng ph?,56040,101,38,Cham sóc da m?t
Làm tr?ng vinh vi?n Kem làm tr?ng da m?t Kem du?ng ?m t?i uu Kem làm m? v?t thâm làm tr?ng da Serum xóa v?t thâm làm sáng da gi?m d?m tàn nhang Kem du?ng da m?t,60000,124,52,Cham sóc da m?t
Gel Xoá N?t Ru?i Tàn Nhang M?c Cóc lâu nam BB,39000,69,16,Cham sóc da m?t
"(CHÍNH HÃNG )b? tinh ch?t du?ng tr?ng da làm ?m xóa nhan  se khít l? chân lông vinh vi?n, m?n màng, lam tr?ng da h?t m?n B? cham sóc da m?t d?p không tì v?t",200000,142,49,Cham sóc da m?t
Serum du?ng tr?ng da VitaminC T? bào g?c C7 xóa thâm nám hi?u qu?,28000,1400,175,Cham sóc da m?t
??100% hàng th?t??La Roche-Posay Cicaplast Baume B5+ 100ml Kem ph?c h?i giúp ph?c h?i da sau Làm d?u t?c th?i Du?ng ?m,193000,16,3,Cham sóc da m?t
?Phiên b?n da nh?y c?m?Ph?n ph? CARSLAN ch?ng th?m nu?c ki?m soát d?u lên d?n 24H không d?u tr?ng lu?ng nh? lâu trôi 3 màu 8g,239000,5300,1509,Cham sóc da m?t
Kem Du?ng ?m Ph?c H?i Embryolisse Lait Crème Concentré 30ml/75ml,278000,14700,3039,Cham sóc da m?t
[belif Official] M?t n? ng? du?ng ?m và ph?c h?i da chuyên sâu belif Multi Vitamin Mask 75ml,350000,2600,405,Cham sóc da m?t
"Kem du?ng h? tr? ngan ng?a lão hóa, c?i thi?n n?n da Lait Creme Retinol Like Embryolisse 75ml",698000,87,14,Cham sóc da m?t
"Bbeeaauu Niacinamide (vitamin B3) 500mg b? sung nang lu?ng s? trao d?i ch?t, luu thông, th?n kinh & cham sóc da h? tr?",138000,10,3,Cham sóc da m?t
Bbeaauu Viên nang Vitamin C 1000 mg v?i K?m Vitamin CAND Zinc 20 mg Rosa Canina Chi?t xu?t t? hoa h?ng hông Chi?t xu?t Citrus sinensis H? tr? mi?n d?ch và b? sung ch?t ch?ng oxy hóa d? cham sóc da,58000,560,224,Cham sóc da m?t
"Bbeeaauu Vitamin C viên nang 1000mg v?i K?m Vitamin CAND k?m 20mg, h? tr? mi?n d?ch và b? sung ch?t ch?ng oxy hóa cho cham sóc da",60000,25,4,Cham sóc da m?t
"[VB] B? 2 d?u g?i Selsun ch?ng gàu, s?ch gàu & h?t ng?a da d?u Selsun Anti-Dandruff Shampoo 100ml",164000,21900,1343,Cham sóc da m?t
B? Kem du?ng ngày dêm Pond's Age Miracle m? d?m nâu và n?p nhan v?i 50X Hexyl-Retinol 45G,575000,7900,1506,Cham sóc da m?t
"SERUM Tr?ng Da, Ng?a M?n Senana 15ml Tr? Hóa Da, Ki?m Soát D?u, Du?ng ?m",13090,266,28,Cham sóc da m?t
Tái t?o da Phuong Anh Yody White M?u M?i 80ml,90000,53,11,Cham sóc da m?t
"T?y ru?i, T?y N?t Ru?i, Gel T?y N?t Ru?i Tàn Nhang, M?n Cóc, M?n Th?t, M?n Com, S?o L?i, Kem s?o, Kem m?  s?o thâm, lo?i b? s?o l?i lõm,s?o thâm, v?t r?n da ch? trong 2 tháng Nga",20000,396,76,Cham sóc da m?t
VIBRANT GLAMOUR Serum Retinol Làm San Ch?c Da Ch?ng Lão Hóa Xóa M? N?p Nhan 30ml,25200,4300,734,Cham sóc da m?t
S?a du?n Rong Nho Nh?t B?n Las Beauty truy?n tr?ng du?ng da cang bóng ph?c h?i da 50ml,68000,314,52,Cham sóc da m?t
[T?ng 1 V? Vitamin E] S?a Du?ng Rong Nho Skin Perfect Emulsion Las Beauty - tái t?o làn da kh?e m?nh,78000,75,14,Cham sóc da m?t
Kem du?ng tr?ng gi?m thâm nám Ðông trùng hi?u qu? cho da,22000,32,2,Cham sóc da m?t
"Gel Nha Ðam du?ng ?m 98% SIMU MMEI'R 300ml - Gel Lô H?i n?i d?a Trung du?ng da, c?p ?m cho da m?t TIDO",25000,1100,143,Cham sóc da m?t
Tinh ch?t Vitamin C VIBRANT GLAMOUR Làm tr?ng da Ch?ng lão hóa Ch?ng nhan Du?ng ?m 30ml,25100,2700,555,Cham sóc da m?t
"(Free Ship) (Free Ship) COMBO TÁI T?O TH?O DU?C GIA TRUY?N SPA HX giúp da ko d?u màu, thu h?p l? chân lông to ,giúp da tr?ng h?ng r?ng ngoi",48000,256,43,Cham sóc da m?t
"Hu 30 Viên Tinh Ch?t Du?ng Da Kakaxi Ph?c H?i Tái T?o Da, Serum Viên Nang C?p ?m Du?ng Tr?ng Gi?m Thâm Ch?ng Lão Hóa",29000,25,1,Cham sóc da m?t
SERUM Tr?ng Da Ng?a M?n Senana 15ml Tr? Hóa Da Ki?m Soát D?u Du?ng ?m,24700,10800,1764,Cham sóc da m?t
[T?ng 1 v? vitamin E] S?a du?n Rong Nho Nh?t B?n Las Beauty truy?n tr?ng du?ng da cang bóng ph?c h?i da Skin Perfect50ml,82000,182,22,Cham sóc da m?t
H?p 30 Viên Serum Vitamin E  viên cá- Du?ng ?m Tr?ng Da Ch?ng Nhan Thu Nh? L? Chân Lông,29000,1200,116,Cham sóc da m?t
Serum Vitamin C Siêu Du?ng Tr?ng H?t Nhan Gi?m M?n Tr? Hóa Da Giúp Da Ð?u Màu Gi?m Thâm M?t Ch?ng Nám Tàn Nhang Không Ð?u Màu Thích H?p Cho M?i Lo?i Da,49600,5600,1092,Cham sóc da m?t
"Combo Tái t?o da Phuong Anh Yody White - s?ch m?n, nám tàn nhang s?o r?",105000,391,68,Cham sóc da m?t
"Serum tr?ng sáng da,  làm ch?m lão hóa Vitamin C Serum 561 Esthepro 100ml XN",62640,11,1,Cham sóc da m?t
[VC 15% t?i da 80K don 399K] [Combo] B? 2 Kem du?ng sáng da da t?ng ngày & dêm Pond's Bright Miracle m? thâm s?m v?i 50X Niasorcinol 45G+45G,258000,31100,5624,Cham sóc da m?t
L? 24 h?p kem AC Thái,70000,32,4,Cham sóc da m?t
[Hàn Qu?c] Tinh Ch?t Nhân Sâm Xóa N?p Nhan Vinh Vi?n Lo?i B? Thâm Nám Tàn Nhang Du?ng Da Tr?ng M?n R?ng R? 30ML,64446,2500,674,Cham sóc da m?t
[HCM]Kem nám và ch?ng tàn nhang th?o du?c BAIZTON 30g da tr?ng sáng và du?ng ?m - Hi?u qu? ch? 28 ngày s? d?ng A189,37100,11800,2193,Cham sóc da m?t
"(M?u M?i) Kem Face Pháp A Cosmetics 5 in 1 50g Tr?ng Da , Ng?a M?n , M? Thâm Nám, Hi?u Qu? Sau 1 Tu?n S? D?ng",69000,38,5,Cham sóc da m?t
"Viên CSK Tinh Ch?t Nhau Thai C?u Cang Bóng C?p Collagen Cho Da Ng?a N?p Nhan, Ch?ng Lão Hoá Da",48800,50,13,Cham sóc da m?t
Kem Du?ng Da M?n Gi?m Sung M?n Ð? Salicylic Acid 20g BIOAQUA Kem Ch?m M?n Gi?m M?n H?t M?n,36100,35,11,Cham sóc da m?t
Serum Gi?m M?n Ki?m D?u Gi?m Sung M?n 15ML Tinh Ch?t Salicylic Acid Lành M?n D?u Da,19800,26,10,Cham sóc da m?t
"Antibacterial Cream Kem n?m ng?a, viêm da d? ?ng, v?y n?n.Chi?t xu?t t? th?o m?c t? nhiên chính hãng 30g",55799,67,53,Cham sóc da m?t
Tinh Ch?t Vitamin E Du?ng ?m Sáng Da Ngan Ng?a M?n Và Lo?i B? N?p Nhan Vùng Da Thâm S?m 30g,47850,359,108,Cham sóc da m?t
"Serum La Roche Posay B5 Hyalu 30ml Tái T?o Và Ph?c H?i Da , San Ch?c Và Ðàn H?i Da",40000,90,11,Cham sóc da m?t
Kem s?o Nga 25g m? thâm h?t s?o Gel t?y n?t ru?i kem h?t S?o r? S?o L?i S?o lõm R?n da S?o ph?u thu?t,22000,3400,509,Cham sóc da m?t
B? nám túi 5 món Thailand,47500,494,31,Cham sóc da m?t
"Serum viên du?ng da cang bóng ETAE (30 Viên, m?u m?i VEZE ) collagen thu nh? l? chân lông, cang mu?t, sáng h?ng A195",38000,19400,2802,Cham sóc da m?t
Kem Kone Thái Lan m?n nám tr?ng da,15000,60,3,Cham sóc da m?t
H?p Serum 30 viên Vitamin E D?ng Viên Cá - Du?ng ?m Tr?ng Da Ch?ng Nhan Ch?ng Thâm Thu Nh? L? Chân Lông,29000,8600,751,Cham sóc da m?t
Kem berry 5X du?ng tr?ng cho da nám tàn nhang thái lan,119000,57,2,Cham sóc da m?t
H?p Viên Tinh Ch?t Tr? Hóa Da Ð?m Ð?c Qian Yaxi VC Giúp Da Tr? Hóa C?i Thi?n N?p Nhan Lão Hóa Da Giúp Da Tr? Hon 10 Tu?i,70060,23700,4635,Cham sóc da m?t
Serum Du?ng ?m Tr?ng Da Xóa S?ch Thâm Nám Tàn Nhang Ngan Ng?a M?n Quay Tr? L?i 50ml,51370,359,97,Cham sóc da m?t
"Kem Du?ng Tr?ng Da Hoa Anh Ðào Tinh Ch?t Huy?t R?ng, Kem Du?ng Da Linh Chi Gi? ?m T?t Gi?m Thâm S?m Thu Nh? L? Chân Lông - BUMSTORE",24000,831,107,Cham sóc da m?t
"Kem Gi?m M?n M?, M?n B?c, M?n Viêm, Lo?i B? M?n và V?t Thâm Hoàn Toàn, Thu Nh? L? Chân Lông, Acne Giúp Da Láng M?n Khít L? Chân Lông Ki?m Soát D?u",52200,17,6,Cham sóc da m?t
"Kem làm tr?ng da xóa nám, m?n AC Thái Lan",13000,1200,94,Cham sóc da m?t
[HCM]Kem m?n Bioaqua Pure skin N?i d?a Trung,21000,9,2,Cham sóc da m?t
B? kem nám 5in1 clobetamil g c?a thái lan chính hãng - mpcholon,52000,132,6,Cham sóc da m?t
[HCM]Kem du?ng Vitamin E,35000,613,111,Cham sóc da m?t
"(Tách l?) Tinh Ch?t S?o L?i X?p S?o Gi?m Thâm Spa, M? Thâm Skincare",105000,171,12,Cham sóc da m?t
"South Moon Wart Remoal Cream T?y n?t ru?i, m?n cóc ,tàn nhang ,m?n th?t , m?t cá hi?u qu?",65439,136,74,Cham sóc da m?t
N? Viên bôi vitamin du?ng da cang bóng VENZEN - BUMSTORE,34000,496,39,Cham sóc da m?t
Kem Face Collagen x3 du?ng tr?n gda,53900,709,95,Cham sóc da m?t
Kem nám tàn nhang d?i m?i du?ng tr?ng da ch?ng n?ng giúp ph?c h?i làn da m?i - Kem Huong Th?o M?c 15g - M? ph?m M?c Lan,71000,7600,1991,Cham sóc da m?t
"Kem Du?ng ?m Tr?ng Da, Nâng Tông V7 Images/ Hymeys Ng?a Thâm 50g V7 Deep Hydration",22770,357,52,Cham sóc da m?t
(CHÍNH HÃNG)Kem Xoá N?p Nhan Tr? Hoá Da Qingling M? Nám Tàn Nhang Ch?ng Ch?y X? B? Sung Collagen Qinglin,58000,68,15,Cham sóc da m?t
"Kem Du?ng ?m Tinh Ch?t Huy?t R?ng Giúp Làn Da Sáng M?n, Kem Tr?ng Da M?t Hoa Anh Ðào Cho Làn Da Cang M?ng Và R?ng R?. - BUM STORE",24000,264,30,Cham sóc da m?t
[HCM]Kem m?n Bioaqua Pure skin N?i d?a Trung - BUMSTORE,27000,315,45,Cham sóc da m?t
"(Free Ship) COMBO TÁI T?O TH?O DU?C GIA TRUY?N SPA HX Tr?ng Da , M? Thâm nám  , Tàn Nhang , Ch?ng Lão Hóa",48000,22,2,Cham sóc da m?t
[VC 15% t?i da 70K don 399K] Combo 2 S?a r?a m?t Simple lành tính s?ch thoáng - cho da nh?y c?m 150ml/chai [CHÍNH HÃNG Ð?C QUY?N] [DI?N M?O M?I],232000,19000,3415,Cham sóc da m?t
Kem m?n Bioaqua Pure skin N?i d?a Trung - BUM STORE,27000,4400,652,Cham sóc da m?t
"H?p Serum VEZE Vitamin E D?ng Viên Cá, Du?ng ?m Tr?ng Da Ch?ng Nhan Thu Nh? L? Chân Lông TIDO , TI DO",37000,1900,217,Cham sóc da m?t
"t?y n?t ru?i ch?m n?t ru?i Lo?i b? m?n cóc, m?n cóc,nhanh chóng an toàn và không dau Wart Remoal Cream T?y n?t ru?i dánh b?t các lo?i m?n trên co th? xóa m?n ru?i trên m?t, tàn nhang, m?n cóc 3g",46700,49,18,Cham sóc da m?t
COMBO 3 Hô?p Serum viên tinh châ´t collagen ETAE ( Tô?ng 90 Viên) Skincare A195,84700,156,23,Cham sóc da m?t
"Tuýp kem nám Clobetamil G 25g - Thái Lan  d?t di?m sa?ch na´m tàn nhang, mu?n, cho làn da cang sáng m?n màng.",19000,39,5,Cham sóc da m?t
Kem Du?ng Da Ng?a M?n Gi?m Nhan Gi?m l? Chân Lông To Dành Cho Nam Gi?i moisturizing lotion for Men 120gm B?o V? Da Du?i Ánh N?ng M?t Tr?i Du?ng ?m Cho Da Thu Nh? L? Chân Lông,49600,1500,389,Cham sóc da m?t
38 Viên Nang Tinh Ch?t Tr?ng Da Nhau Thai Th?y Phân Qiangyaxi Du?ng Da Tr?ng Sáng M?n Màng Ð?y Lùi Quá Trình Lão Hóa Làm M? Nhanh Các V?t Thâm Nám Tàn Nhang Trên M?t,52700,648,165,Cham sóc da m?t
Serum Hàn Qu?c Xóa N?p Nhan S?ch Thâm Nám Tàn Nhang Du?ng ?m Tr?ng Da M?n Màng T? Tinh Ch?t Nhân Sâm T? Nhiên,63512,252,56,Cham sóc da m?t
"Serum Vitamin C BIOAQUA H? Tr? Kem Ch?ng N?ng, Làm Sáng, Ch?ng Lão Hóa Da 30ml",42030,527,116,Cham sóc da m?t
Combo spa ta´i ta?o tha?o mô?c,54172,173,27,Cham sóc da m?t
H?p 30 Viên Serum Vitamin E  Du?ng ?m Làm Tr?ng Da,29000,704,53,Cham sóc da m?t
Kem sâm xóa nhan hoàng k? nhân sâm Huangqi - Kem xóa nhan ch?ng ch?y x? 70g,48000,14,7,Cham sóc da m?t
HÀNG ÚC Tinh Ch?t 24K Xóa Nhan Vinh Vi?n Làm Cang Bóng M?ng Da Tr?ng M?n H?t S?ch Nhan Nám Tàn Nhang Trong M?t Li?u Trình Ng?n 30ml,52000,1000,239,Cham sóc da m?t
"Mi?ng dán iBeaLee lo?i b? m?n cóc, m?n th?t , m?n d?u den, n?t rùi , và nhi?u lo?i m?n khác n?a di?u s? bi?n m?t d?n t? mi?ng dán lo?i b? v?t chai s?ng trên da. Mi?ng dán lo?i b? m?n th?t m?n cóc m?n mu Mi?ng dán t?y n?t ru?i den cham sóc da m?n màng",13900,106,16,Cham sóc da m?t
"Mi?ng dán t?y n?t ru?i ,t?y m?n cóc, m?n th?t, du?ng da, kháng khu?n, tinh ch?t th?o du?c thiên nhiên/Wart Removal patch",64043,82,56,Cham sóc da m?t
S?a R?a M?t Tr?ng Da M? Thâm Nám Làm S?ch Sâu Se Khít L? Chân Lông Tuýp 100g,21600,2300,301,Cham sóc da m?t
"T?y n?t ru?i, m?t cá,m?n cóc ,m?n th?t handmade r?t hi?u qu? , không làm s?o da",34920,6500,1555,Cham sóc da m?t
"Kem Du?ng Da Ng?a M?n Gi?m l? Chân Lông To Dành Cho Nam Gi?i moisturizing lotion for Men 120gm B?o V? Da Du?i Ánh N?ng M?t Tr?i Du?ng ?m Cho Da Thu Nh? L? Chân Lông,Nâng Co, Làm Sáng Da, Ð?u Màu Da, S?ch M?n Và Làm M? N?p Nhan Da M?t",89365,38,11,Cham sóc da m?t
Serum dông y tái t?o 30ml-50ml SUNNARY bong m?nh không sung d? làm s?ch m?n nám tàn nhang c?c k? hi?u qu?d?y lùi 100% m?n du?i da lên kh?i b? m?t da,52784,357,82,Cham sóc da m?t
Kem M?n; Nám Du?ng Tr?ng Da UB Thái lan Chính Hãng,17460,651,61,Cham sóc da m?t
Kem Xoá N?p Nhan Tr? Hoá Da Qingling M? Nám Tàn Nhang Ch?ng Ch?y X? B? Sung Collagen,35000,43,7,Cham sóc da m?t
Combo Kem Ngày Và Ðêm Meiduzi Du?ng Da S?ch Nám Nh?t B?n Chính Hãng + T?ng m?t n?,79540,593,122,Cham sóc da m?t
serum du?ng da cang bóng se khít kh?t l? chân lông xóa nhan tr?ng da nhanh chóng ch? sau vài ngày 15ml,52000,1700,302,Cham sóc da m?t
"Serum Tinh Ch?t Vitamin C BIOAQUA 30ml Sáng Da Và Gi?m Thâm Nám, Da Cang Mu?t A214 C",32000,10800,424,Cham sóc da m?t
[Chính hãng] Kem ? Tr?ng Da - Hút Ð?c T? - Hút Nám - Th?i Chì - Ph?c H?i Tr? Hóa Da Milan shop hcm,21750,596,69,Cham sóc da m?t
"60 Viên Nang Kích Tr?ng Da Cho Vào Kem Du?ng B? Sung Tinh Ch?t Fullerene Nhau Thai C?u Du?ng Tr?ng Da, Làm San Ch?c, Ch?ng Nhan, Du?ng ?m, M? Thâm, Ch?ng Lão Hoá",24800,415,115,Cham sóc da m?t
"H?p 7 ?ng Tinh Ch?t Vitamin C Cô Ð?c 7 ngày  O'GULIA Tr?ng Da, M? Thâm, Nám, Xoá N?p Nhan, San Ch?c Da, Du?ng ?m, Ch?ng Lão Hoá",37200,1800,334,Cham sóc da m?t
30 Viên Tinh Ch?t Tr? Hóa Da Ð?m Ð?c ETAE Giúp Da Tr? Hóa C?i Thi?n N?p Nhan Lão Hóa Da Tr?ng Da Du?ng ?m M?n Màng Giúp Da Tr? Hon 10 Tu?i,65250,65,29,Cham sóc da m?t
Gel t?y t? bào ch?t cho m?t T?y t? bào ch?t da m?t Lo?i b? sâu Làm s?ch t?t c? các lo?i da Kem t?y t? bào ch?t du?ng ?m m?n da - intl,54145,138,49,Cham sóc da m?t
Serum  ph?c h?i du?ng tr?ng Hydra Max B5 Serum Prettyskin - mp ch? l?n,48000,160,18,Cham sóc da m?t
"Tinh Ch?t Collagen Face Serum KALIYABEAUTY Làm Sáng Và Tr?ng Da, Du?ng ?m, Ch?ng Lão Hoá, Làm San Ch?c Và Ð?u Màu Da",58900,212,57,Cham sóc da m?t
Tinh ch?t du?ng da tr?ng da kem nám m? thâm nám tàn nhang d?i m?i 377 x?t melamin,79000,14,4,Cham sóc da m?t
Serum  ph?c h?i du?ng tr?ng Hydra Max B5 Serum Prettyskin - cuahangthienduc,49500,519,94,Cham sóc da m?t
"[HCM] Kem H? Tr? Tri S?o L?i Klirvin Chính Hãng C?a Nga Làm Gi?m S?o, M? Thâm C?c Kì Hi?u Qu? - Hàng Chính Hãng Nga",49000,503,73,Cham sóc da m?t
Nguy?n Quách Kem Bu?m Du?ng Tr?ng Da 12g,79000,50,13,Cham sóc da m?t
"Mi?ng dán T?y n?t ru?i cam k?t t?y n?t ru?i, m?n cóc, m?n th?t/Wart Removal Patch",53204,100,53,Cham sóc da m?t
Tinh Ch?t Giúp Tr?ng Da Cang Bóng Ngan Ng?a S?m Da Xóa M? Các N?p Nhan Du?ng ?m S?ch M?n,60030,152,49,Cham sóc da m?t
Combo Tái T?o Da Gia Truy?n Giúp Da Cang Bóng M?n Màng S?ch Nám M?n Tàn Nhang,88000,19,2,Cham sóc da m?t
[Cam K?t H?t M?n Thâm Trong 7 Ngày] Kem Gi?m M?n C?p T?c Lo?i B? M?n và V?t Thâm Hoàn Toàn Thu Nh? L? Chân Lông CYSTIC Acne Giúp Da Láng M?n Khít L? Chân Lông Ki?m Soát D?u/25g,47154,161,49,Cham sóc da m?t
"Gel Xóa S?o LANBENA Chuyên Sâu – Gi?m Thâm M?n, V?t R?n Da, S?o L?i, Du?ng Da M?m M?n, Ð?u Màu",26300,1500,423,Cham sóc da m?t
"Serum Collagen X3 Ðông Anh Vua Kh? Nám, Tàn Nhang , Thâm 20ml (R)",40000,4400,422,Cham sóc da m?t
Collagen Du?ng ?m và gi? ?m c?u làn da khô l?n Serum du?ng ?m t?i uu Tinh hoa nám và ch?ng tàn nhang da tr?ng sáng và du?ng ?m,57507,56,49,Cham sóc da m?t
"10Ml Cao lá nam s?ch m?n, m? thâm, du?ng tr?ng da",59000,106,13,Cham sóc da m?t
Gel Tâ?y Da Chê´t Chiê´t Xuâ´t Lô Hô?i Giu´p Da Cang Bo´ng Tra´ng Mi?n Ðô`ng Tho`i Câ´p Â?m Cho La`n Da Khô Thiê´u Nuo´c 200g,33930,190,57,Cham sóc da m?t
"L?t m?n KIM ÐÔ( nha dam,bùn, than tre,chai vàng)200g giá  s?",18000,1700,305,Cham sóc da m?t
[HCM]ONE TODAY - KEM DU?NG TR?NG GIÚP TÁI T?O DA 8g,58000,1700,214,Cham sóc da m?t
"Serum AHA 30% + BHA 2% T?y Da Ch?t, Thu Nh? L? Chân Lông Gi?m M?n Và Ki?m D?u Giúp Da Trang Sáng H?ng T? Nhiên Aichun Beauty 30ml",44900,411,89,Cham sóc da m?t
Serum thay da nhân sâm MQSKIN tái t?o da,125000,270,26,Cham sóc da m?t
kem TR? HÓA DA XÓA NHAN VINH VI?N LÀM TR?NG DA SE KHÍT KH?T L? CHÂN LÔNG,52000,471,114,Cham sóc da m?t
Kem nám tàn nhang d?i m?i và du?ng tr?ng da m?t - Kem Dew Today 5gr - M? ph?m M?c Lan,65500,3400,831,Cham sóc da m?t
Combo Peel da vi t?o retinol M?I 10ml serum tái t?o da sinh h?c peel da t?i nhà T?ng Kèm Serum Le Peau B5 Ph?c H?i và serum GEL TH?O M?C,62578,93,25,Cham sóc da m?t
C?T NHÂN SÂM KICH BONG Tái T?o Da Cao C?p S?CH m?n nám tàng nhang h? tr? bong m?nh c?c d?nh,16158,2500,492,Cham sóc da m?t
"(Gia S?) Serum m?n Lumos Acne Plus m?u m?i 2024 Gi?m M?n ?n.,Ð?u Ðen,M? Thâm, Tr?ng Da M?t, Se Khít L? Chân Lông",98070,137,8,Cham sóc da m?t
T?ng 2 v? vitamin E - Chính Hãng - S?a du?ng Rong Nho Nh?t B?n Las Beauty truy?n tr?ng du?ng da cang bóng Skin Perfect Emulsion 50ml,89000,236,40,Cham sóc da m?t
"Serum tinh ch?t vàng 24k Goldzan Ampoule Fure Gold (DA M?T) Ph?c h?i da t? sâu bên trong Làm sáng da hi?u qu? ch? sau khi s? d?ng 2 tu?n d?u tiên . C?p nu?c, gi? ?m và cang bóng da",45000,67,16,Cham sóc da m?t
"Kem nám, tàn nhàng Ol- cell Hàn Qu?c Tàn Nhang OL CELL - Hút Chì, Th?i Ð?c Ph?c H?i Nàn Da Sáng Ð?p Da s? cang m?n mu?t ngay t?c thì.",27000,78,22,Cham sóc da m?t
Ezanic Gel 20% Tube 15g – Ezanic Azelaic Acid Gel 20% Gi?m M?n M? Thâm Sáng Da,121000,61,12,Cham sóc da m?t
Combo 2 h? ngày dêm Kem Demejine Hàn Qu?c Du?ng tr?ng M? nám Tàn nhang tr?ng da - mpthienduc,155000,533,101,Cham sóc da m?t
Kem Lo?i B? M?n T?n G?c H?t Thâm M?n S?m Da Tr?ng Da S?ch D?u L? Chân Lông Thông Thoáng 20g,39150,203,66,Cham sóc da m?t
b? tinh ch?t huy?t thanh ph?c h?i hoàn h?o du?ng tr?ng cang bo´ng du?ng ?m tr?ng hô`ng không tì v?t IMAGES th?i d?c hi?u qu? 14ml,29670,264,61,Cham sóc da m?t
B? kem nám 5in1 clobetamil g c?a thái lan chính hãng - chuyensithienduc,55000,183,7,Cham sóc da m?t
"Gel Dvelinil  lo?i b? N?t Ru?i, M?n Cóc, M?n Th?t, S?o L?i C?a Nga - Hàng Nh?p Kh?u chi?t xu?t t? thiên nhiên nên hiê?u qua? cao an toàn, không gây h?i cho co th?.",25000,375,72,Cham sóc da m?t
SERUM DUO~NG Â?M ÐA´NH BAY CA´C NÊ´P NHAN GIU´P NUÔI DUO~NG VA` TRE? HO´A LA`N DA,46500,1500,348,Cham sóc da m?t
"Kem Nám, Tàn Nhang, Kem M?n, Du?ng Da Tr?ng H?ng Cang Bóng, Kem Nám Meiduzi Nh?t B?n Chính Hãng Tem BB",80000,65,11,Cham sóc da m?t
"Viên Tinh Ch?t Ng?c Trai Ðen Giúp Ng?a Ð?m S?c T? Da, Tr? Hoá Làn Da, Du?ng Tr?ng & Sáng Da, Gi? ?m Ch?ng Khô Da, Thu Nh? L? Chân Lông, Ch?ng Lão Hoá",48360,288,85,Cham sóc da m?t
Tinh D?u N? Ng?c PAPAYA Tang Vòng 1 Hi?u Qu? Tinh Khi?t,59000,11100,1850,Cham sóc da m?t
Serum Tái t?o da Phuong Anh Yody White M?u M?i,105000,313,56,Cham sóc da m?t
Gel t?y n?t ru?i m?n cóc và kem s?o Klirvin Nga date m?i,21000,24,5,Cham sóc da m?t
(Mini Size) Kem du?ng ban dêm du?ng sáng m?n & m? thâm nám L'Oreal Paris Glycolic 15ml,60000,6,1,Cham sóc da m?t
"Tinh Ch?t Zhensha Lo?i B? M?n Tr?ng Cá, Se Khít L? Chân Lông, C?p Nu?c Gi? ?m M? Thâm Nám Da Cang Bóng M?n Màng Sau 7 Ngày 30ml",30450,58,27,Cham sóc da m?t
"Kem Face Vitamin C, du?ng tr?ng da, nâng tone, ch?ng n?ng",29900,11,2,Cham sóc da m?t
kem na´m giúp da xóa nám tàn nhang m?t cách c?p t?c giúp da cang bóng m?ng da tr?ng sáng kh?e m?nh làn da 40ml,69600,83,25,Cham sóc da m?t
h? tròn nám túi c?a thái lan chính hãng,13000,339,14,Cham sóc da m?t
Serum ph?c h?i da chuyên sâu,70000,93,26,Cham sóc da m?t
Th?o du?c thiên nhiên gia truy?n spa,35492,183,20,Cham sóc da m?t
[HCM]Kem Nám - Tr?ng Da - Thâm - Tái T?o - Se Khít L? Chân Lông OHIO Collagen (Ðông Trùng H? Th?o 20g),83700,221,40,Cham sóc da m?t
Serum Siêu Du?ng Tr?ng Da Cung C?p Collagen AICHUN BEAUTY Se Khít L? Chân Lông Tr? Hóa Da M?t Nguyên Ch?t L?u Ð? 100% T? Thiên Nhiên,49000,1100,252,Cham sóc da m?t
Tinh Ch?t Làm Tr?ng Du?ng ?m Ki?m Soát D?u Se Khít L? Chân Lông Ch?ng Lão Hóa 15ml,26400,110,28,Cham sóc da m?t
[HCM] T?y n?t ru?i xóa m?n ru?i t?i nhà an toàn hi?u qu? nh?p kh?u Nga và gel m? s?o Kem ngan s?o nga kem ng?a s?o l?i thâm s?o r? lâu nam các lo?i s?o m?n mi?ng dán m?n cóc h?t m?n com -,50112,466,170,Cham sóc da m?t
Combo 3 h?p Kem sâm vàng 2 tem Thái Lan chu?n lo?i 1 ms 77,24000,179,28,Cham sóc da m?t
Kem Gi?m M?n C?p T?c M? S?o Thâm S?o R? S?o Do Ph?u Thu?t Laoshiya Acne scar gel Giúp Da Láng M?n Khít L? Chân Lông Ki?m Soát D?u,44900,2800,563,Cham sóc da m?t
KEM XANH KEM SIÊU PHÂN H?Y NÁM  M? THÂM TANG S?C T? S?CH  NÁM ng?a m?n tr?ng sáng cang bóng cao c?p,70890,448,119,Cham sóc da m?t
[HCM]Kem masage Vitamin E dùng d? massage th? giãn khuôn m?t,35000,869,106,Cham sóc da m?t
"Tái t?o da Phuong Anh Yody White hàng chu?n công ty s?ch m?n nám, se khít l? chân lông",95000,132,18,Cham sóc da m?t
(Chính hãng) Tinh ch?t ngan ng?a m?n và ph?c h?i da Chucos Caramel Essence 5ml,63512,988,165,Cham sóc da m?t
[ Cam k?t hàng Úc ] Serum Tinh ch?t vàng Du?ng da c?a Úc Thera Lady 24K Pure Gold Ampoule 100ml,39000,797,251,Cham sóc da m?t
"MUA 5 T?NG 1 Serum gi?m m?n Caramel Essence s?ch m?n m? thâm,tr?ng da m?t,se khít l? chân lông",92000,653,96,Cham sóc da m?t
"Gel Xóa S?o Scar Removing Gel Giúp Kháng Viêm Mô S?o, Tang Cu?ng Ð? ?m, Kích Thích Tái T?o Mô Da, Gi?m Thi?u S? Hình Thành S?o.",78000,1700,354,Cham sóc da m?t
[HCM]Kem M?n Tr?ng da Xóa thâm Li?n s?o Cân b?ng d? ?m OHIO Collegen - Ðông Trùng H? Th?o (20g),94300,829,125,Cham sóc da m?t
Kem Du?ng Da Nhân Sâm T?ng T?y Da Ch?t H? Tr? M? Nám Xóa Nhan Ch?ng Lão Hóa - Du?ng ?m,45000,26,4,Cham sóc da m?t
"Kem du?ng tr?ng da m?t Kem nám tàn nhang 30g Làm sáng tông màu da, se khít l? chân lông, c?p nu?c và du?ng ?m",45000,39,16,Cham sóc da m?t
HOÀN TI?N 15% - [HCM]kem du?ng da m?t Berry Plus trái cây (xoá nám tàn nhang m? thâm m?n tr?ng da),139000,9700,1450,Cham sóc da m?t
Kem T?y T? Bào Ch?t Du?ng Sáng Da M?t Huong Orange Làm S?ch Sâu L? Chân Lông Ki?m Soát D?u 50g,59856,47,9,Cham sóc da m?t
"(M?u M?i) Kem Du?ng Da Collagen S?a Non FEMMIU Du?ng Tr?ng M?n Da , C?p ?m , Ch?ng N?ng",35000,62,7,Cham sóc da m?t
"Kem R?ng M?n Th?t Du, M?n Cóc HBESTY WART REMOVER CREAM",50000,68,20,Cham sóc da m?t
"Kem Gi?m M?n C?p T?c Lo?i B? M?n và V?t Thâm Hoàn Toàn Thu Nh? L? Chân Lông Acne Giúp Da Láng M?n Khít L? Chân Lông Ki?m Soát D?u 20g, lo?i b? các lo?i m?n, m?n ?n, m?n d?u den, m?n ? tu?i d?y thì",49500,48,22,Cham sóc da m?t
S? 1 l? 12 h? kem sâm vàng 2 tem,58410,147,17,Cham sóc da m?t
"KEM INÁM, TÀN NHANG YAHEE Ð? THÁI LAN [Chính Hãng]",110000,55,4,Cham sóc da m?t
"Gói 30 Viên Tinh Ch?t Olive TAOFUNI Gi? ?m, Cân B?ng Ð? D?u Trên Da Giúp Da Tr?ng M?n, Gi?m Thâm Nám, Ch?ng Lão Hoá Da",55800,104,35,Cham sóc da m?t
"Kem làm m? r?n da, kem tái t?o da hi?u qu? cho bà b?u Anti-stretch Marks Cream - m? s?o, gi?m thâm, gi?m nhan do tang cân ho?c mang b?u",52722,131,68,Cham sóc da m?t
[Chính Hãng]Serum tái t?o B?ch Hoa H?ng (100ml m?u m?i),165000,110,13,Cham sóc da m?t
Gel Gi?m M?n Và Thâm Cafuné Essence 20 gram - B?n Nâng C?p,105000,49,14,Cham sóc da m?t
S?a R?a M?t Collagen Anti-Aging Tr?ng da S?ch Sâu Cho Da D?u M?n Khô Nh?y C?m 100g,62271,90,29,Cham sóc da m?t
Kem du?ng tr?ng giúp tái t?o da ?c sên One Today 9g,58410,557,59,Cham sóc da m?t
100 Viên Bôi Du?ng Da m?t Collagen Elastin Tr?ng Da C?i Thi?n N?p Nhan Làm Tr?ng Sáng Da Se Khít L? Chân Lông Tr? Hóa Da Ti?n D?ng Ph?c H?i Da,68200,623,103,Cham sóc da m?t
LAIKOU M?t N? M?t Sakura Nh?t B?n Lo?i B? Qu?ng Thâm Túi M?t Du?ng ?m Làm M? N?p Nhan Làm Sáng Da Cham Sóc Da M?t 50 Chi?c/70G,119000,924,269,Cham sóc da m?t
Tái T?o Da (50ml).,49016,2400,349,Cham sóc da m?t
tinh ch?t s?a g?o non làm tr?ng da xóa m? thâm s?m nám. h?t nhan vinh vi?n. den d?n m?y cung tr?ng BIOAQUA 15ml,33930,1000,214,Cham sóc da m?t
Combo 2 h? ngày dêm Kem Demejine Hàn Qu?c Du?ng tr?ng M? nám Tàn nhang - Mp ch? l?n,145000,114,19,Cham sóc da m?t
Serum tái t?o mix s?n yody phuong anh,150000,27,10,Cham sóc da m?t
[100% AUTHENTIC] Kem m?nKem ch?m m?n thâm c?p t?c cho nam gi?i n? gi?igel m?nKem H?t M?n Xóa thâm skinacnegiúp du?ng tr?ng da xóa thâm li?n s?oKi?m Soát D?uDu?ng ?m và Nuôi gi?m v?t thâm m?n12g,44694,435,147,Cham sóc da m?t
[HCM]Kem meiduzi tem BB Nh?t B?n chính hãng 20gr,99000,888,158,Cham sóc da m?t
"[Hoàn Ti?n 8%]Gel ch?m t?y n?t ru?i, m?n cóc, tàn nhang hi?u qu? DVELINIL c?a Nga",35000,24300,4042,Cham sóc da m?t
Kem du?ng tr?ng da m?t du?ng ?m se khít l? chân lông ch?ng n?ng - Kem Nano White 15g - M? Ph?m M?c Lan,49200,9800,2247,Cham sóc da m?t
"Hút s?c t? S?ch t?n g?c các lo?i nám: Nám lâu nam, Nám dinh, Nám m?ng…., tàn nhang",70000,672,113,Cham sóc da m?t
Kem Du?ng Tr?ng Da Vitamin C BIOAQUA 50g Sáng Da Và Gi?m Thâm Nám Da Cang Mu?t A222 C,28500,492,112,Cham sóc da m?t
KEM SIÊU TR?NG CH?NG NHAN NÁM TÀN NHANG LU LAN JINA 25G ( TEM Ð?)- kem sâm linh chi tem d?,65000,656,73,Cham sóc da m?t
Kem nám tàn nhang du?ng tr?ng da m?t giúp ph?c h?i làn da m?i - Kem Huong Th?o M?c 15g/20g - M? ph?m M?c Lan,71000,1100,258,Cham sóc da m?t
"Kem Nám Hiisees /Youbuy Ngày & Ðêm Gi?m Thâm Nám, M? Tàn Nhang, Du?ng Sáng Da Nicotinamide Whitening",19200,553,76,Cham sóc da m?t
Kem Du?ng Tr?ng Da M? Thâm M?n Demejine Ngày Và Ðêm,100050,555,59,Cham sóc da m?t
Kem meiduzi B&B Cosmetic Nh?t B?n ngày (d?) 20gr,99000,602,93,Cham sóc da m?t
"S? nguyên l? 12 h? kem cô gái tóc xù chi chi du?ng tr?ng h? 4,5gram (hàng vi?t)",49000,89,14,Cham sóc da m?t
Kem xóa n?p nhan nhanh chóng ch?ng lão hoá làm tr?ng da 5 giây lo?i b? n?p nhan 50g nhanh chóng làm m?n n?p nhan nâng co và san ch?c da m?t làm m?n và du?ng ?m se l? chân lông thông d?ng cho m?i lo?i da nam và n?,111706,118,46,Cham sóc da m?t
"S?a r?a m?t simple dành cho da d?u da nh?n, m?n 150ml",45000,959,146,Cham sóc da m?t
"[CHÍNH HÃNG] Combo tái t?o th?o du?c gia truy?n Spa Hx gi?m nám, tr?ng da",102740,349,65,Cham sóc da m?t
Kem Du?ng Tr?ng Da S?ch Nám Thái Lan IQ Vitamin E - 8g,96030,198,30,Cham sóc da m?t
POND'S Kem du?ng da tr?ng h?ng ban ngày 45g,145000,27,10,Cham sóc da m?t
"TINH CH?T NIACINAMIDE - B3 DU?NG TR?NG, M? THÂM ,Ð?U MÀU DA 20gr",45000,54,9,Cham sóc da m?t
"Kem T?y n?t ru?i Bôi Xóa M?n Th?t, Th?t Th?a, M?n Cóc, N?t Ru?i Không Ðau, Ng?a, Không T?n Thuong Da 20g",58356,154,72,Cham sóc da m?t
"(Chính hãng) Serum  se khít chân lông ,nâng co, sáng da gi?m thâm nám Qianzi 50ml",22000,88,14,Cham sóc da m?t
H?p 21 Viên Tinh ch?t Làm Tr?ng và Lo?i B? Tàn Nhang OSUFI - Mp ch? l?n,32000,323,4,Cham sóc da m?t
kem leiyas tr?ng da ng?a m?n nám ch?ng n?ng 5g-10g,53000,1300,135,Cham sóc da m?t
"Kem du?ng tr?ng, nâng tông da Guiche Collagen  Tone Up Cream 35ml",94050,31,9,Cham sóc da m?t
"[Lo?i M?nh] T?y m?n cóc, xóa m?n ru?i, lo?i b? m?n com, gel m?n cóc, m?n m?t cá, t?y m?n ru?i trên m?t t?i nhà an toàn",51069,137,33,Cham sóc da m?t
Set 3 Kem du?ng tr?ng da ban ngày Pond's White Beauty SPF30 PA+++ Ponds gói 6.5g,19760,436,52,Cham sóc da m?t
Mi?ng Dán M?n Acnes Clear Patch 24 Mi?ng Hasaki S?n ph?m chính hãng,59000,331,87,Cham sóc da m?t
"Gel Xoá N?t Ru?i, tàn nhang, m?n th?t, m?c cóc Bà Ngàn",36000,130,32,Cham sóc da m?t
"Serum Dr.Skin Acnes 5ml H? Tr? Gi?m M?n, Se Khít L? Chân Lông Và M? V?t Thâm Thành Ph?n Th?o Du?c",56550,1000,179,Cham sóc da m?t
[HCM]TAG&WART REMOVER T?y n?t ru?i xóa m?n ru?i trên m?t tàn nhang m?n cóc m?n th?t  m?n com m?t cá t?i nhà an toàn và gel m? s?o Kem ngan s?o  kem ng?a s?o l?i thâm s?o r? lâu nam các lo?i s?o m?n.TRÂU REMOVE EVERY WARTS - Bút Xóa M?n Cóc Li?u3ML,45767,747,283,Cham sóc da m?t
Kem yanhee giúp gi?m m?n nám tàn nhang tr?ng da hàng n?i d?a chính hãng thái lan,99000,150,38,Cham sóc da m?t
"1 H?p 10 Mi?ng M?t N? Gi?y COLORKEY LUMINOUS Vitamin B5 Giúp C?p ?m, H? Tr? Ph?c H?i Làn Da Nhi?u Du?ng Ch?t 25ml/mi?ng",104000,4100,889,Cham sóc da m?t
"Kem lo?i b? m?n nhanh chóng lo?i b? m?n b?c, ph?c h?i v?t tích m?n và ch?ng viêm m?n, làm m? thâm m?n,Kem Gi?m M?n Kem du?o?~ng gia?m mu?n ma??t na? gia?m mu?n  tàn nhang làm tr?ng du?ng ?m 30g",112080,680,215,Cham sóc da m?t
Kem du?ng tr?ng Hada Labo Perfect White Tranexamic Acid Cream 50g,197000,16900,2662,Cham sóc da m?t
[HCM]ONE TODAY - KEM DU?NG TR?NG NG?A TÀN NHANG - Ð?I M?I 8g,59000,2000,266,Cham sóc da m?t
Tuýp kem m? nám tàn nhang m?n Clobetamil 25gr - THAILAND,17000,20,1,Cham sóc da m?t
Leiyas Kem ng?a m?n tr?ng da 10g,105000,43,12,Cham sóc da m?t
Serum B5 - Serum B5 Tinh Ch?t Ph?c H?i Du?ngTr?ng Hydra B5 Max Serum 50ml,78000,28,1,Cham sóc da m?t
[HCM]COMBO 6 H?P KEM ZALE Ð? THÁI LAN,46550,141,44,Cham sóc da m?t
"TAGS&MOLES REMOVER Gel T?y N?t Ru?i , M?n Com, M?n Cóc, M?n Th?t",59247,53,49,Cham sóc da m?t
S?a r?a m?t cho nam Oxy s?ch sâu mát l?nh d?ng kem Oxy Perfect Wash 100g,67000,15300,1106,Cham sóc da m?t
Kem M?n Klena Forte - Adapalene 0.3% Phù H?p Da M?n,145000,426,77,Cham sóc da m?t
Serum Làm Sáng Da Vitamin C Balance Active Formula Active Formula 30ml,138000,44200,1554,Cham sóc da m?t
Ch?m m?nnámtàn nhang l?p d?y s?o r? 7 ngày bong Nám Ch?m nám KH?C TINH C?A NÁM CHÂN ÐINH TÀN NHANG,26550,1600,331,Cham sóc da m?t
Kem Ezanic 20% Azelaic Acid Gi?m M?n M? Thâm Du?ng Tr?ng Da 15g,145000,1400,291,Cham sóc da m?t
"Kem du?ng tr?ng da, ch?ng n?ng SPF50+ ?c sên One Today 9g",59000,655,82,Cham sóc da m?t
KEM nhân sâm tuoi tái t?o hoa h?ng ti?n l?i Th?o du?c tái t?o m?nh s?ch m?n nám tàn nhang cang bóng ph?c h?i da,35305,1400,257,Cham sóc da m?t
Kem Face Pháp A Kem du?ng tr?ng da m?t,126005,2300,366,Cham sóc da m?t
"Serum Tinh Ch?t Du?ng Tr?ng Da Cao C?p HIH 180ml Ðông Trùng H? Th?o Làm Da Cang Bóng, Ch?ng Lão Hóa Da 84077",45600,705,106,Cham sóc da m?t
[HCM]KEM DU?NG TR?NG DA TIGON 18G,23000,1000,96,Cham sóc da m?t
Cao ngh? Collagen X3 M? Thâm Tr?ng Da Ch?ng Lão Hóa,99000,199,48,Cham sóc da m?t
Serum Pure Retinol Du?ng ?m Tr? Hóa C?i Thi?n Ð?u Màu Da Nh?t B?n 60mL,140000,19,9,Cham sóc da m?t
"Serum Vitamin C B561 Esthemax 100ml Tr?ng Sáng Da , Kh? M?n Thâm , Ch?ng Lão Hóa",49000,216,34,Cham sóc da m?t
"B? C?p Kem b? c?p bôi n?m ng?a, các b?nh ngoài da - ng?c quy?t shop H?i 11",18000,222,15,Cham sóc da m?t
"Kem ch?m m?n c?p t?c,kem ch?m m?n t?n g?c,chóng lo?i b? m?n b?c,gi?m thâm ngan m?n tái phát, kem bo^i mu?n làm m? thâm",52200,76,28,Cham sóc da m?t
"D?u g?i Selsun ch?ng gàu, s?ch gàu & h?t ng?a da d?u Selsun Anti-Dandruff Shampoo 250ml",187000,22300,4933,Cham sóc da m?t
IQ VitaminE kem ng?a nám thái lan 8g,85000,679,85,Cham sóc da m?t
KEM CÔ GÁI TÓC XÙ H?P TR?N 100G HÀ ANH,36000,24,2,Cham sóc da m?t
Mi?ng Dán M?n FOCALSKIN Hút M?n S?ch | Che M?n T? Nhiên | Gi?m Sung M?n | 60 Mi?ng Ngày và Ðêm Makeup Trang Ði?m Che M?n,65000,2500,765,Cham sóc da m?t
"Viên u?ng cham sóc s?c kh?e, h? tr? c?i thi?n tình tr?ng s?c kh?e y?u, chua di ch? dã h?t ti?n.",81000,132,39,Cham sóc da m?t
Kem m?n s?o r? thâm tr?ng da gi?m nh?n ch?ng n?ng - Kem Huong Th?o M?c 15g - M? ph?m M?c Lan,71000,2100,490,Cham sóc da m?t
Serum S?ch Nám Tàn Nhang Và Các V?t Thâm M?n Ð? ?ng Trên Da Cho Da Tr?ng M?n Và Ðàn H?i 50ML,60900,186,40,Cham sóc da m?t
Gel ng?a m?n - m? thâm - tái t?o da Decumar Advanced 20g - 8938516099510,89000,86,13,Cham sóc da m?t
Biona Kem Ngh? M?n Thâm S?o 3g,17820,103,12,Cham sóc da m?t
Serum  ph?c h?i du?ng tr?ng Hydra Max B5 Serum Prettyskin CHÍNH HÃNG - sisaigon,175000,90,18,Cham sóc da m?t
[HCM]Kem nám tàn nhang d?i m?i m? ph?m Ng?c Ân Qu? Trân (12g),55000,3300,515,Cham sóc da m?t
KEM FACE PHÁP A COSMETICS M?U M?I H?P 20G CHÍNH HÃNG MP PHUONG ANH,175000,19100,3432,Cham sóc da m?t
Kem Gi?m M?n Anti Acne Cream DERMA 10Gr,19000,1300,170,Cham sóc da m?t
Kem ng?a m?n du?ng tr?ng da m?t da ch?c nang - Dew Today 5gr - M? ph?m M?c Lan,65500,1200,282,Cham sóc da m?t
Kem Du?ng Da D?u M?n Compliment No Problem AHA BHA PHA 50ML,75000,18,6,Cham sóc da m?t
Kem ch?m m?n siêu t?c ng?a s?o thâm K3 10g hi?u qu? h?t m?n 24h dành cho da d?u nh?n,24000,1400,291,Cham sóc da m?t
Kem ? T.ê J-PRO hàn qu?c chính hãng kem ? phun xam phi kim,79000,83,10,Cham sóc da m?t
KEM CAO M?N THÔNG Ð? LI?U CAO H?P 15G,105000,23,3,Cham sóc da m?t
"R?ng m?n cóc, m?n th?t, xóa n?t ru?i không dau rát chính hãng",60850,532,170,Cham sóc da m?t
Kem 4k berry plus 5x giúp sáng da làm m? nám thâm hàng n?i d?a chính hãng thái lan 20g,123000,23,10,Cham sóc da m?t
Serum tinh ch?t tr?ng da du?ng cang bóng SEOMOU 30ml chi?t xu?t hoa phong lan thành ph?n t? nhiên A44,25900,608,132,Cham sóc da m?t
[L? 1 ?ng] Serum C?y Ph?n Tr?ng Da Meso White Hàn Qu?c,30000,457,45,Cham sóc da m?t
Kem ngh? Yoosun - ng?a m?n ng?a s?o t? tinh ch?t ngh? có thêm vaseline du?ng da làm m?m m?n da,29000,1300,169,Cham sóc da m?t
Kem Nám Ð?i M?i Ng?a Nhan Làm Tr?ng Da Trà Xanh Tinh Ch?t Serum NH?T VI?T COSMETICS 13g,66000,50,7,Cham sóc da m?t
Kem Sâm Ginseng Thái Lan Dùng Ban Ðêm Lo?i Chính Hãng,140000,288,43,Cham sóc da m?t
Serum truy?n tr?ng m? thâm s?o The Elf Nano white dose Thái Lan,125000,25,7,Cham sóc da m?t
"Kem H?t M?n Anti-Acne Hi?u Qu? Ðu?c Các Vi?n Khuyên Dùng, Ng?a M?n, M? Thâm Hi?u Qu? Du?ng ?m, Làm Tr?ng Sáng Da M?n Màng 20G",40800,684,136,Cham sóc da m?t
"Serum Du?ng Da Chuyên Sâu Xóa Nhan, M? Thâm Nám, Ngan Ng?a Da Ch?y X? Anti-Aging Daily OUHOE (30ml)",41365,41,18,Cham sóc da m?t
Th?o du?c dông y c?t sâm có b?t bong m?nh tái t?o da s?ch m?n nám tàn nhang hi?u qu? 30ml,21576,309,59,Cham sóc da m?t
"(Combo 5 H?p) Kem White Face Thái 15g SPF 50+ Tr?ng M?n Da , Kh? M?n Thâm Nám , Tàn Nhang , Ch?ng Lão Hóa",115000,267,54,Cham sóc da m?t
"Tinh ch?t serum du?ng tr?ng da, c?p ?m, ng?a thâm m?n Derma Factory Niacinamide 20% Serum",165000,717,128,Cham sóc da m?t
Serum ch?ng lão hoá serum tr?ng da serum du?ng da 120ml serum se khít l? chân lông tinh ch?t du?ng gi?,68735,32,25,Cham sóc da m?t
Kem Face Pháp A Và Serum Spot A Cosmetics Hàng Chính Hãng,189000,4600,941,Cham sóc da m?t
Serum d'Alba D?ng X?t N?m Truffle Tr?ng Cang Bóng Da 100ml Hasaki S?n Ph?m Chính Hãng,446000,481,88,Cham sóc da m?t
"Ð?m d?c Kem ch?m r?ng (tàn nhang, m?n cóc, m?n com, ru?i du, th?t th?a, m?n th?t..) dông y",65000,25,5,Cham sóc da m?t
"Serum Beauty Visage ?c sên tái t?o, tr? hóa làn da, xóa nhan b? sung collagen cho da dành cho m?t và vùng da quanh m?t",69600,88,25,Cham sóc da m?t
"Derma Forte gi?m m?n - Gel gi?m m?n, gi?m thâm Derma Forte",79000,36,12,Cham sóc da m?t
"Gel t?y n?t ru?i, m?n cóc, m?n th?t, tàn nhang, s?o l?i Develinil Nga 3ml, an toàn và hi?u qu? - Soleil shop",30000,58,8,Cham sóc da m?t
B? Ph?c H?i Tinh Ch?t Collagen Du?ng ?m Xóa Nhan M? Thâm Tr? Hóa Da C? H?p 20ml,34800,164,44,Cham sóc da m?t
"Benzac AC 2.5 - 5% (30g) kem ch?m m?n, 5 % và 2.5% benzoyl peroxide, gi?m s?ch m?n ngay",135000,358,58,Cham sóc da m?t
Serum ?c Sên Narguerite,105000,1900,320,Cham sóc da m?t
"H?p 30 Viên Serum Du?ng Da CSK Nâng Tông Màu Da, Nuôi Du?ng Và Làm Sáng Da",32500,349,25,Cham sóc da m?t
SERUM M?N C?P T?C 24H LINH SÂM - ch?m m?n,28900,945,71,Cham sóc da m?t
Kem m?nKem ch?m m?n thâm c?p t?c cho nam gi?i n? gi?igel m?nKem H?t M?n Xóa thâm skinacnegiúp du?ng tr?ng da xóa thâm li?n s?oKi?m Soát D?uDu?ng ?m và Nuôi gi?m v?t thâm m?n -12g,53344,234,92,Cham sóc da m?t
Gel Nha Ðam Milaganics Du?ng ?m & Làm M?m Da 300ml - Hasaki - Hàng Chính Hãng,89000,125,32,Cham sóc da m?t
"Serum M?n Dr.skinacnes, Th?o du?c s?ch m?n, s?ch thâm,hi?u qu? sau 7  ngày s? d?ng",68310,2600,413,Cham sóc da m?t
Kem Du?ng Sáng Da Olay Luminous Ban Ngày & Ban Ðêm 50g Hasaki S?n Ph?m Chính Hãng,187000,540,127,Cham sóc da m?t
"Kem TOP GEL du?ng tr?ng da, ng?a m?n, ch?ng lão hóa 10gr",85000,204,41,Cham sóc da m?t
Vitamin c?y tr?ng sa th? combo 5 viên du?ng tr?ng da,10187,49,10,Cham sóc da m?t
[HCM]combo s? 12 kem sâm vàng  thái lan chính hãng,73786,152,36,Cham sóc da m?t
Kem du?ng tr?ng da m?t ch?ng n?ng SPF 45 m? n?p nhan se khít l? chân lông - Kem Huong Th?o M?c 15g - M? ph?m M?c Lan,71000,2200,537,Cham sóc da m?t
Kem m?n s?o r? thâm du?ng tr?ng da m?t gi?m nh?n và m?n da - Kem Nano White 15g - M? ph?m M?c Lan,49200,12700,2932,Cham sóc da m?t
S?a du?ng Rong Nho Nh?t B?n Las Beauty truy?n tr?ng du?ng da cang bóng 50ml,98666,5,1,Cham sóc da m?t
Kem Ngh? Gi?m M?n H? Tr? Làm M? S?o Thâm E100 18.5Gr,18000,3300,492,Cham sóc da m?t
(Chính Hãng) B? M?n - Nám Gia Truy?n Spa,111550,91,16,Cham sóc da m?t
FAIR KING Serum ?c sên ch?ng lão hóa cho m?t Kem du?ng tr?ng da m?t axit hyaluronic d? cham sóc da m?t Thu nh? l? chân lông Retinol M? ph?m  - intl,67000,1700,351,Cham sóc da m?t
KEM SÂM LINH CHI LU LAN JINA  SIÊU TR?NG CH?NG NHAN NÁM TÀN NHANG 25G ( TEM Ð? ),65000,600,87,Cham sóc da m?t
"(L?c 10 Tuýp) Kem Kh? Nám Clobet 25g Tàn Nhang, Gi?m M?n , N?m Da",84000,137,39,Cham sóc da m?t
KEM ?C SÊN LINH CHI NEW TODAY DU?NG TR?NG DA NGAN NG?A NÁM 18g,49000,42,3,Cham sóc da m?t
"Serum ?c Sên Tái T?o Beauty Visage Nga 30ml Du?ng Tr?ng, Gi?m Nhan Tr? Hóa Làn Da",75000,180,37,Cham sóc da m?t
Serum du?ng tr?ng Vitamin C du?ng tr?ng da SADOER du?ng ?m tr?ng da cân b?ng da phù h?p m?i lo?i da,41000,20,13,Cham sóc da m?t
Kem du?ng tr?ng da m?t ngày và dêm giúp ph?c h?i làn da m?i - Kem Huong Th?o M?c 15g - M? ph?m M?c Lan,71000,954,231,Cham sóc da m?t
Some By Mi Mi?ng dán m?n Clear Spot Patch,65000,30,2,Cham sóc da m?t
Jessup B? C? Trang Ði?m 14 Chi?c C? Trang Ði?m Ðu?ng Vi?n Ph?n N?n Ph?n M?t N?i B?t Ph?i Kem Che Khuy?t Ði?m Lót Elegant black T336,673969,8900,1621,Trang di?m
B?ng Ph?n M?t Ða Nang Carslan 10 Màu L?p Lánh B? Trang Ði?m Ð?y Ð? Cho Ngu?i M?i B?t Ð?u 18g (Ph?n Má + Ph?n m?t + Highlight + T?o Kh?i),279000,4100,1025,Trang di?m
[MUA LÀ CÓ QUÀ] Nu?c T?y Trang L'Oréal Paris Micellar Water 400ml Hasaki S?n Ph?m Chính Hãng,85000,12700,1764,Trang di?m
[ bán ch?y ] Ph?n Trang Ði?m BÔNG LÚA Thái Lan,24750,58,10,Trang di?m
"C? Tán Kem N?n B?c Kèm V? B?c Silicon Lông M?m M?n, C? D?t Tán N?n Trang Ði?m M?ng Nh? Cang Mu?t T? Nhiên Siêu Xinh",17000,67,13,Trang di?m
X?t khóa n?n khóa l?p trang di?m du?ng ?m b?t sáng makeup,20691,41,6,Trang di?m
"(S-Xù) Kem lu?i nâng tone VC trang di?m l?p makeup làm san ch?c da , du?ng ?m , tr?ng da nâng tone",41000,19,4,Trang di?m
Kem du?ng nâng tông da b?n lâu VC Kem trang di?m 30G,45000,40,7,Trang di?m
B?ng Ph?n M?t Cao C?p 23 Ngan Có Bàn Ch?i Lâu Dài Ch?ng Th?m Nu?c M? Ph?n M?t Ph?i Màu M?m Th?t,19100,3500,663,Trang di?m
B? C? Trang Ði?m 13 Cây Ða Ch?c Nang – Ð?p Chu?n T?ng Nét,21200,12300,3176,Trang di?m
Ðon S?c Cao C?p Màu M?t Ðon B?ng L?c Chân N? Ng?c Trai Lâu Dài Ch?ng Th?m Nu?c L?p Lánh Trang Ði?m M?t Dành Cho N?,15900,5300,1262,Trang di?m
Kem N?n Trang Ði?m Ða Nang 30g XXM65754,24000,245,52,Trang di?m
B?ng Ph?n M?t 25 Màu S?c,27200,382,69,Trang di?m
"B?ng màu m?t - 6 màu - th?i trang , c?p nh?t xu th? m?i 2025",13300,1500,397,Trang di?m
DIKALU Little Bear Tears Liquid Eyeshadow T?m Ng?c Trai Siêu Sáng Bóng Pha Lê L?p Lánh Tinh T?,12300,2600,838,Trang di?m
X?t khóa trang di?m Cao C?p c? d?nh l?p make up 12 gi? EXGYAN 100ml cang bóng m?n lâu trôi c?p nu?c ki?m d?u A175,32500,429,12,Trang di?m
"Ph?n Nu?c BB Cream Air Cushion KAQILI Che Khuy?t Ði?m Hoàn H?o - Gi? ?m Da, Tr?ng M?n Và Lâu Trôi A2590",38600,66,12,Trang di?m
Bánh Mì Nu?ng K?o Bông Nh?t B?n Mi?ng B?t Bi?n Trang Ði?m Siêu M?m Dorisna Phóng To Và Dày Ð?m Hoi Bông Thoa Ph?n N?n G?i Nh? Mút Trang Ði?m,13800,6200,369,Trang di?m
B? c? trang di?m 4in1 xinh x?n d? thuong,12100,5700,1598,Trang di?m
Kem Ch?ng N?ng LAIKOU Nh?t B?n 50g Làm Tr?ng SPF 50 PA+++ UV,19500,4800,1466,Trang di?m
B?ng ph?n 3 màu b?t sáng/t?o kh?i/má h?ng DIKALU - Hàng n?i d?a Trung cao c?p DKL-034,25100,4000,133,Trang di?m
"Má h?ng d?ng l?ng che khuy?t di?m toàn di?n khi makeup khuôn m?t, làm d?p da không tì v?t",22100,2700,552,Trang di?m
"X?t Khóa COLORKEY Phiên B?n Nâng C?p, Khóa L?p N?n Trong 30s, C? Ð?nh L?p Trang Ði?m Su?t 24h 100ml/chai",161000,889,205,Trang di?m
"Kem N?n Air Cushion -  Che Khuy?t Ði?m, Du?ng ?m Lâu Dài, D?ng L?ng 5.5g",34900,282,82,Trang di?m
"B?ng ph?n m?t màu h?ng Teen Girl, Highlighter, Blush, B?ng màu ba trong m?t, V?i lung linh ng?c trai",20200,2800,745,Trang di?m
Ph?n Má H?ng FOCALLURE trang di?m t? nhiên 2.8g,30912,1300,1027,Trang di?m
Set 5 Cây Son Kem DANMOLU Siêu M?m M?n Môi Hàng N?i Ð?a Trung,26100,5900,1961,Trang di?m
"C? Trang Ði?m Ph? Ph?n Peach Powder Brush, Lông C? M?m Mu?t Cao C?p, T?o Nét T? Nhiên M?ng M?n",22300,3800,1108,Trang di?m
Bút Chì K? Lông Mày Ph?y S?i 4D Ch?ng Nu?c Lâu Trôi Make Up Trang Ði?m M?t K? Chân Mày MICOMI Cosmetics,18800,4000,1305,Trang di?m
"Kem che khuy?t di?m 3 màu DIKALU che ph? nám tàn nhang, m?n thâm, qu?ng thâm, rãnh m?t, da không d?u màu DKL-56",22700,1100,138,Trang di?m
"(LL) Kem Ch?ng n?ng hemia hàn qu?c 50ml ch?ng n?ng SPF 50+ Helumei du?ng tr?ng ch?ng n?ng thay th? kem trang di?m , nâng tone da che khuy?t di?m",31000,27,2,Trang di?m
"DUcare 15Pcs/Set Makeup Brushes, Professional Premium Synthetic Kabuki Makeup Brush Set, Professional Foundation Concealers Powder Blush Blending Face Eye Shadows Black Brush Tools?Post in 24 Hours&90 days Warranty Services?",255115,2300,379,Trang di?m
"Son Du?ng Môi Huong Trái Cây D?ng Th?i, Son Bóng Giúp Cang M?ng Làm M?m Môi Nh? G?n D? B? Túi",19100,220,51,Trang di?m
[HCM]Ph?n ph? ki?m d?u siêu m?n Images giúp da tr?ng sáng m?n màng - TONE TR?NG SÁNG,26600,8400,1592,Trang di?m
Ph?n Ph? Ki?m D?u NOVO 7g Ch?ng Nu?c Da M?n Màng | Hàng Chính Hãng,64000,10,2,Trang di?m
Son bóng lì du?ng ?m d?ng nu?c làm tr?ng môi hai d?u không d? b? dính vào bùn môi,23900,1400,405,Trang di?m
Ph?n m?t 2 d?u d?ng bút MYHO hi?u ?ng nhu kim tuy?n l?p lánh,25300,10000,237,Trang di?m
"Son Kem Lì Cao C?p – Lì M?n, Không Dính C?c, Nâng T?m Khí Ch?t",26000,978,308,Trang di?m
Kem ch?ng n?ng makeup BIGOO hot hit,45000,10,2,Trang di?m
"(Free Ship) Kem lu?i nâng tone VC trang di?m l?p makeup vitamin C lamd san ch?c , du?ng sâu chân lông",42000,39,9,Trang di?m
"X? Hàng C?t L? Kem Ch?ng N?ng Nâng Tone Da T?o L?p Makeup M?ng Nh? 60g, kcn D?ng Gel S?a Th?m Nhanh Không B?t Dính",28350,88,15,Trang di?m
Florasis (Hoa Tây T?) Ph?n Nu?c Jade Radiance Soft Matte – Che Ph? M?n Màng V?i Hi?u ?ng L?a Satin,311000,110,14,Trang di?m
"Cushion Ch?ng N?ng COLORKEY SPF 50+PA++++ B?n Màu Lâu Trôi Su?t 24h Che Ph? Hoàn H?o, Giúp Làn Da R?ng R? Thi?t K? H?a Ti?t K? Ô Ð?c Bi?t 11g",245000,99,17,Trang di?m
"X?t Khoáng Khoá Trang Ði?m Aguliya Soft Focus O'GULIA Gi? ?m và Du?ng ?m Da, Gi? L?p Trang Ði?m Lâu Trôi, M?m M?n, Không Lem Màu, Ch?ng Oxy Hoá, Tr? Hoá Da",52700,209,69,Trang di?m
Set 2 Son Móng Tay 12mlx2 Siêu Ð?p Nhanh Khô Lâu Trôi Không Th?m Nu?c (MÀU HOT) SET-2,26400,3300,58,Trang di?m
"Ph?n Pond's Thái Lan, Ph?n Ponds BB - Blurring Filler - Pinkish White Glow Giúp Da Khô Thoáng, Tuoi T?n 50g - Wincy Mart",42000,239,46,Trang di?m
FOCALLURE Ph?n Ph? D?ng B?t Ki?m D?u Che Ph? Toàn Di?n 7g,48299,4600,5284,Trang di?m
Kem Lu?i Nâng tone sáng da t?c thì 30g | Kem che khuy?t di?m nhanh & làm sáng Kem n?n trang di?m t? nhiên lâu trôi,66780,119,56,Trang di?m
Ph?n Ph? Bông Lúa Thái Lan 10g,40000,217,30,Trang di?m
Bút K? M?t K? m?t SÁP 851 thanh mãnh m?m m?n lâu trôi n?i d?a s? r? EYELINER WE Store,14800,367,79,Trang di?m
"B? 5 Bút Nhu M?t N?m T?m ""Silkworm"" Ða Nang – Lì, Nhu M?n, L?p Lánh & D? K? Ðu?ng Khóe M?t",32500,337,72,Trang di?m
"Th?i Ph?n M?t Nhu Kim Tuy?n L?p Lánh 2 Line Lameila Color Eye Shadow Ch?ng Th?m Nu?c B?n Màu, Lâu Trôi 3.8g",48510,30,8,Trang di?m
Ph?n ph? trang di?m CARSLAN lâu trôi ki?m d?u 24 gi? 8g v? màu den nam châm,279000,1200,268,Trang di?m
[HCM] ( M?u m?i) 1H?P 6 GÓI X 6.5G KEM DU?NG BAN NGÀY PONDS - SPF15 PA++ THÁI LAN - BAO BÌ S?N PH?M THAY Ð?I TÙY TH?I ÐI?M NH?P HÀNG,65000,1100,255,Trang di?m
kem ch?ng n?ng makeup nangfa chính hãng.4in1,85000,13,1,Trang di?m
[HCM]B?ng Ph?n M?t Nhu 9 Ô Vuông DikaluLameila Baby - Tông Màu Nâu Cam Vàng Nhu Siêu HOTTREND,24700,2300,411,Trang di?m
SHEGLAM Fall In Line Peel Off Lip Liner Stain Lip Tattoos Lipstick,118041,85,5,Trang di?m
(Mi?n Phí V?n Chuy?n)Mooekiss B?ng Kh?i Ph?n B?t Sáng B?ng Trang di?m T? Nhiên Lâu Trôi Ch?ng Nu?c 3 màu 16.5g mini 9g,121700,19,3,Trang di?m
2 trong 1 hai màu chuy?n s?c nhung Bút ph?n m?t trang di?m không th?m nu?c b?n lâu nhu ánh kim Ph?n m?t m? ph?m,35900,118,78,Trang di?m
Ð?y Lên Núm Vú Bao Mi?ng Lót Keo Ch?ng Tron Tru?t Cho Qu?n Áo An Toàn Không D?u V?t Mi?ng Lót Áo Ng?c N? Tích H?p Áo Y?m Không Dây,17400,1200,211,Trang di?m
"Innisfree powder Ph?n Ph? Ki?m D?u D?ng B?t Mineral  5g - Chi?t Xu?t B?c Hà Tuoi & Mu?i Bi?n Jeju - H?p Th? D?u Th?a, Làm M? L? Chân Lông T?c Thì - Ð?nh Hình L?p Trang Ði?m 12H - Ch?ng Trôi Makeup, Không V?t Tr?ng - Thi?t K? H?p Mini D? Dàng Mang Theo",69102,34,8,Trang di?m
"??THE SAEM Kem Che Khuy?t Ði?m Cover Perfection Tip Concealer -V?a Che Ph? V?a Du?ng Da | Công Th?c SPF28/PA++ B?o V? Da Kh?i Tia UV | K?t C?u Kem M?m M?n, Du?ng ?m Cao Không Gây Khô Cang | Không Vón C?c, Lâu Trôi Su?t 12 Gi? Mang L?i Làn Da Ð?p T? Nhiên",71280,36,5,Trang di?m
[MUA LÀ CÓ QUÀ] Combo 10 M?t N? Gi?y BNBG Vita Genic Jelly Mask 30ml Hasaki S?n Ph?m Chính Hãng,174000,282,47,Trang di?m
Canmake Ph?n Ð?nh D?ng B?t M?m Marshmallow SPF50+ PA++++ 10g | Ki?m Soát D?u 8H & Ch?ng Trôi M? Hôi  | Làm M? L? Chân Lông & Cang Bóng Da | Che Khuy?t Ði?m & Làm M?n Da T?c Thì | Gi? L?p Trang Ði?m Lâu Trôi  | Không Vón C?c,197010,16,2,Trang di?m
[MUA LÀ CÓ QUÀ] Ph?n Nu?c Aperire Day Dream Cover Cushion SPF50+ PA++++ Ch?ng N?ng Che Ph? Cao 13g Hasaki S?n Ph?m Chính Hãng,346000,115,19,Trang di?m
Ph?n ph? CARSLAN d?ng b?t t? tính ki?m d?u màu den ch?ng nu?c ch?ng m? hôi che ph? bóng d?u cho m?t 8g,239000,680,162,Trang di?m
ZEESEA M?t Kem Lót Trang Ði?m Lót Cô L?p Kem Du?ng ?m Du?ng Sáng Da Che Khuy?t Ði?m Tông Màu,99000,20800,5566,Trang di?m
Combo 6 H?p bông trang di?m (Bông t?y trang) Silcot 82 mi?ng/h?p,177000,73500,6299,Trang di?m
DAZZLE ME Kem Má H?ng Ch?ng Th?m Nu?c Và M? Hôi ?ng H?ng T? Nhiên Heart-Melt Creamy Liquid Blush 2.5g,65000,121,38,Trang di?m
"Ph?n Trang Ði?m, Ph?n Ch?ng Lão Hóa, 3 D?ng, Ph?n N? Hoàng Cung, Cham Sóc Da M?t, Làm Ð?p Dung Tích 25g",167000,1900,369,Trang di?m
"[Mukbang Edition] Son tint lì lâu trôi, b?n màu BBIA Air Fit Tint 4g",135000,425,102,Trang di?m
SWEET MINT Ph?n m?t 10 màu ánh ng?c trai siêu lung linh màu d?t lì,14100,1500,330,Trang di?m
Dorisna Bút Ghi Nh? Bút Trang Ði?m 3D Tr?ng M? Làm Sáng Màu Ng?c Trai Highgloss M? Ph?m Ph?n M?t,12700,1200,384,Trang di?m
Kem ch?ng n?ng và lót trang di?m Huong Th? Sunscreen Foundation SPF50 30ML - 50ML,562600,301,103,Trang di?m
Kem ch?ng n?ng Hemia Hàn Qu?c chính hãng b?o v? da lên d?n 8H du?ng ?m nâng tone da thay th? kem trang di?m 50ml,139000,210,44,Trang di?m
FOCALLURE JUICY HYDRATING LIP TINT 2g,101150,341,127,Trang di?m
Kem Ch?ng N?ng Makeup Nangfa,95000,50,2,Trang di?m
Phâ´n ma´ hô`ng Menow Cloud Cheek 4.5gr,89000,31,7,Trang di?m
FOCALLURE Má h?ng d?ng kem Hangover Red Wine 4 màu d?p t? nhiên,46368,591,194,Trang di?m
(MUA 1+QUÀ T?NGserum b5 ) Kem nâng tông da 9in1 Kem Lu?o?`i makeup du?ng ?m che khuy?t di?m hi?u qu? Makeup nâng tông du?o?~ng a^?m b?o v? làn da hi?u qu? 50g,99300,69,6,Trang di?m
"Bút Kem K? Lông Mày, Mi M?t, B?ng M?t Cao C?p, K? Mi M?t Siêu Nét 3 Chi?u T? Nhiên MINSHZEE T?o Chân Mày T? Nhiên, Ch?ng Th?m Nu?c, Ch?ng M? Hôi, Không Lem",81000,147,59,Trang di?m
[HCM]B? Trang Ði?m Co B?n Cho Ngu?i H?c Trang Ði?m Lameila,169000,5,1,Trang di?m
Kem n?n ch?ng n?ng Shiseido BB for Sports 30ml,1326000,499,114,Trang di?m
X?t Khóa L?p Trang Ði?m NYX Long Lasting Setting Spray - 125 Light Natural,170000,9,2,Trang di?m
Dorisna Bút Chì Bút Ph?n M?t L?p Lánh V?i Ð?u B?t Bi?n Ph?n M?t Ph?n B?t Sáng Kem Lót N?n L?p Lánh Ch?ng Th?m Nu?c,13700,645,141,Trang di?m
"Kem ch?ng n?ng Skin Aqua trang di?m t?o n?n tr?ng m?n & d?u màu d?ng s?a Sunplay Skin Clear White CC Milk SPF 50, PA++++ 25g",120000,6200,1080,Trang di?m
[15-17.10  MUA LÀ CÓ QUÀ] Ph?n n?n d?ng l?ng NARS Light Reflecting Foundation 30ml,1579000,1900,264,Trang di?m
Bút chì hai d?u k? lông mày không th?m nu?c và lâu trôi STAGENIUS - INTL,30218,6100,772,Trang di?m
(Mi?n Phí V?n Chuy?n)VEECCI B?ng Ph?n M?t 10Ô B?ng Ph?n M?t H?ng Nhu Lâu Dài Trang Nang M?n D? Tán MINI D? dàng mang theo Hi?u qu? lâu dài t? nhiên 4.2g,61500,17,9,Trang di?m
B?ng ph?n trang di?m b?t sáng và t?o kh?i FOCALLURE 2 trong 1 ti?n d?ng v?i 3 tông màu tùy ch?n - INTL,47617,3700,565,Trang di?m
Dorisna 2 trong 1 hai màu chuy?n s?c ng?c trai Bút ph?n m?t lu?i trang di?m không th?m nu?c kéo dài ánh sáng lung linh ph?n m?t,30400,108,35,Trang di?m
Kem n?n D?ng L?ng Zeesea Che Khuy?t Ði?m Ki?m D?u Hi?u Qu? 30ml,159000,5300,1697,Trang di?m
FOCALLURE Ph?n ph? trang di?m nh? giúp ki?m d?u t?i da có tr?ng lu?ng 10g - INTL,62402,6900,1035,Trang di?m
Ph?n má trang di?m FOCALLURE d?ng l?ng màu t? nhiên không th?m nu?c gi? l?p trang di?m b?n màu lâu trôi - INTL,43954,2000,275,Trang di?m
[Anjo] Kem trang di?m BB M?t Tr?i/6 l?a ch?n,63050,208,143,Trang di?m
Bút k? m?t Pinkflash màu den màu nâu ch?t lì ch?ng nu?c lâu trôi d?ng l?ng nhanh khô 30g,52248,57,9,Trang di?m
[HCM] KHAN BANDANA H?T ÐI?U 55 TURBAN VUÔNG scarf NHI?U KI?U DÁNG Ð?P R?NG NG?I TANG THÊM ÐI?M NH?N VÀ Ð?Y QUY?N RU,20000,220,12,Trang di?m
[15-17.10  MUA LÀ CÓ QUÀ] Kem che khuy?t di?m NARS Radiant Creamy Concealer 6ml,984000,2100,248,Trang di?m
"Ph?n Ph? 2 L?p Ki?m D?u KAQILI Lì & Nh?, M?m M?n, Khoá N?n, Che Ph? T?t, Ðem L?i L?p N?n M?m M?n, Khô Thoáng",112200,240,85,Trang di?m
Son th?i lì bi?u tu?ng MACXIMAL Silky Matte Lipstick b?n màu và m?n lì nhu nhung lên t?i 12H,670000,23100,3106,Trang di?m
SHEGLAM All-In-One Volume & Length Mascara 2 In 1 Waterproof Volumizing Dual-Ended Brush Lengthening Curling Thick Lash Lifting Long Lasting Mascara Eye Makeup,310177,6,3,Trang di?m
FOCALLURE Bút K? M?t Nu?c Siêu Mu?t Ch?ng Th?m Nu?c  0.6g,53130,4500,1018,Trang di?m
Focallure Mascara Lông Mày M?m M? Màu T? Nhiên Không Vón C?c Ch?ng Th?m Nu?c 24H 5g,150000,15,6,Trang di?m
"B?ng Ph?n M?t 6 Màu Z-Palette Hi?u ?ng Chuy?n S?c ""Pure Lust"" – Lì, Nhu M?n & L?p Lánh",14900,11600,1585,Trang di?m
Son Môi Mooekiss Son Bùn Lì M?m M?n Nhu Nhung Giúp Làm Gi?m Thâm Môi Sáng Da Cho Tone Da Vàng 3g*1,79000,435,60,Trang di?m
"B? 6 son bóng Bubble Bear Dudu Mirror – son môi du?ng ?m, bám màu lâu, không gây khô môi",17400,1100,304,Trang di?m
Dorisna 4 kim cuong Nhi?u màu Highlighter phun không th?m nu?c d? bóng cao long lanh co th? Bronzer ph?n b?t highlight B? trang di?m di ti?c,43772,79,88,Trang di?m
FOCALLURE Son môi d?ng l?ng PINKFLASH OhMyKiss màu matte giúp du?ng ?m trong th?i gian dài - INTL,21190,1900,261,Trang di?m
Ph?n Ph? FOCALLURE Ki?m D?u Ch?ng Th?m Nu?c Gi? L?p Trang Ði?m Lâu Trôi 6g,96703,511,53,Trang di?m
"[THE WHOO OFFICIAL] [T?ng kèm 1 lõi 15g] Ph?n nu?c trang di?m ch?ng n?ng, du?ng tr?ng ch?ng lão hóa Cheon Gi Dan Essence Cushion SPF50+/PA+++",2299000,2700,430,Trang di?m
[Focallure x Sanrio] Ph?n Ph? M? Ð? Che Ph? Cao,139017,24,6,Trang di?m
"B? Màu M?t,Má H?ng,Ph?n Ph?,Nhi?u Màu Ð?p",69000,14,4,Trang di?m
SHEGLAM Set Me Up Brow Gel Long Lasting Waterproof Clear Eyebrow Gel Long Wear Smudge-proof Moisturizing Eyebrow Makeup,128006,16,2,Trang di?m
[15-17.10 | MUA LÀ CÓ QUÀ] Ph?n che khuy?t di?m d?ng kem NARS Soft Matte Complete Concealer 6.2g,985000,239,37,Trang di?m
FOCALLURE Ph?n Ph? Lì D?ng B?t Ki?m Soát D?u Lâu Trôi 15g,62790,835,195,Trang di?m
Màu 01 - FOCALLURE Ph?n Ki?m Soát D?u Không Vón C?c M?m M?i T? Nhiên 12g,83037,444,313,Trang di?m
FOCALLURE Mascara siêu dài 2MM ch?ng th?m nu?c siêu m?n Lu?c ch?i mi làm cong mi kéo dài Nâng co riêng bi?t Ch?a d?y s?i xo Nhanh khô Ch?ng nhòe Nh? Không dính Không vón c?c,91595,123,19,Trang di?m
Chì k? m?t Catrice Kohl Kajal ch?ng nu?c lâu trôi Ðôi m?t s?c nét cu?n hút m?i ánh nhìn Cosin Store,99000,52,15,Trang di?m
Bút chì k? lông mày FOCALLURE không th?m nu?c b?n màu lâu trôi v?i 3 màu tùy ch?n có d?u ch?i lông màu ti?n d?ng - INTL,31293,14500,1687,Trang di?m
M?t n? ng? cho môi Laneige Lip Sleeping Mask Berry 8g,220000,42100,7675,Trang di?m
Ph?n ph? Focallure màu t? nhiên không th?m nu?c giúp ki?m d?u thu nh? l? chân lông và n?p nhan - INTL,44247,14200,2130,Trang di?m
FOCALLURE Ph?n n?n d?ng nén lâu trôi b? sung vitamin C và ki?m d?u cho da m?t 9g - INTL,59522,2500,397,Trang di?m
Ph?n ph? trang di?m ZEESEA ki?m d?u ch?ng th?m nu?c phong cách Anh Qu?c 8g,179000,3600,848,Trang di?m
B? S?n Ph?m SK-II PITERA™ Thi?t Y?u Cho Làn Da Tuoi Tr?,2450000,77,17,Trang di?m
Kem n?n Lancome Teint Idole Ultra Wear b?n màu su?t 24h SPF 48/PA ++,1850000,265,48,Trang di?m
FOCALLURE Ph?n ph? 12g ki?m soát d?u lâu trôi không b?t dính - INTL,83257,4700,568,Trang di?m
[NEW]Flower Knows The Sweetie Bear Collection Silk Satin Blush má h?ng K?t c?u nh? và mu?t Tuoi t?n và d?u dàng Phù h?p d? s? d?ng hàng ngày makeup,475640,46,1,Trang di?m
"FOCALLURE Mascara ch?i lông mày, lâu trôi và ch?ng th?m nu?c, tr?ng lu?ng 4g - INTL",44247,3400,481,Trang di?m
[Phòng khám 3W] kh?i tia UV m?t tr?i Kem trang di?m BB 50ml,80593,31,109,Trang di?m
Bút k? m?t FOCALLURE lâu trôi không th?m nu?c nét m?nh nhanh khô - intl,35222,17700,2267,Trang di?m
(Mi?n Phí V?n Chuy?n)SHEDELLA ?n ph?m m?i Giá th?p 10 màu B?ng Fantasy Nhi?u Màu S?c B?ng Ph?n M?t Mu 10g,88300,40,8,Trang di?m
[CAM K?T CHÍNH HÃNG] H?P 5G Kem ch?ng n?ng làm tr?ng che khuy?t di?m Nangfa Sunscreen Thái Lan-(Chính Hãng) Kem Ch?ng N?ng NANGFA Du?ng Da Che Khuy?t Ði?m Thái Lan 5g,94123,7,2,Trang di?m
S?a ch?ng n?ng trang di?m Biore UV màng nhung che ph? l? chân lông SPF50+ PA++++ 30ml (bao bì thay d?i),110400,4200,606,Trang di?m
Ph?n Ng?a M?n Ph?n N? Hoàng Cung,115000,508,96,Trang di?m
"Ph?n Tuoi Essence Soft Touch Mousse Ð?c 16g Che Ph? M?n Màng, Ki?m D?u, Du?ng Da shop Cosin Store",183000,28,9,Trang di?m
Ph?n nu?c Ki?m D?u Che Khuy?t Ði?m SPF 50+ PA+++ MOI Premium Baby Skin Cushion 12g,599000,290,67,Trang di?m
"Bán s? Combo 100 Gói / 50 Gói Tam Bông Thân G? SAFEMALL cao c?p, Bông Gòn M?m M?i An Toàn Thân Thi?n Môi Tru?ng, Ða công d?ng h? tr? trang di?m, V? Sinh - Hàng Chính Hãng SAFEMALL OFFICIAL",181687,556,138,Trang di?m
[HCM]Ph?n Ph? M?n Lì Fit Me Maybelline Fit Me Matte + Poreless Powder 9g,181650,78,8,Trang di?m
[3W phòng khám] chuyên sâu Dr. Kim Sun Kem trang di?m BB 50ml,95060,10,66,Trang di?m
"Ph?n Nu?c Du?ng ?m Che Ph? Hoàn H?o OHUI Ultimate Cover Cushion Moisture 15g - Ki?m D?u, L?p N?n Cang Bóng",168000,5,1,Trang di?m
"Kem ch?ng n?ng nâng tông Skin Aqua Tone up Rose cho da tr?ng, khuy?t di?m xanh ho?c tái xanh, d?ng tinh ch?t Sunplay Skin Aqua Tone Up UV Essence Rose SPF 50+ PA++++ 50g",160000,3200,554,Trang di?m
"Kem ch?ng n?ng nâng tông Skin Aqua Tone up Rose cho da tr?ng, khuy?t di?m xanh ho?c tái xanh, d?ng s?a Sunplay Skin Aqua Tone Up UV Milk Rose  SPF 50+ PA++++ 50g",160000,4400,806,Trang di?m
[VC 15% t?i da 70K don 399K] Combo Simple T?y trang Micellar 200ml + S?a r?a m?t 150ml + Nu?c hoa h?ng 200ml ng?a m?n hi?u qu? [CHÍNH HÃNG Ð?C QUY?N],238000,101800,16985,Trang di?m
"Kem ch?ng n?ng nâng tông Skin Aqua Tone up  Mint Green cho da tr?ng có khuy?t di?m d?, d?ng tinh ch?t Sunplay Skin Aqua Tone Up UV Essence Mint Green SPF 50+ PA++++ 50g",160000,6000,993,Trang di?m
Zeesea Mascara Mascara không th?m nu?c b?n lâu 36h Smudge-Proof kéo dài lông mi s?i di?n quan trang di?m m?t ch?ng m? hôi Ðen,89000,43200,8008,Trang di?m
Zeesea Kem ch?ng n?ng nh? g?n b?t SPF 25 PA ++++ m?t b?t ki?m soát d?u nh? g?n không th?m nu?c Ph?n ph? nén d?ng b?t trang di?m b?n màu,99000,717,309,Trang di?m
"Kem ch?ng n?ng nâng tông Skin Aqua Tone up  Mint Green cho da tr?ng có khuy?t di?m d?, d?ng s?a Sunplay Skin Aqua Tone Up UV Milk Mint Green SPF 50+ PA++++ 50g",160000,11300,2002,Trang di?m
[THE WHOO OFFICIAL] Kem BB trang di?m ch?ng n?ng The Whoo Gongjinhyang Brightening UV Protective BB Cream SPF50+ PA+++ 40ml,1200000,495,72,Trang di?m
M?m m?n t? nhiên hightlighter B?t làm sáng và trang di?m b?n màu m? ph?m trang di?m khuôn m?t,79200,40,20,Trang di?m
Kem du?ng da c?i thi?n n?p nhan vu?t tr?i ELIXIR RETINOL POWER WRINKLE SMOOTHING CREAM 22g,1682000,299,47,Trang di?m
Sáp ch?ng n?ng da nang du?ng da trang di?m ch?ng lão hóa The Face Shop Power Long Lasting Sunscreen Stick SPF50+PA++++,327200,193,56,Trang di?m
Combo 10 h?p Bông trang di?m Silcot 82 mi?ng/h?p,294000,3300,243,Trang di?m
B?ng ph?n m?t siêu m?n Carslan 4 màu k?t h?p nhu l?p lánh b?n màu lâu trôi 6g,149000,549,159,Trang di?m
"Ph?n má Kaleidos,Mono Blushes Soft-Matte Finish Face Blusher 5g",414000,99,20,Trang di?m
Kem du?ng tr?ng dêm Zidi,500000,8,2,Trang di?m
"Florasis ( Hoa Tây T?) Ph?n Nén Lì M?n – Finish Lì, M?n & Lâu Trôi 9g",574000,8,2,Trang di?m
"[UU ÐÃI 15-17.10] Ph?n Ph? D?ng B?t Bobbi Brown Sheer Finish Loose Powder / ph?n ph? lâu trôi v?i Vitamin E d? trang di?m cho da d?u - m?ng nh?, không ch?a d?u",1430000,199,28,Trang di?m
"Son kem Powder Kiss Liquid Lipcolour cho hi?u ?ng màu m?n màng, làm m? vân môi và du?ng ?m môi su?t 10H",880000,31200,3008,Trang di?m
Ph?n nu?c trang di?m m?ng nh? Sulwhasoo Perfecting Cushion Airy 15G - kèm 1 lõi thay th? 15G,1799000,1400,243,Trang di?m
"Viên u?ng Thom Co Th?, Thom Hoa H?ng ROSE DHC Nh?t B?n",205000,50,8,Du?ng th?
S?a du?ng th? d?u nh? nhu bông Johnson's baby cotton touch 200ml,66360,269,66,Du?ng th?
Nu?c l?t da Hi?u Qu? Trong 2-7 Ngày Kh? Mùi Hôi B? L?p Da Thô C?ng H? Tr? Làm Sáng Body Peling Oil thay da sinh h?c,66810,837,200,Du?ng th?
"Mu?i t?m t?y da ch?t v? hoa qu? Heyxi c?c thom, Mu?i t?y t? bào ch?t body Heyxi s?ch m?n giúp da tr?ng sáng - BUM STORE",36000,3500,490,Du?ng th?
"T?M TR?NG BÔNG ONAYA Siêu Tr?ng sau 7 Phút Set 130g t?m du?c 2 l?n Làm s?ch da,tr?ng sáng da toàn thân Giúp da m?n màng,du?ng gi? ?m da M? thâm,d?i m?i,san ch?c da Ng?a lão hoá,ch?ng nhan da T?y t? bào ch?t,ph?c h?i",26730,10,2,Du?ng th?
KEM BODY BONG DA tái t?o toàn thân thom m?n bong nhanh t? 7-10 ngày Lo?i b? da chai lì den nh?m kem thom m?n an to s?ch thâm nám s?ch m?n lung ket h?p body du?ng phân t? nu?c du?ng da hàng ngày tr?ng,58752,1900,412,Du?ng th?
"[MUA 3 GI?M 50%] D?u du?ng tr?ng da toàn thân MOAW MOAWS - làm sáng da, m?m da, gi?m thâm",159000,483,89,Du?ng th?
T?M TR?NG THÁI_ t?y m?nh Tr?ng da toàn thân tr?ng c?p t?c sau 5’,85000,14,1,Du?ng th?
Viên u?ng Vitamin 3B H?p 100 viên giúp b?i b? co th? nâng cao s?c d? kháng,62000,508,124,Du?ng th?
Combo B? ? C? Sau Sinh Cho M? Cham Sóc Co Th? Ti?t Ki?m Và Toàn Di?n | Bách Hóa Th?o M?c,389000,38,9,Du?ng th?
"Kem T?y Tr?ng Da, Du?ng ?m Kem T?y Tr?ng Body Thái Lan Chuyên Spa Hu Xanh 500GR giá s?",55500,401,119,Du?ng th?
kem t?y t? bào ch?t t?y t? bào ch?t body 250g T?y t? bào ch?t body toàn thân t?m tr?ng toàn thân kem body tr?ng làm tr?ng du?ng thu nh? l? chân lông,làm tr?ng du?ng thu nh? l? chân lông Du?ng ?m và c?p nu?c cho da,74800,11,3,Du?ng th?
"Body du?ng da Lúa m?ch PROTEIN (200ml) Quê Skin chi?t xu?t t? s?a lên men, Dua lu?i và Y?n M?ch du?ng toàn thân huong hoa h? tr? chai s?n",109000,6,3,Du?ng th?
S?a Du?ng Th? M?m M?n Da Enchanteur 200g,56000,178,38,Du?ng th?
Lotion Vaseline Du?ng Tr?ng Và C?p ?m Cho Da 400ml,65000,79,22,Du?ng th?
Kem body b?ch ng?c liên xanh,55000,327,40,Du?ng th?
S?a Du?ng Th? Tr?ng Da OLAY Body B3 Vitamin C Optic Glow Radiance 90g Siêu Tr?ng Sáng Chính Hãng,195975,45,7,Du?ng th?
"S?a Du?ng Th? kích tr?ng, Du?ng ?m Alpha Arbutin 3 Plus Collagen Lotion 500ml Thái lan tr?ng h?ng r?ng r? (chính hãng)",72000,756,111,Du?ng th?
S?a Du?ng Th? Chính Hãng Olay B3 - Du?ng Tr?ng Da Toàn Thân Chai 250ml,83215,1400,193,Du?ng th?
S?a Du?ng Tr?ng Da Alpha Arbutin Collagen Lotion 500g - Cham Sóc Co Th? Cao C?p,107000,80,16,Du?ng th?
"[FREESHIP] BODY COLLAGEN X3 ÐÔNG ANH Du?ng Tr?ng, Du?ng ?m Body",95000,7400,1100,Du?ng th?
Làm tr?ng nhanh S?a du?ng th? Niacinamide Kem body siêu tr?ng Kem du?ng ?m làm tr?ng da 300g S?a du?ng th? làm tr?ng da Kem body siêu tr?ng kem body tr?ng da c?p t?c niacinamide cham sóc co th? c?p nu?c du?ng ?m làm sáng da,57155,31,15,Du?ng th?
S?a Du?ng Th? Yanli 100g - Kem du?ng nâng tone da Niacinamide Du?ng ?m Làm Tr?ng Cham Sóc Da Lâu Trôi,25200,60,23,Du?ng th?
"S?a Du?ng Th? Vaseline Tinh Ch?t Vàng 500ML Ngan Ng?a Lão Hóa, Tr?ng Da, M?m M?i Hi?u Qu? Whitening Body Cream",71880,293,93,Du?ng th?
"Kem ? Tr?ng ,T?m Tr?ng HUNMUI 300ml du?ng tr?ng da toàn thân",25259,3100,797,Du?ng th?
"S?a Du?ng Th? Collagen Tinh Ch?t Vàng 300g Ngan Ng?a Lão Hóa, Tr?ng Da, M?m M?i Hi?u Qu?, Giúp Da Tr? Nhu Tu?i Whitening Body Cream",60588,999,275,Du?ng th?
Vaseline S?a du?ng th? làm tr?ng da siêu tr?ng Kem Làm tr?ng Kem body siêu tr?ng Kem du?ng ?m làm tr?ng da 500ML,62215,85,55,Du?ng th?
"(SIÊU LÂU) X?t KBW B?n b? Tang Cu?ng Sinh Lý, Trì Hoãn Xu?t S?m, Kéo Dài Th?i Gian Q H? B?n B? Ð?n 60 Phút.",80000,102,11,Du?ng th?
"Máy massage c?m tay(MÀU TR?NG), máy mát xa 16 d?u thông minh, massage toàn thân giúp gi?m nh?c m?i co. PINKY PLUS",490000,91,24,Du?ng th?
"[SALE SALE] S?A T?M TRUY?N TR?NG COLLAGENX12 Dùng cho toàn thân: DA TR?NG LÊN 70% sau l?n d?u th?i d?c, mình ? th?i d?c 3 l?n là da s? NH? N?NG và TR?NG M?N Gi?m m?n, xóa thâm, da cang bóng và tr?ng m?n sau 3 l?n ? th?i d?c",37000,5,1,Du?ng th?
"Vitamin  MUL DAVITA Vinaphar  - Cung c?p vitamin thi?t yêu cho co th? - Tang S?c Ð? Kháng , Ch?ng Suy Nhu?c Co Th? Chai 500 Viên",89000,7,1,Du?ng th?
[HCM]S?a du?ng th? du?ng ?m Enchanteur Charming 200g,58000,432,93,Du?ng th?
S?a du?ng th? Vaseline Healthy Bright Gluta HYA Serum Burst Lotion 10X Thái Lan 330ml,85358,1600,337,Du?ng th?
S?a Du?ng Th? Vaseline 70ml - Du?ng ?m Sáng Da M? Thâm Da Cang M?n,13065,20,2,Du?ng th?
Kem body siêu tr?ng nhanh chính hãng toàn thân Ch?ng n?ng Giá r? Toàn thân Nicotinamide Thành ph?n t? nhiên An toàn và không gây kích ?ng Làm san ch?c da Du?ng ?m da Tr?ng da c?p t?c/300g,55165,1100,287,Du?ng th?
Vaseline S?a Du?ng Kem ? tr?ng da toàn 500ml trình du?ng tr?ng Siêu tr?ng m?n da Whitening Body Cream,73266,135,64,Du?ng th?
"dy du?ng Tr?ng sáng toàn thân tinh th? c?p ?m du?ng da m?m m?n t?i uu th?m th?u nhanh, không gây nh?n rít.huong nu?c hoa-Body Gold White cang bóng, du?ng ?m cho da",58900,8,2,Du?ng th?
S?a du?ng th? tr?ng da Collagen Alpha Arbutin 500ml Thái Lan cao c?p,55000,86,13,Du?ng th?
"D?a S?a Du?ng Th? Tr?ng Da Body lotion Du?ng Da Tr?ng H?ng, Nâng Tone Da Toàn Thân Hàng 300ml",72438,45,28,Du?ng th?
"S?a Du?ng Th? Hatomugi Du?ng Sáng Da Ban Ðêm 250ml, 400ml Hasaki S?n ph?m chính hãng",80000,1300,363,Du?ng th?
Kem Body Hana New SPF 60+ Chính Hãng 100% 250g Tr?ng M?n Da,65000,4600,560,Du?ng th?
"Kem Du?ng Th? GlowCode Giúp Da Sáng M?n, M? Thâm 30g Bright & Smooth Axillary Cream Hasaki S?n Ph?m Chính Hãng",86000,42,7,Du?ng th?
Serum Du?ng Th? Vaseline Healthy Bright Gluta-Hya Serum Burst Lotion Overnight Radiance Repair 300ml,112000,100,17,Du?ng th?
Kem du?ng th? làm tr?ng da th?i d?i tru?c dây c?a s?a du?ng th? cho nam và n? niacinamide du?ng ?m làm tr?ng da,57619,54,27,Du?ng th?
Serum Ch?ng N?ng Du?ng Th? Kháng B?i Bioré UV Anti-Pollution Body Care Serum Hasaki S?n ph?m chính hãng,70000,791,216,Du?ng th?
VIÊN U?NG THOM CO TH? DHC 40 VIÊN 20 NGÀY NH?T B?N (TINH D?U HOA H?NG BULGARIA),245000,32,1,Du?ng th?
5 Lo?i S?a du?ng th? Grace and Glow Body Serum 300ml,99000,571,179,Du?ng th?
Kem T?y t? bào ch?t body toàn thân du?ng tr?ng toàn thân kem body t?y da ch?t  làm m?m da c?p ?m thu nh? l? chân lông,39500,179,71,Du?ng th?
"Kem Body C?y Tr?ng Arbutin x10 500g Kháng Nu?c 100% kem ? siêu tr?ng, siêu thom",55500,110,32,Du?ng th?
Vaseline 50x Serum ch?ng n?ng co th? SPF50 + du?ng da sáng kho? 30ml/ 70ml,25000,21,5,Du?ng th?
S?a Du?ng Th? Ch?ng N?ng Reihaku Hatomugi 250ml Hasaki S?n Ph?m Chính Hãng,160000,303,76,Du?ng th?
"Gel T?y T? Bào Ch?t Toàn Thân 200g Huong Mâm Xôi Ðen, Chai T?y Da Ch?t Body D?u Nh? Du?ng ?m Da Tr?ng Sáng M?n Màng.",25000,24,3,Du?ng th?
"[MUA LÀ CÓ QUÀ] Serum Du?ng Th? Nivea Sáng Da, M? Thâm Nám Extra Bright 10 Super Vitamins & Skin Foods Glow Perfection Body Serum Hasaki S?n Ph?m Chính Hãng",124000,43,10,Du?ng th?
S?a Du?ng Th? H? Tr? Sáng Da Chuyên Sâu Vaseline Healthy Bright Gluta-Hya Dewy Radiance 330Ml,118000,1400,439,Du?ng th?
Serum Du?ng Th? Vaseline Healthy Bright Gluta Hya Burst Lotion Dewy Radiance 300ml,113000,1300,176,Du?ng th?
[Hàng Chu?n] t?y k? h?t t?y t? bào ch?t co th? Body Gel Gold Whitening 350ml giúp lo?i b? b?i b?n da ch?t di?t khu?n làm da tr?ng m?n m? v?t thâm lo?i b? l?p da s?n sùi,79000,250,40,Du?ng th?
[MUA LÀ CÓ QUÀ] S?a Du?ng Th? Nivea SPF30 Du?ng Tr?ng Ph?c H?i Ch?ng N?ng 200ml,79000,79,14,Du?ng th?
[MUA LÀ CÓ QUÀ] S?a Du?ng Th? Nivea Du?ng ?m Chuyên Sâu Intensive Moisture 600ml,142000,447,91,Du?ng th?
[Voucher 12%] D?u X? PANTENE Pro-Vitamin Ngan R?ng Tóc/ Ph?c H?i Hu T?n/ Suôn Mu?t Óng ? Chai 650ML,165000,50300,3563,Du?ng th?
Combo 2 Serum ch?ng n?ng co th? Vaseline 50x b?o v? da v?i SPF 50+ PA++++ giúp da sáng hon g?p 2X 300ml,284000,4400,920,Du?ng th?
Serum kích tr?ng AHA white body 30ml Thái Lan,25000,7,1,Du?ng th?
[MUA LÀ CÓ QUÀ] S?a Du?ng Th? Vaseline D?u Mát Sáng Da 350ml Healthy Bright Fresh & Bright Cooling UV Niacinamide Lotion Hasaki S?n Ph?m Chính Hãng,117000,307,62,Du?ng th?
Combo 2 S?a Du?ng Th? Du?ng ?m Vaseline Sáng Da Ch?ng N?ng Toàn Spf24pa++ & Sáng Da Perfect Youth C?i Thi?n N?p Nhan 350ml,221000,11700,2148,Du?ng th?
Kem bong da body tái t?o toàn thân m?n bong nhanh t? 7 d?n 10 ngày lo?i b? da chai lì den không d?u màu kem thom m?n an toàn s?ch thâm m?n lung tay chân hu 250gr,189000,211,35,Du?ng th?
kem ? t?y tr?ng da toàn thân c?p t?c tinh ch?t t? bào g?c - collagen sau 2 ngày s? d?ng thái lan h? 330 gram,180000,242,60,Du?ng th?
S?a du?ng ?m m?m m?n Johnson's Cottontouch 200ml,68000,6300,951,Du?ng th?
"[T?NG nu?c hoa] S?a t?m g?i nam huong nu?c hoa cao c?p 3in1 KING MONSTER 350ml, s?a t?m d?u g?i nam",181060,2800,981,Du?ng th?
[MUA LÀ CÓ QUÀ] S?a T?m Lifebuoy Detox Và B?o V? Kh?i Vi Khu?n Hasaki S?n Ph?m Chính Hãng,169000,13900,1384,Du?ng th?
"Kem massage co th? nam + kem massage co th? n?, thành ph?n t? nhiên, nh? nhàng và không gây kích ?ng",34760,46,14,Du?ng th?
S?a du?ng th? Vaseline h?ng Heathy White du?ng ?m làm sáng và m?m m?n da 600ml - 725ml - TD Shop,169000,2000,475,Du?ng th?
Nh?t B?n Kem du?ng th? làm tr?ng da th?i d?i tru?c dây c?a s?a du?ng th? cho nam và n? niacinamide du?ng ?m làm tr?ng da-Kem ? tr?ng toàn thân giúp làm tr?ng da body c?p t?c 100g - Whitening Body Cream,42892,4900,1163,Du?ng th?
C?T G?NG TRÀM KHUYNH DI?P 500ML t?m - ngâm chân gi? ?m co th?,89000,85,15,Du?ng th?
?Free shipping for orders over 50k?S?a Du?ng Th? Du?ng ?m Vaseline Body Lotion Toàn Thân Làm Sáng Da Huong Thom N?,19000,23,4,Du?ng th?
"Cây Chà Lung, C? Kì Lung 2 Ð?u Bông V?i Lu?i và Lông Bàn Ch?i, Cây C? T?m 2 Ð?u, C? Chà Lung V? Sinh Co Th? M?m M?i Tramanhshop",18100,3500,990,Du?ng th?
Sáp du?ng Vaseline Orginal Protecting Jelly nhi?u size Bí quy?t làn da m?m m?n kh?e m?nh Cosin Store,53000,1200,378,Du?ng th?
Kem du?ng m?t và Body Lotion  Vitamin E With Evening Primrose Oil 400ML,73120,247,42,Du?ng th?
Kem body ? tr?ng mix,22440,5400,947,Du?ng th?
"Body Mist Bath And Body Works Nam N? Chính Hãng, X?t Thom Kh? Mùi Toàn Thân Huong Nu?c Hoa 236ml M01",269000,71,12,Du?ng th?
Kem ? Tr?ng Da Gluta White Thái Lan 600gr,62000,1200,169,Du?ng th?
"Kem làm tr?ng, kem kh? thâm vùng kín, có th? làm tr?ng vùng nách, dùi trong, nhu hoa, mông, kh?p và các b? ph?n khác, lo?i b? melanin, cho da h?ng hào và r?ng r?",118800,31,10,Du?ng th?
"Ph?n l?nh Snake brand giúp làm mát co th?, ngan mô hôi, du?ng ?m da Thái Lan - Ph?n rôm l?nh- Size to 140gr",39000,33,4,Du?ng th?
S?a T?m Mu?i H?ng Himalaya Làm S?ch và Du?ng ?m Purify and Nourish 500g,88000,533,113,Du?ng th?
B? S?a T?m Du?ng Th? Du?ng Sáng Da C? M?m,365000,139,26,Du?ng th?
Kem Body Lotion Du?ng Tr?ng & Ch?ng Lão Hoá Mincer Pharma Vita C Infusion Body Lotion 250ml,299000,9,2,Du?ng th?
[SIÊU GI?M GIÁ] S?a T?m Hatomugi Du?ng ?m Chi?t Xu?t Ý Di 800ml Moisturizing & Washing The Body Soap Hasaki S?n Ph?m Chính Hãng,87000,21900,5567,Du?ng th?
"[MUA 3 GI?M 50%] Kem Ti´m ? Tra´ng Body MOAW MOAWS - Body Lotion Du?ng ?m Huong Nuo´c Hoa - S?a Du?ng Th? Thom Lâu - Kem Body Tr?ng Da Niacinamide , Glutathione, Vitamin C -",139000,56,11,Du?ng th?
"S?a Du?ng Th? Body Lotion Bath And Body Works Chính Hãng, Lotion Du?ng ?m Luu Huong M?n Da 236ml L01",269000,45,12,Du?ng th?
[MUA LÀ CÓ QUÀ] S?a Du?ng Th? Vaseline H? Tr? Sáng Da R?ng R? 350ml Healthy Bright Insta Radiance UV Tone-Up Lotion Hasaki S?n Ph?m Chính Hãng,110000,455,125,Du?ng th?
S?a t?m Lifebuoy 800g Cham sóc da du?ng ?m m?m m?n giúp b?o v? kh?i 99.9% vi khu?n và ngan ng?a vi khu?n lây lan trên da (Túi),149237,17400,3569,Du?ng th?
D?u l?nh xoa bóp Hàn Qu?c Glucosamine 150ml shop Cosin Store Catus Glucosamine Massage Body Cream gi?m nh?c m?i,58000,492,97,Du?ng th?
S?a T?m Du?ng Tr?ng M?n Da Ajola White Naturally Shower Vitamin E 1200ml huong nu?c hoa Hàng Vi?t Nam Chính Hãng 100%,36900,5000,1300,Du?ng th?
Cham sóc co th? gi?t cho s?c m?nh th? ch?t s?c s?ng ni?m vui th? ch?t bí m?t h?nh phúc gi?t c?i thi?n nang lu?ng co th? tang cu?ng kinh nghi?m và làm cho c? hai bên h?nh phúc hon góp ph?n vào s?c kh?e t?ng th? và cân b?ng các co ch? giúp tang cu?ng s? ph?,82450,59,47,Du?ng th?
S?a T?m Lifebuoy Detox Di?t Khu?n 800G chi?t xu?t t? thiên nhiên ng?a mùi co th? và s?ch sâu kh?i b?i m?n (Chai) (bao bì tùy lô nh?p hàng),193000,64000,13766,Du?ng th?
S?a Du?ng Th? Ch?ng N?ng Naturie Reihaku Hatomugi UV Milky Gel  SPF31 SPF50+ ý di Nh?t B?n 250ml UV Care & Moisturizing Cosin Store,152000,571,156,Du?ng th?
[MUA LÀ CÓ QUÀ] S?a Du?ng Th? Nivea Tr?ng M?n Extra White Radiant & Smooth 550ml,142000,130,36,Du?ng th?
S?a Du?ng Th? Hatomugi Dùng Cho Ban Ðêm Không Mùi Naturie Reihaku Hatomugi Moisturizing & Conditioning The Body Milk 400ml Cosin Store,102000,235,97,Du?ng th?
[MUA LÀ CÓ QUÀ] S?a Du?ng Th? Vaseline Gluta-Hya Nâng Tông T?c Thì 300ml Healthy Bright Gluta-Hya Body Tone-Up UV Lotion Hasaki S?n Ph?m Chính Hãng,155000,81,21,Du?ng th?
COMBO 2 Tuýp Gel t?y t? bào ch?t body toàn thân scrub da m?t d?u m?n Hàn Qu?c có h?t du?ng làm tr?ng exfoliate Spa moisturizer 300ml,49404,26,6,Du?ng th?
Mu?i T?m T?y Da Ch?t Body V? Hoa Qu? Heyxi Làm Tr?ng Da Làm Gi?m M?n Lung 4 Mùi Huong Trái Cây,35000,477,54,Du?ng th?
"Su~a Duo~ng Â?m Xoá Nhan Tay và Toàn Thân Body Phu?c Hô`i La`n Da Tra´ng Sa´ng Cang Mi?n, Ða´nh Bay Ca´c Lo´p Da Khô Sâ`n Su`i 500g",39195,5,3,Du?ng th?
"Kem Body T?y Tr?ng Thái Lan Siêu Tr?ng,Kháng Nu?c Cao C?p Chuyên Spa (H?p 400gr-450gr)",23516,28,2,Du?ng th?
Kem body du?ng Tr?ng - Ch?ng N?ng Body ( mua 1 t?ng 3),130000,14,7,Du?ng th?
T?y da chêt toàn thân hàn qu?c,29000,13,1,Du?ng th?
S?a R?a M?t On The Body Rice Therapy Cleanser Cleanser 150g Hàn Qu?c,135000,8,2,Du?ng th?
Du?ng Th? Du?ng Tr?ng NIVEA Ban Ngày Giúp Ph?c H?i & Ch?ng N?ng SPF30 (350ml) & Ban Ðêm San da & Ph?c H?i (350ml),105000,4000,920,Du?ng th?
[Mini] S?a Du?ng Th? Vaseline Sáng M?n Da 70ml (Màu Ng?u Nhiên) Hasaki S?n Ph?m Chính Hãng,47000,718,179,Du?ng th?
Serum Du?ng Th? Ch?ng N?ng Vaseline Healthy Bright Gluta-Hya Serum Burst Lotion SPF50 PA+++ 260ml,159000,52,5,Du?ng th?
"Kem Body Miss Thái Lan Du?ng Tr?ng, Makeup, Ch?ng N?ng Hu Nh? 170g, hu l?n 400g.",100165,2700,480,Du?ng th?
S?a Du?ng Th? Johnson Aroma Milk Du?ng ?m Tr?ng Da C?c Thom Nh?t B?n 200ml,150000,6,1,Du?ng th?
Kem du?ng th? Instituto Espanol Tây Ban Nha h? tr? du?ng ?m da Instituto Espanol Urea Crema Reparadora Extra Hidratante,239319,17,7,Du?ng th?
"[MUA LÀ CÓ QUÀ] S?a Du?ng Th? Vaseline B?o V?, Du?ng Da Sáng M?n Serum Vaseline Gluta-Hya 330ml Hasaki S?n Ph?m Chính Hãng",111000,346,77,Du?ng th?
Mu?i T?m T?y da ch?t body HEYXI 350g T?y t? bào ch?t làm s?ch da sáng da và c?p ?m body,38000,18700,478,Du?ng th?
T?y T? Bào Body Huong Ðào Peach Clear 200ml Lo?i B? M?n Thâm,21000,19,3,Du?ng th?
Combo 2 Chai T?y T? Bào Ch?t Body Spa Exfoliating Shower Hàn Qu?c 300gr.,49171,64,17,Du?ng th?
"T?y da ch?t cho co th? Organic Shop giúp da m?m mu?t, bóng kho?, sáng m?n",83000,14,1,Du?ng th?
[MUA LÀ CÓ QUÀ] Tinh Ch?t Du?ng Th? Tr?ng Da Ph?c H?i Ch?ng N?ng Nivea 180ml,129000,181,9,Du?ng th?
"M?t N? Vi Tinh Th? SEOMOKU Nâng Co Vline, Ch?ng Lão Hóa, Xóa Nhan, Cang Da, Thon G?n M?t h?p 5 mi?ng - Green Pharma",59000,17,1,Du?ng th?
S?a du?ng th? Vaseline Gluta-Hya Du?ng Da Sáng M?n Sau 7 Ngày 70ml,25000,193,13,Du?ng th?
"[Hàng M?] S?a Du?ng Th? Vaseline Healthy White UV Lightening Body Lotion 725ML Giúp Du?ng Tr?ng, Gi? ?m - Wincy Mart",155000,61,12,Du?ng th?
[MUA LÀ CÓ QUÀ] S?a Du?ng Th? Nivea Du?ng Da Sáng M?n 350ml,127000,63,15,Du?ng th?
[MUA LÀ CÓ QUÀ] Tinh Ch?t Du?ng Th? Nivea Vitamin Body Serum Extra Bright Super C+ 170ml,111000,1100,103,Du?ng th?
S?a du?ng th? tr?ng da White Conc Body White CC Cream Nh?t B?n 200g Cosin Store,212000,192,43,Du?ng th?
S?a Du?ng Th? Tr?ng Da Toàn Thân Vaseline B?n M? 725ml,168000,590,138,Du?ng th?
S?a du?ng th? Matsukiyo huong hoa h?ng/ huong hoa/ không mùi 400ml,127820,117,20,Du?ng th?
[MUA 2 TÍNH 1] S?a Du?ng Th? Ban Ðêm Reihaku Hatomugi Body Milk 400ml,220000,202,34,Du?ng th?
Combo 2 Vaseline Gluta-Hya Du?ng Th? Nâng Tông T?c Thì G?p 4x 300ml x 2,284000,1800,322,Du?ng th?
Combo 4 tuýp Gel t?y t? bào ch?t body toàn thân scrub da m?t d?u m?n Hàn Qu?c có h?t du?ng làm tr?ng exfoliate Spa moisturizer 300ml,88771,18,4,Du?ng th?
S?a du?ng ?m toàn thân cho da khô  NOURISHING BODY MILK ROYAL JELLY DRY SKIN 500ml,153000,18,9,Du?ng th?
[Voucher 12%] Sáp OLD SPICE Nh?p Kh?u M? Kh? Mùi Huong Original/ Pure Sport/ Stick Fresh Chai 85G,139000,11900,2412,Du?ng th?
[MUA LÀ CÓ QUÀ] Serum Du?ng Th? Vaseline Ch?ng N?ng Sáng Da 300ml (M?i) Healthy Bright Daily Protection & Brightening Serum SPF 50+ PA++++ Hasaki S?n Ph?m Chính Hãng,155000,388,97,Du?ng th?
[MUA LÀ CÓ QUÀ] S?a Du?ng Th? Nivea Sáng Da T? 8 Super Food 350ml Nivea Extra Bright 8 Super Food Body Lotion Hasaki S?n Ph?m Chính Hãng,128000,300,67,Du?ng th?
S?a Du?ng Th? Du?ng ?m Du?ng Sáng M?n Màng Toàn Thân Evoluderm Moisturizing Body Milk 500ml,149820,29,12,Du?ng th?
S?a Du?ng Th? NIVEA 8 Super Fooods Du?ng Sáng Da | M?n Da (350 ml),139576,7400,2211,Du?ng th?
S?a Du?ng Th? Tr?ng Da Vaseline Healthy Bright Du?ng Da Nâng Tông T?c 50X Spf50+ Pa++++ 300ML du?ng da/ nâng tông,150000,28200,5093,Du?ng th?
[DATE 11/2026] D?u du?ng khô da nang Huong Hoa Huile Prodigieuse Florale Multi-purpose Dry Oil 100ml,628650,58,12,Du?ng th?
S?a Du?ng Th? Tr?ng Da Huong Nu?c Hoa Quy?n Ru,199000,34,9,Du?ng th?
HÀNG NH?P KH?U - S?a Du?ng Th? S?a T?m Tr?ng Da Ch?ng Già Lão Hoá T?y T? Bào Ch?t The Perfect Body Lotion / Body Wash - DuocmyphamDrAn,1124000,224,34,Du?ng th?
S?a du?ng th? Aveeno Baby Daily Moisture Lotion 100g,142000,13,4,Du?ng th?
Tinh Ch?t Du?ng Th? Nivea Vitamin Body Serum Extra Bright Super C+ 300ml,238000,798,65,Du?ng th?
[Auth - Nhi?u Mùi] S?a Du?ng Th? Luu Huong M?n Da Bath & Body Works Body Lotion (8fl Oz - 236ml),210000,247,40,Du?ng th?
S?a Du?ng Th? Naturals By Watsons Huong Lavender True Natural Lavender Body Lotion 490ml,159000,118,14,Du?ng th?
S?a Du?ng Th? Du?ng ?m Vaseline Healthy Bright 350ml Sáng Da Ch?ng N?ng Toàn Spf24pa++ Sun Protection,118000,16500,2396,Du?ng th?
T?y Da Ch?t Toàn Thân Organic Shop Body Scrub 250ml Ð? Mùi M?u M?i - UKmart,91000,1400,265,Du?ng th?
Combo 2 S?a Du?ng Th? Vaseline Du?ng ?m Fresh & Bright 10x Niacinamide Da Sáng Kh?e M?n Cang Tinh Ch?t Menthol Mát L?nh 350ml x 2,227000,3100,683,Du?ng th?
Combo 2 S?a du?ng th? Vaseline Gluta-Hya Serum Burst Lotion Dewy Radiance Lotion du?ng sáng ?m mu?t 330ML/300ML (dung tích tùy d?t nh?p hàng),236000,6300,1601,Du?ng th?
S?a Du?ng Th? Ch?ng N?ng UV Mizumi Bright Body Serum SPF50+PA++++ 180ml,159000,5,2,Du?ng th?
[MUA LÀ CÓ QUÀ] Serum Ch?ng N?ng Biore UV Aqua Rich Du?ng Th? Nâng Tông Body Tone Up Lilac Luster SPF50+ PA+++ 130ml,169000,37,8,Du?ng th?
S?a Du?ng Th? Vaseline Du?ng ?m Fresh & Bright 350ml 10x Niacinamide Da Sáng Kh?e M?n Cang Tinh Ch?t Menthol Mát L?nh,118000,11900,2561,Du?ng th?
[CHÍNH HÃNG] Kem Body Du?ng Tr?ng Da Rmon - Hàn Qu?c,365000,11,2,Du?ng th?
Serum Vaseline Gluta-Hya Du?ng Da Sáng M?n Sau 7 Ngày 330ML/ 300ML (dung tích và bao bì tùy vào d?t nh?p hàng),126000,16100,3932,Du?ng th?
Du?ng th? du?ng tr?ng và ch?ng n?ng Beauty Buffet Scentio Milk Plus SPF25 250ml,283338,80,23,Du?ng th?
Combo Vaseline du?ng ngày dêm ch?ng n?ng & nâng tông g?p 4 l?n 300ml/chai,288000,6700,1170,Du?ng th?
"D?u tràm khuynh di?p Ích Nhi, l? 30ml, Giúp làm ?m da co th?, tránh nhi?m l?nh",65553,449,73,Du?ng th?
Kem Du?ng Tr?ng Toàn Thân Rmon,400000,320,65,Du?ng th?
"MizuMi Du?ng Th? Sáng Da B3 AHA Intense White Body Booster 250g Tr?ng Kh?e, M?n Màng , Niacinamide, AHA, Ceramide",275000,389,99,Du?ng th?
A THOUSAND WISHES | S?a Du?ng Th? Luu Huong M?n Da Bath & Body Works Body Lotion (236ml),260000,104,13,Du?ng th?
Combo 2 s?a du?ng th? thiên nhiên Yves Rocher Body Lotion 390ml (Cùng Mùi),477400,188,34,Du?ng th?
"Mu?i T?m T?y T? Bào Ch?t Body HEYXI Bath Salt Scrub H? 350g – Chi?t Xu?t T? Trái Cây Giúp Làm S?ch Da Ch?t, Gi?m M?n Lung, Du?ng Sáng Da",56615,5,2,Du?ng th?
"T?ng kèm b?t th?o du?c t?y t? bào toàn thân , Kem body bong tái t?o toàn thân thách th?c m?i lan da chai l? den s?m",109000,9,4,Du?ng th?
[Body lotion] Du?ng th? sáng da toàn thân Scentio Double Milk Triple Bright Body Lotion 250ml,259000,1300,230,Du?ng th?
"Mu?i T?m Toàn Thân Abonne Thái Lan Ð? Lo?i (S?a Bò, Yogurt, White C) - 350g",25480,15,2,Du?ng th?
Bo d?m d?c ngan ng?a và gi?m r?n da cu?i thai k? Palmer's 125g,381593,1500,363,Du?ng th?
"B? D?ng C? Cham Sóc Móng Chân Tay 6 Món Kèm Bao Da Sang Tr?ng, B? B?m Móng Tay C?t Dua Thi?t K? Nh? G?n An Toàn T?i Nhà",33000,13,5,Cham sóc móng
Tattielove eelhoe ph?c h?i d?ng l?ng móng tay lo?i b? n?m nuôi du?ng làm sáng cham sóc móng chân d?ng c? làm móng m?i,25000,533,48,Cham sóc móng
Tinh ch?t s?a ch?a móng tay n?m móng Ch?ng n?m móng 10ml ch?ng nhi?m trùng tinh ch?t cham sóc huy?t thanh n?m tay chân lo?i b? n?m móng tay,57970,2100,578,Cham sóc móng
S?a ch?a n?m móng tay 7 ngày tinh ch?t huy?t thanh ch?ng n?m dung d?ch chân g?ng s?a ch?a lo?i b? n?m móng tay (50Ml) ch?ng nhi?m trùng tinh ch?t cham sóc huy?t thanh n?m tay chân lo?i b? n?m móng tay,54483,445,124,Cham sóc móng
S?a ch?a n?m móng tay 7 ngày tinh ch?t huy?t thanh ch?ng n?m dung d?ch chân g?ng s?a ch?a lo?i b? n?m móng tay (10Ml) ch?ng nhi?m trùng tinh ch?t cham sóc huy?t thanh n?m tay chân lo?i b? n?m móng tay,48911,2400,672,Cham sóc móng
"Kìm c?t móng B?ng Thép không g? Living CT?y Da Ch?t, D?ng c? làm móng chân Kìm mui d?i bàng Làm Nail",32000,2100,617,Cham sóc móng
Serum s?a ch?a móng tay n?m móng Lo?i b? n?m móng Du?ng móng Cham sóc tay và chân/50ml dùng cho móng chân tay hi?u qu? nhanh dùng cho c? nam và n?,59398,265,122,Cham sóc móng
7 ngày tinh ch?t huy?t thanh ch?ng n?m dung d?ch chân g?ng s?a ch?a lo?i b? n?m móng tay (50Ml) ch?ng nhi?m trùng tinh ch?t cham sóc huy?t thanh n?m tay chân lo?i b? n?m móng tay S?a ch?a n?m móng tay,57420,147,58,Cham sóc móng
Serum n?m móng móng tay cham sóc Na^´m mo´ng tay 10ml C?i thi?n v?t n?t móng tay gi?m nhi?m n?m kích thích,54252,72,32,Cham sóc móng
(Duy nh?t ngày 15-17.10)B? d?ng c? cham sóc móng cho bé Elmich BabyCare EL0753,80000,380,118,Cham sóc móng
B? 3 Ð?u Kéo C?t Manicure - Ða Nhi?m Cho M?i Nhu C?u Cham Sóc Móng,25000,180,42,Cham sóc móng
S?a ch?a n?m móng tay 7 ngày tinh ch?t huy?t thanh ch?ng n?m dung d?ch chân g?ng s?a ch?a lo?i b? n?m móng tay (30Ml) ch?ng nhi?m trùng tinh ch?t cham sóc huy?t thanh n?m tay chân lo?i b? n?m móng tay,57429,27,8,Cham sóc móng
"B? D?ng C? Cham Sóc Móng Tay, Móng Chân 12 Món Gego – Hàng Chính Hãng",135000,42,36,Cham sóc móng
1 B? Kéo Cham Sóc Bàn Chân Và Móng Tay Thi?t K? D? Thuong - D?ng C? Ch?i Lông Mini D? Dàng S? D?ng Cho M?i L?a Tu?i,10000,23800,5879,Cham sóc móng
"B?m móng tay, c?t móng tay TRIM (M?) cham sóc móng tay chân",24000,496,80,Cham sóc móng
MeiYanQiong tinh d?u kích thích m?c móng nhanh cham sóc móng kh?e m?nh phù h?p cho m?i ngu?i,69000,462,108,Cham sóc móng
Gel Lo?i B? N?m Móng Tay Chân T?o móng m?i NAIL TREATMENT REPAIR GEL 20ml CHAM SÓC DU?NG ?M SÁNG BÓNG MÓNG,89554,475,140,Cham sóc móng
"Tinh Ch?t N?m Móng KANNEDO - Serum N?m Móng Nh?t B?n KANNEDOGiúp C?i Thi?n Móng H?ng, Ph?c H?i Và Cham Sóc Móng",179000,59,12,Cham sóc móng
The Herb Nail Repair Cream Nail Treatment Nail Anti Fungus Removal Soft Care Foot Long-term Protection/30mlSerum s?a ch?a móng tay n?m móng Lo?i b? n?m móng Du?ng móng Cham sóc tay và chân,53716,109,25,Cham sóc móng
B?m Móng Trim USA- M?u Full Inox 2 Lo?i L?n nh?,28000,36,8,Cham sóc móng
"Combo ( 1chai du?ng+1 chai dánh bayn?m) du?ng c?ng, h?ng móng và dánh bay n?m móng, hu khoé",65000,238,49,Cham sóc móng
B? Kìm Da 12 Món Inox Cao C?p - K?m Móng Chân - Ph? Ki?n Làm Móng Cao C?p - Ph? Ki?n Làm Ð?p - B? B?m Móng Tay 12 Món Ti?n D?ng - B?m Móng Tay - Kìm C?t Móng Tay - K?m C?t Da - D?ng C? Cham Sóc S?c Ð?p,15000,20,2,Cham sóc móng
"B? C?t Móng Tay 19 Món Ða Nang – D?ng C? Làm Móng, T?a Lông Mày, Làm Ð?p Cao C?p  B? K?m C?t Móng 19 Món Ti?n L?i – B? D?ng C? Cham Sóc Móng Tay Chân Toàn Di?n  B? C?t Móng Tay 19 Món Cao C?p – Full Combo D?ng C? Làm Móng, T?a Lông, Làm Ð?p",60000,587,125,Cham sóc móng
Hailicare s?a ch?a móng tay Tinh ch?t ch?ng móng tay lo?i b? n?m móng tay ch?ng n?m m?c ch?ng nhi?m trùng bàn chân s?a ch?a cham sóc móng móng m?c,39000,42,8,Cham sóc móng
"Kem làm m?m da khoé móng tay, móng chân 75g",20000,62,14,Cham sóc móng
C?t L?p Bi?u Bì Chuyên Nghi?p Bi?u Bì Móng Tay K?m C?t Móng Tay B?ng Thép Không G? Tông Ðo T?y Da Ch?t Kìm C?t Kéo D?ng C? Ð?y,15000,246,26,Cham sóc móng
"Máy c?t móng tay di?n da nang cho bé,dua móng tay cho bé,c?t dua móng an toàn không c?m giác dau",56900,152,56,Cham sóc móng
Thép không g? c?t móng tay kìm/móng tay c?t móng chân kìm/móng tay ch?t da công c?/Eagle Mouth kìm,20900,40,7,Cham sóc móng
Serum Ðánh Bay N?m Móng Hu Khóe B?ng Móng N?ng Nu?c An Chân tay,76440,229,21,Cham sóc móng
"H?p d?ng 4 chi?c b?m móng tay,  b? làm d?p, d? s? d?ng, s?ch s? ch?t lu?ng",11600,20400,5717,Cham sóc móng
h?p 3 chi?c b?m móng tay  Ð?C cao c?p,148500,226,105,Cham sóc móng
"Du?ng Móng Tay Ð?c Quy?n , Du?ng dài móng, giúp móng ch?c kho?,  b?ng móng",38000,7300,923,Cham sóc móng
Serum Lo?i B? n?m móng Móng Chân M?c Ngu?c Làm M?m Tr?ng Móng Và Gi?m Ðau Ð?ng Th?i Phòng Ng?a Viêm Và Kh? Trùng 10ml,64000,345,91,Cham sóc móng
OCTAVA 210ml Ch?t lu?ng cao S?a Móng An toàn D?u c?u tr? paronychia D?u ph?c h?i móng tay làm móng D?u cham sóc móng chân m?c ngu?c,60000,8,1,Cham sóc móng
"B? b?m móng tay, móng chân cao c?p 16 món G01 ti?n d?ng b?ng thép không g? s?c b?n",54351,12,4,Cham sóc móng
"B? d?ng c? b?m móng tay d? thuong 18 món d? cham sóc móng, làm móng, l?y ráy tai, m?n kèm h?p cao c?p ti?n d?ng",25000,103,24,Cham sóc móng
"N?m Móng Cô Ba Tuy?t chuyên tri n?m móng, hu khóe, nu?c an tay chân, du?ng móng 2 chai 3 ml",80000,44,13,Cham sóc móng
Serum s?a ch?a móng tay  n?m móng Lo?i b? n?m móng Du?ng móng Cham sóc tay và chân/30ml tay chân lo?i b? n?m móng tay,65100,65,51,Cham sóc móng
S? 2 L? Du?ng Móng Collagen Giúp Móng C?ng Và Nhanh Dài Ph?c H?i Móng Y?u Và Hu T?n Dùng Cho Các Ti?m Nail Cham Sóc Móng,40000,1400,313,Cham sóc móng
"B? c?t móng tay, D?ng c? c?t t?a móng, B? c?t t?a móng 18 món, b? d?ng c? cham sóc móng 18 chi ti?t lo?i to, d? ph? ki?n c?t s?a móng, ki?m c?t móng inox dày d?n kèm kéo c?t lông mui. Nh? g?n ti?n d?ng.",37500,275,57,Cham sóc móng
Combo 2 B?m móng tay C?t móng tay Trim M? Cham sóc móng tay chân ngu?i l?n tr? em,48000,23,2,Cham sóc móng
Serum Ðánh Bay N?m Móng Tay Chân Tái T?o Móng Ch?c Kh?e Sáng Bóng 30ml,79220,288,95,Cham sóc móng
Bút du?ng vi?n móng 5 huong - cham sóc móng - ph? ki?n nail,11900,37,6,Cham sóc móng
"Serum N?m Móng MIKO Nh?t B?n - Tinh Ch?t Th?o Du?c MIKO Du?ng Cham Sóc Móng, Làm M?i Móng B? Hu T?n",149000,12,7,Cham sóc móng
Serum N?m Móng Hu Móng Nu?c An Khoé Móng,19000,52,5,Cham sóc móng
"B? C?t, B?m Móng Tay 18 MÓN-B? c?t móng 18 món-B? kìm c?t móng tay - B? kìm b?n móng tay 18 chi ti?t-B? c?t móng tay da d?ng 18 món, d?y d? các ph? ki?n cham sóc cho c? gia dình",56826,26,6,Cham sóc móng
"Kem Du?ng Da Tay Và Móng Vaseline Deep Moisture 60ml, giúp b?n cham sóc da tay m?m m?i hon",79000,51,15,Cham sóc móng
"Serum dánh bay n?m móng, hu khóe, b?ng móng n?ng, nu?c an hu móng chân tay, chai 4ml",41160,91,12,Cham sóc móng
"Serum dánh bay n?m móng, hu khoé, b?ng móng, nu?c an tay chân gia truy?n 4ml",40000,38,6,Cham sóc móng
Kem lo?i b? n?m móng Tinh ch?t ph?c h?i móng 20g Kem ph?c h?i móng Móng kháng khu?n chân lo?i n?m móng gãy móng ch?n,57176,55,33,Cham sóc móng
Kem bôi n?m móng n?m tay chân CLOTHASONE D CREAM THA´I LAN,58500,42,5,Cham sóc móng
"B? C?t Móng Tay, B? Làm Móng Tay, B? B?m Móng 19 Món Ða Nang, B?m Dua Móng Tay 3DM, D?ng C? Làm Nail, Nail Care Cao C?p Nhi?u D?ng C? Ti?n L?i, Bo kiem cat mong tay cao cap.",36000,2800,567,Cham sóc móng
GEL TT NH?T B?N CHÍNH HÃNG 300ML Ð?C TRONG,42385,32,4,Cham sóc móng
[HCM]Nu?c r?a móng tay cao c?p Quyên (40ml-125ml-500ml),12000,1100,235,Cham sóc móng
"[HCM] B? Móng Tay Ng?t Rau, Hái Rau Dành Cho Nam Và N? G?m 5 Ngón-Cozy520",13500,196,21,Cham sóc móng
"Tinh ch?t  N?m Móng Tay Chân H?t S?ch N?m, B?ng Móng, Hu Khoé, Nu?c An Tay Chân, Du?ng C?ng Móng",59174,68,35,Cham sóc móng
[CHÍNH HÃNG]kem lo?i b? n?m móng Tinh ch?t ph?c h?i móng 20g Kem ph?c h?i móng Móng kháng khu?n chân lo?i n?m móng gãy móng ch?ng,71100,428,131,Cham sóc móng
"B? 4, 6, 10 Món B?m Móng Tay Chuyên D?ng Living C, K?m C?t Móng Kèm H?p Ð?ng, Túi Ð?ng B?ng Da PU",47000,17,3,Cham sóc móng
"B? 4, 6, 10 Món B?m Móng Tay Homek, D?ng C? C?t Móng Tay Siêu Bén B?ng Thép Không R?",42800,28,5,Cham sóc móng
"Tinh ch?t lo?i b? n?m móng EELHOE ph?c h?i móng ch?c kh?e kháng khu?n quy?t v?n d? viêm móng ?c ch? vi khu?n ch?ng nhi?m n?m ph?c h?i móng b? hu t?n cham sóc n?m móng hôi chân, lang ben tay chân, m?n cóc, m?n m?t cá",101205,20,3,Cham sóc móng
Hydrating Nail Repair Cuticle Oil Pen Leak-proof Healthy Strengthen Nail Care Oil for Hand Foot Nail Repairing AA1-VN,13000,18,1,Cham sóc móng
Tinh ch?t bôi n?m móng WEST&MONTH - Serum n?m móng,78000,6,2,Cham sóc móng
K?m b?m móng c?t móng thép dày ch?t lu?ng cao,30000,18,2,Cham sóc móng
Móng tay ph?c h?i d?ng l?ng huy?t thanh móng tay N?m di?u tr? lo?i b? nuôi du?ng làm sáng cham sóc móng chân phuong pháp di?u tr? móng tay công c?,48000,20,2,Cham sóc móng
"B? c?t móng tay 16 món, d?ng c? k?m b?m nh?t da n?n m?n dua nhíp làm d?p siêu b?n dieulinhshop",59200,57,17,Cham sóc móng
"Combo [1 Serum và 1 Du?ng Móng] D?t Ði?m N?m Móng, Hu Khóe, B?ng Móng, Ph?c H?i Móng Nu?c An Tay Chân Da Truy?n 4ml",49000,47,14,Cham sóc móng
[CHÍNH HÃNG] Phá gel  VINIMAY - Chai 15ml  - Nail 937,15200,2500,210,Cham sóc móng
"Serum G?ng EELHOE NAIL FUNGUS - Tinh Ch?t Th?o Du?c G?ng Già N?m Móng, Ph?c H?i Móng Hu T?n",149000,22,5,Cham sóc móng
Serum Ðánh Bay N?m Móng Hu Khóe B?ng Móng N?ng Nu?c an hu móng Chân tay,40000,61,8,Cham sóc móng
Thép Không G? Cong K?m mui Móng Tay Rãnh Ð?c Bi?t k?m c?t móng tay Chân c?t móng chân dao c?t móng chân H? Gia Ðình Móng Chân Kéo,18000,53,11,Cham sóc móng
"Combo 5 Serum N?m Móng Tay Chân Nh? Khóe Móng, H?t N?m Móng B?ng Móng",104000,9,1,Cham sóc móng
"Tinh Ch?t Kháng Khu?n Ch?a H?t S?ch N?m Móng, Vàng Móng, Ng?a Móng, Ch?ng Nhi?m Trùng Móng, Du?ng Móng Thêm Ch?c Kh?e 11g",38925,311,66,Cham sóc móng
Click Vào Mua Store  LazMall Chính Hãng (H?p L?n) B? D?ng c? Cham Sóc Móng 12 Món Inox Cao C?p. B? Kìm C?t  Da Làm Nail Ti?n D?ng H?p Ð?ng Sang Tr?ng . Hàng Cao C?p Giá R? .,80035,8,6,Cham sóc móng
"Du?ng ph?c h?i móng CND 3.7ml hàng M?  - Du?ng móng c?i thi?n hu t?n, kích thích m?c móng NailBND",129750,45,13,Cham sóc móng
D?ng c? C?t móng tay Nh?t B?m móng tay kèm dua Cao C?p,10000,165,36,Cham sóc móng
Hailicare Nail Repair Essence Anti-nail Groove Fungus Removal Anti Onychomycosis Anti Foot Infection Repair Feet Nail Ingrown Nail Care,39000,495,106,Cham sóc móng
"Nu?c phá gel Jnailsay chính hãng (15ml) - Lo?i b? móng gel an toàn, không gây h?i cho móng, dành cho dân chuyên nghi?p",30400,118,17,Cham sóc móng
Nu?c r?a móng tay cao c?p Nam Hi?p,37000,1300,295,Cham sóc móng
Tinh ch?t ph?c h?i di?t n?m móng ph?c h?i Lo?i b? n?m móng gãy du?ng và kháng khu?n cho móng tay gi?i quy?t v?n d? viêm mé móng chân tay hi?u qu? nhanh dùng cho nam và n?,88482,2400,601,Cham sóc móng
"Combo 2 chai n?m móng hi?u SH ph?c h?i móng hu, sung m?, thúi",62000,436,97,Cham sóc móng
Kem Bôi N?m Móng Tay Chân CLOTHASONE D Cream 15g Thái Lan Chính Hãng,57000,438,85,Cham sóc móng
Du?ng móng collagen giúp móng h?ng ch?c kho? nhanh dài,19760,644,115,Cham sóc móng
Kem dánh bay n?m móng hu khoé b?ng móng nu?c an tay chân gia truy?n/Lo?i B? Móng Hu T?n gi?i quy?t v?n d? viêm mé móng chân tay Ph?c H?i Và B?o V? Móng Hi?u Qu?,64567,129,71,Cham sóc móng
Ð?u mài móng cao c?p thép Titan chu?n m? siêu êm không nóng rát ph?m da TU NAIL,49191,29,5,Cham sóc móng
Kem Du?ng Da Tay Và Móng VASELINE 85g Thái Lan Chính Hãng,85000,35,6,Cham sóc móng
"SERUM dánh bay n?m móng, b?ng móng, hu khoé, nu?c an chân",50000,4000,551,Cham sóc móng
Kem lo?i b? n?m móng Tinh ch?t ph?c h?i móng 20g Kem ph?c h?i móng Móng kháng khu?n chân lo?i gãy móng ch?ng,66983,35,27,Cham sóc móng
"Daynee K?o Ngan Ng?a R?ng Tóc, M?c Tóc Tua T?a Sau Vitamin Biotin 2500MCG Kích Thích M?c Tóc Dày Óng Mu?t, Ngan Ng?a R?ng Tóc, Tr? Hóa Da, Cham Sóc Móng Ch?c Kh?e Hair Skin & Nails Gummies N?i Ti?ng Toàn C?u H?p",167400,178,80,Cham sóc móng
Tinh d?u du?ng móng/ làm m?m da hi?u COWSAR chính hãng chai 15ml,18164,24,4,Cham sóc móng
"B? C?t Móng Tay Chân,  Sét 12 Món Cham Sóc Móng Tay Chân Cao C?p - Ki?m C?t, B?m Móng Tay, L?y Ráy Tai, Que N?n M?n, Kéo T?a Lông Mày",138969,188,49,Cham sóc móng
B? Cham Sóc Móng Tay Chuyên Nghi?p 7/10/12/18 B? D?ng C? Làm Móng Tay & Chân B?ng Thép Không G? V?i H?p Du L?ch Cho C?t Ngón Tay,54000,16000,8,Cham sóc móng
"D?ng C? B?m Móng Tay, C?t Móng Tay Móng Chân Cao C?p Chính Hi?u Luxury Lo?i T?t Siêu B?n",25085,9,3,Cham sóc móng
NAIL FUNGUS Kem n?m móng chân móng tay lo?i b? chân móng tay nuôi duõng móng làm m?m móng,53353,9,1,Cham sóc móng
"[LO?I 1 CAO C?P] Acetone, Axetone, Nu?c t?y móng, nu?c chùi móng tay Acetone Quyên - 1000ml d?ng c? làm móng tay chuyên nghi?p nail",72000,128,31,Cham sóc móng
"[FREESHIP Toàn Qu?c] Serum dánh bay n?m móng, hu khoé, b?ng móng, nu?c an tay chân gia truy?n 4ml Date 2024",41580,35,11,Cham sóc móng
"Du?ng c?ng móng collagen d?c quy?n-h? 5g | Giúp c?ng móng, nhanh dài và ph?c h?i móng m?ng y?u và hu t?n",19000,169,26,Cham sóc móng
1 Máy Tính 2 M?t Thép Không G? Dua Móng Tay Cho Móng Tay Chân Chuyên Nghi?p Ngón Tay & Ngón Chân Ch?i Lông Cham Sóc Móng Tay Ph? Ki?n,35400,299,118,Cham sóc móng
"Du?ng móng tay dài c?ng ITANA Nails Repair Essence c?ng móng, ph?c h?i móng M?ng, Ch?, N?m Móng",64000,15,3,Cham sóc móng
Combo 5 Chai N?m Móng Hu Móng,120000,101,25,Cham sóc móng
Kem ph?c h?i di?t n?m móng ph?c h?i Lo?i b? n?m móng gãy du?ng và kháng khu?n cho móng tay gi?i quy?t v?n d? viêm mé móng chân tay hi?u qu? nhanh dùng cho nam và n?/20g,53886,274,89,Cham sóc móng
"Du?ng Móng Tay Collagen, Ph?c H?i Móng, Kích Thích M?c Móng, Ch?c Kh?e, C?ng",20000,63,14,Cham sóc móng
Deukio k?m c?t móng tay di?n t? d?ng kéo c?t móng tay bàn tay và bàn chân dual-s? d?ng móng tay Xuyên thi?t b? ngu?i già tr? em tông do k?m c?t móng tay,39000,7,4,Cham sóc móng
( 1 B? 10 cây ) Dua/ Giua Móng Tai Móng Chân Lo?i Dày Nhi?u Màu Và Màu Ðen,20000,38,8,Cham sóc móng
"Dung d?ch n?m móng JIAYULONG Tinh ch?t s?a ch?a móng, nhanh chóng ph?c h?i móng hu t?n, lo?i b? n?m móng t?n thuong, gi?i quy?t nhanh chóng và hi?u qu? v?n d? viêm móng, giúp tái t?o móng m?i, gi?i quy?t v?n d? móng chân m?c ngu?c.",149000,25,10,Cham sóc móng
Cây L?y Khoé Móng Chân Móng Tai Inox - M?u 10cm,17000,14,1,Cham sóc móng
"[CHÍNH HÃNG] N?m móng tay chân eelhoe, kích thích m?c móng, du?ng móng chính hãng l? 30ml",83900,35,3,Cham sóc móng
B?m móng tay cao c?p QIANGREN,20400,242,54,Cham sóc móng
Kem du?ng da tay và móng tay Vaseline Intensive Care 85g - mp ch? l?n,70000,186,39,Cham sóc móng
"Tinh Ch?t D?t Ði?m N?m Móng, Th?i Móng Eelhoe Nail Fungus Ginger - Tinh Ch?t G?ng Già Thành Ph?n Th?o Du?c Ph?c H?i Móng",169000,23,12,Cham sóc móng
"Chai Lo?i b? N?m kháng Khu?n, Giúp móng tay nhanh chóng và ph?c h?i móng tay",79000,26,5,Cham sóc móng
COMBO 2 L?  DU?NG MÓNG TAY Ð?C QUY?N THIÊN DI GIÚP C?NG MÓNG NHANH DÀI BÓNG KHO? PH?C H?I MÓNG Y?U HU T?N D? GÃY,40000,2600,447,Cham sóc móng
Kem Du?ng Da Tay & Móng Vaseline Deep Moisture Hand & Nail Cream 60ml B?ng Hàn Qu?c,34000,192,24,Cham sóc móng
"H?t n?m móng, hu khoé ph?c h?i móng hu t?n gia truy?n",35000,70,7,Cham sóc móng
Nu?c r?a móng tay QUYÊN axeton t?y móng son thu?ng chai nh?,17077,53,12,Cham sóc móng
"Serum bôi h?t n?m móng/SERUM dánh bay n?m móng, b?ng móng, hu khoé, nu?c an chân10mlThe Herb Nail Repair Cream Nail Treatment Nail Anti Fungus Removal Soft Care Foot",52747,132,64,Cham sóc móng
"Kem m?m da Rossy - Kem m?m móng, m?m da chuyên d?ng, nh?t da, chà gót chân làm nail NailBND",10812,23,3,Cham sóc móng
"[Chính Hãng] Tinh ch?t n?m móng tay chân, Tái t?o móng, ph?c h?i d?t di?m n?m móng ch? sau 2 tu?n s? d?ng, 30ml",85500,164,37,Cham sóc móng
Dua móng tay dánh bóng làm b?ng pha lê th?y tinh ti?n d?ng ch?t lu?ng cao,14000,7,1,Cham sóc móng
Keo dán móng úp 401 siêu ch?c 20g Hàn qu?c lo?i 1 d? lâu không khô,35000,869,134,Cham sóc móng
"[Hàng m?i v?] Kìm c?t móng tay, móng chân làm t? thép không g? hàng d?p",18500,29,7,Cham sóc móng
"L? 5 h? du?ng móng tay chân 5g | Du?ng c?ng móng, bóng h?ng móng, ch?c khõe và nhanh dài( mua 1 cb t?ng 3 h? )",80000,19,2,Cham sóc móng
"B? kìm, b?m móng tay màu xanh lá kèm ví siêu cute",44550,7,2,Cham sóc móng
"Serum N?m Móng Tay Chân H?t S?ch N?m, B?ng Móng, Hu Khoé, Nu?c An Tay Chân, Du?ng C?ng Móng",64875,9,2,Cham sóc móng
"D?ng c? b?m móng, c?t móng tay Kichi cho bé",16910,712,149,Cham sóc móng
"Gel d?nh hình, gel n?n thú Huaxi màu trong và màu tr?ng h? to 30ml - Gel khô da nang chuyên d?ng làm nail",39000,24,4,Cham sóc móng
"Phá Gel Oyan chính hãng phá gel l?nh, không nóng, không gây b?ng rát chai 15ml(15g)",20751,85,17,Cham sóc móng
"Kem N?m Móng, Hu Khoé, B?ng Móng Sau 4 Tu?n 20g",64161,52,49,Cham sóc móng
Tinh ch?t  lo?i b? n?m móng Tinh ch?t ph?c h?i móng 50ML Kem ph?c h?i móng Móng kháng khu?n chân lo?i gãy móng ch?ng,59832,49,49,Cham sóc móng
"D?u tháo móng úp, chai x?t tháo móng d?p gel, d?p b?t - D?u du?ng vi?n móng",20500,1100,275,Cham sóc móng
Mr. Green k?m c?t da Ð?i M?i L?p Bi?u Bì Kéo Ðu?c Xây D?ng-Trong Mùa Xuân C?t Tông Ðo D?ng c? t?y da ch?t Làm Móng Tay Công C?,233313,172,236,Cham sóc móng
"Serum dánh bay n?m móng, hu khoé, b?ng móng, nu?c an tay chân gia truy?n",45000,16,1,Cham sóc móng
Gel làm nail 6 in1 NAIL GLUE,35000,83,9,Cham sóc móng
"NU?C R?A MÓNG TAY XUÂN NGUYÊN 500ML(ACETONE), R?A S?CH NU?C SON NHANH",39000,10,1,Cham sóc móng
Son Móng Tay - Son Gel TH?CH SIR chai 15ml dùng cham sóc trang trí móng làm d?p nail mi shop HNnail (son - móng tay gi?),14900,996,85,Cham sóc móng
"Kem Du?ng Tay Và Móng Vaseline, Kem Chân Vaseline  60g",53388,139,72,Cham sóc móng
[FREESHIP] D?ng C? Chà Gót Chân Móng Chân T?y T? Bào Ch?t Hai M?t Cao C?p,17900,688,145,Cham sóc móng
L?p bi?u bì lo?i b? Gel chuyên nghi?p l?p bi?u bì làm gi?m da ch?t tang tru?ng móng tay tang cu?ng exfolianting nh? nhàng hi?u qu? làm m?m móng tay Gel,54000,7,5,Cham sóc móng
"Du?ng Móng Tay Chân Ð?c Quy?n Thiên Di Du?ng C?ng Móng Giúp Móng Nhanh Dài, Kho?, Bóng, H?ng t? nhiên",15000,410,59,Cham sóc móng
"Du?ng Móng Ð?c Quy?n, Giúp Dài Móng, kho?, bóng,h?ng",30000,970,263,Cham sóc móng
"Nu?c r?a móng tay aceton Quyên chính hãng - Nu?c r?a axeton lo?i t?t t?y m?nh, s?ch nhanh, mùi d? ch?u (500ml và 1000ml)",35000,17,4,Cham sóc móng
"[Combo 1 Serum N?m Móng và 1 Kem Du?ng Móng] Giúp Móng Tay Chân Ch?c Kh?e, Ph?c H?i Móng,Làm Móng Nhanh Dài C?ng",55000,283,92,Cham sóc móng
Phá gel Jnailsay chính hãng - Dung d?ch phá gel nhanh chóng an toàn không gây h?i cho móng (15ml) Nailbnd,23410,75,8,Cham sóc móng
"Di?t n?m, dánh bay ng?a, sung khoé,du?ng móng ph?c h?i hu t?n gia truy?n HH",40000,109,12,Cham sóc móng
Dung d?ch bôi cai c?n móng tay ng?m tay mút tay WIIEEY 10ml nu?c d?ng móng tay d?t di?m tình tr?ng c?n móng tay cho c? ngu?i l?n và tr? em gi?i pháp hi?u qu? ngan ch?n c?n móng tay,120000,160,52,Cham sóc móng
Nu?c r?a móng tay QUYÊN cao c?p 500ml,39000,75,9,Cham sóc móng
"X?t tháo móng gi? YOSI  100ml - Nu?c tháo móng úp b?ng base, gel và keo không nóng móng nailbnd",32760,181,36,Cham sóc móng
Nu?c lau Gel - Nu?c r?a móng tay Nail Sina chai 60ml,15843,260,56,Cham sóc móng
[Danjinail Cuticle Oil Pen 2ml] Bút cham sóc móng tay v?i 9 thành ph?n tinh d?u t?  nhiên giúp c?p ?m và dinh du?ng cho móng kh?e,65000,22,8,Cham sóc móng
Kem h?t n?m móng giúp tái t?o móng m?i,102935,5,1,Cham sóc móng
B? Ð?u mui khoan làm móng d?u giua móng tay lo?i b? móng tay son móng gel móng tay làm móng tay móng chân dánh bóng móng tay ph? ki?n máy,54962,8,18,Cham sóc móng
6 L? N?m Móng ( T?ng 1 H? Collagen Dài Móng),139000,11,3,Cham sóc móng
"Cây l?y khóe móng cán g? nh? g?n, d? l?y khóe - Kitty Nails Supply",10000,96,12,Cham sóc móng
Phá gel l?nh COCOMINMO - Chai 15ml,15650,239,32,Cham sóc móng
Kem du?ng da tay và móng Kamill n?i d?a Ð?c,54000,404,81,Cham sóc móng
Nu?c làm m?m da Nail Blue Cross chính hãng - Kem m?m da Nail không c?n ngâm nu?c 177ml,55919,291,79,Cham sóc móng
Kem bôi ngoài da n?m móng tay chân Clothasone D Cream Thái Lan,55000,74,14,Cham sóc móng
[HCM] K?m C?t Da Thép Không G? K?M NGHIA  chuyên nghi?p xi m? cao c?p Nail k?m d?u tròn -Cozy520,28000,352,78,Cham sóc móng
[Bán S?] Combo 6 Kem Làm M?m Móng LaFuCo/Nett /Rossy,27000,33,7,Cham sóc móng
"Nu?c R?a Móng Tay Không Aceton - 100ML Chính Hãng C?m Tú Darling, T?y S?ch, Không H?i Móng, Không Mùi Khó Ch?u",28500,119,35,Cham sóc móng
Serum Lành N?m Móng Hu B?ng Nu?c An Móng Khoé Tay Chân,28500,14,2,Cham sóc móng
[HCM] KEM THOA N?.M MÓNG TAY CHÂN THÁI LAN,87900,32,6,Cham sóc móng
"Chai x?t tháo móng úp gel, chai x?t Yosi tách móng úp keo nhanh chóng d? dàng chai 100ml",27000,355,93,Cham sóc móng
"K?m b?m móng tay, móng chân QUYÊN",36000,10,4,Cham sóc móng
Kìm Da Ch?t B?ng Thép Không G? C?a Ð?c Kéo C?t Móng Tay Olecranon - D?ng C? Rãnh Móng Tay Ð?c Bi?t Ð? Cham Sóc Móng Tay,49500,56,23,Cham sóc móng
Kem bôi giúp h?t n?m móng tay móng chân KM20,45000,28,7,Cham sóc móng
Jiashi K?m C?t Móng Tay di?n t? d?ng Kéo c?t móng tay bàn tay và bàn chân kép s? d?ng thi?t b? x? móng tay ngu?i già tr? em tông do k?m c?t móng tay,33000,14,5,Cham sóc móng
"Tinh Ch?t Du?ng móng tay, chân, lo?i b? n?m móng, móng khô, th?i móng, giúp móng ch?c kh?e, sáng bóng",48280,28,19,Cham sóc móng
Set 10 cây dua móng tay 2 m?t b?ng gi?y ráp den,15000,6,2,Cham sóc móng
Tinh ch?t lo?i b? n?m móng tay chân nhanh chóng ph?c h?i móng b? hu h?ng lo?i b? n?m móng gãy quy?t v?n d? viêm mé hi?u qu? nhanh dùng cho nam và n? du?ng và kháng khu?n cho móng nuôi du?ng móng,65062,16,2,Cham sóc móng
BÔNG GÒN B?CH L?N CHUYÊN DÙNG LÀM NAIL,56000,161,30,Cham sóc móng
"B? C?t Móng Tay, B? Làm Móng Tay, B? B?m Móng 24 Món Ða Nang, B?m Dua Móng Tay 3DM, D?ng C? Làm Nail, Nail Care Cao C?p Nhi?u D?ng C? Ti?n L?i, Bo kiem cat mong tay cao cap.",39000,339,84,Cham sóc móng
"[SALE HÀNG M?I V?] Du?ng Móng Tay Chân Ð?c Quy?n Thiên Di Du?ng C?ng Móng Giúp Móng Nhanh Dài, Kho?, Bóng, H?ng (CHÍNH HÃNG)",15000,813,131,Cham sóc móng
(SIÊU B?N) C?t móng tay lo?i l?n TRIM,25000,13,2,Cham sóc móng
Siêu M?ng 0.5Cm Di Ð?ng Có Th? G?p L?i Ða Nang B?m Móng Tay T?y Tb Ch?t Kìm-D?ng C? Làm Móng Tay Cham Sóc Ngón Tay,36000,612,266,Cham sóc móng
"K?m C?t Da / C?t Móng Tay Và Chân Ch?t Li?u Thép Không R? Cao C?p - K?m C?t Da Tay Bán Nguy?t, K?m C?t Da Tay Chân, K?m C?t Móng Tay Móng Chân, D?ng C? Nail, AONISU",39000,2700,399,Cham sóc móng
Combo 4 chai dánh bay n?m móng SH ph?c h?i móng hu t?n ? móng,120000,116,33,Cham sóc móng
[HCM]Nu?c Son Du?ng Móng Eveline 8in1,179000,117,29,Cham sóc móng
"B? C?t Móng Tay Ho?t Hình 7 Món, D?ng C? Làm Móng T?i Nhà-NIEVE",35000,5,1,Cham sóc móng
Kem N?m Móng Tay Chân Giúp Tái T?o Móng M?i Ch? Sau 7 Ngày Lo?i B? Móng Hu T?n gi?i quy?t v?n d? viêm mé móng chân tay Ph?c H?i Và B?o V? Móng Hi?u Qu?,59598,31,25,Cham sóc móng
6 l? Serum N?m Móng T?ng 1 h? du?ng móng collagen,123000,5,1,Cham sóc móng
"N?m móng tay chân varisi, dung d?ch n?m móng tay chân varisi",45000,10,3,Cham sóc móng
Tinh d?u hoa khô du?ng vi?n móng - Tinh d?u du?ng móng tay Nail 15ml,19021,33,14,Cham sóc móng
4 Cây Dua Móng Tay Pha Lê Nhám Ðánh Bóng - Dua Móng Cao C?p - Siêu R?,30400,5,1,Cham sóc móng
Ð?u mài móng 5 in 1 da nang ch?t li?u TiTan siêu bén b?n không ph?m da nóng rát m?u HOT TU NAIL,69885,11,2,Cham sóc móng
Dung d?ch Acetol 1000ml,40000,56,10,Cham sóc móng
B? Bâ´m Móng Tay 19 Món Thép Không G?-Bô? Ca´t Mo´ng Tay Cao Câ´p,85312,218,72,Cham sóc móng
1 Chi?c Carbide Móng Mui Ði?n Dao Phay Làm Móng Tay Chân Burr Khoan Dua Móng Tay Bit B? Máy Cham Sóc Móng Tay,86250,79,84,Cham sóc móng
"Dung D?ch Làm M?m Da Th?a Móng Tay 30ml/60ml, T?y T? Bào Ch?t, Du?ng Da Cho Móng Tay Và Móng Chân, Làm M?m Da Ch?t",34200,456,131,Cham sóc móng
"Tinh Ch?t N?m Móng Th?o Du?c EELHOE - Serum N?m Móng EELHOE D?t Ði?m N?m, Du?ng Và Ph?c H?i Mô Móng",109000,19,10,Cham sóc móng
"Gel d?p móng IBD 56g lo?i t?t không nóng không ch?y, màu trong su?t không mùi h?c",70930,60,8,Cham sóc móng
B? D?ng C? Làm Móng Ngh? Thu?t 9/18 Cái D?ng C? Ch?i Chu?t Làm S?ch L?p Bi?u Bì Tai D?ng C? C?t Móng Tay B?ng Thép Không G? B? D?ng C? Làm Ð?p Làm Móng Tay Móng Chân,58441,303,204,Cham sóc móng
"Tinh ch?t n?m móng Eelhoe, Ph?c H?i Móng Tay Chân Lo?i B? N?m Móng Nh?p kh?u",99000,52,9,Cham sóc móng
dung d?ch m?c móng Na^´m mo´ng tay 20g C?i thi?n v?t n?t móng tay gi?m nhi?m n?m kích thích m?c móng,67181,72,51,Cham sóc móng
(COMBO 2) DU?NG MÓNG Ð?C QUY?N GIÚP MÓNG H?NG CH?C KHO? C?NG CÁP NHANH DÀI,48412,167,59,Cham sóc móng
Nu?c t?y r?a son móng tay Quyên / axeton lau son thu?ng và dùng d? ? phá son gel chai 1000ml,52900,125,47,Cham sóc móng
"Kem thoa n?m móng tay, ph?c h?i móng tay Thái Lan",75000,71,13,Cham sóc móng
DU?NG MÓNG TAY Ð?C QUY?N GIÚP C?NG MÓNG NHANH DÀI BÓNG KHO? PH?C H?I MÓNG Y?U HU T?N D? GÃY,59598,76,43,Cham sóc móng
[HCM] N?m Móng Varisi Chính Hãng,57600,129,20,Cham sóc móng
Móng chân c?t móng chân c?t chuyên nghi?p dày & móng chân m?c ngu?c k?m c?t móng tay cham sóc móng chân công c?,73480,121,213,Cham sóc móng
Kem m?m da nail Xina 200ml - Kem làm m?m da c?i thi?n tình tr?ng thô ráp,30000,9,4,Cham sóc móng
"Nu?c r?a móng cao c?p Ebelin không Aceton, t?y nhanh huong thom d? ch?u, 125ml - Hàng n?i d?a Ð?c",129500,40,15,Cham sóc móng
Oceaura d?u bi?u bì cham sóc móng dinh du?ng bút d?u móng tay s?a ch?a Làm Móng Tay Tay Ði?u Tr? móng tay Tang cu?ng s?n ph?m cham sóc B? ngan ng?a agnail son móng tay làm m?m dinh du?ng móng tay bút d?u móng tay (12ml(3ml * 4)),82408,9,6,Cham sóc móng
"Gel da nang 6in1 Born Pretty chính hãng 15ml - Son gel liên k?t 6 trong 1 base, n?i úp c?ng móng, top loang, top coat",57300,175,25,Cham sóc móng
"LazMall Siêu Sale Siêu R? Thái Lan Super Ki?m C?t Móng Chân M?c Ngu?c H?ng N?ng Chính Xác Kìm C?t Móng Tay, Móng Chân, Kìm C?t Da Ch?t B?ng Thép Không G? Siêu S?c Dành Cho Cham Sóc Móng Chuyên D?ng Hoàn H?o",134000,19,16,Cham sóc móng
C?ng móng Vinimay  chuyên d?ng cho dân làm nail 15ml NailBND,45976,12,4,Cham sóc móng
"Nu?c r?a c? Li-nail (200ml) - Dung d?ch r?a c? nail s?ch s?, tang d? b?n cho c? chuyên d?ng làm nail NailBND",54927,23,9,Cham sóc móng
RtopR G?ng Kháng Khu?n Móng Thi?t Y?u Ch?ng N?m Viêm Ngón Chân Ði?u Du?ng Ch?ng Nhi?m Trùng Viêm Móng Chân 10Ml,52000,1300,361,Cham sóc móng
"Nu?c lau gel Li-nail chính hãng có mùi thom - C?n lau gel chuyên d?ng làm móng nails chai 200ml, 500ml, 1000ml",62000,511,91,Cham sóc móng
Myyeah 15ml ma thu?t Remover Son móng Gel Làm S?ch Lo?i b? m?nh m? n? Gel ngâm t?t dèn LED UV nhanh chóng Remover dánh bóng t? làm d?ng c? làm móng ngh? thu?t,30476,99,104,Cham sóc móng
Bao tay v?i làm móng b?o v? da ch?ng tia UV khi s? d?ng dèn ho gel (gang tay làm móng)  - S? d?ng làm nail - TGN 937,15550,70,11,Cham sóc móng
( L?c 5-10 chai ) Nu?c R?a Móng Tay Móng Chân Cao C?p Nam Hi?p 40ml Làm S?ch Móng,27000,11,1,Cham sóc móng
S?i móng s?i da ch?t hai d?u inox 304 lo?i l?n và lo?i nh? - Kitty Nails Supply,32500,19,4,Cham sóc móng
Dua Móng Tay Chuyên Nghi?p B? 1/2 Chi?c Thép Không G? Ðánh Bóng Kh?i Chà Nhám D?ng C? Làm Móng Tay Cho Móng Tay Ngh? Thu?t Cham Sóc S?c Ð?p 13CM/18CM,39000,475,145,Cham sóc móng
"Combo 3 món b?m móng tay, d?ng c? c?t móng tay Trim, nhíp - bám móng tay l?n - b?m móng tay nh?",50000,5,2,Cham sóc móng
B? Vòng Chà Nhám Móng B? Vòng Mài N?p Chà Nhám Cho Máy Làm Móng Ði?n 180/120/80 Grit B? D?ng C? Mài Móng B? D?ng C? Làm Móng,37706,249,188,Cham sóc móng
3 Kích Thu?c Dua Móng Tay Inox B? Chuyên Nghi?p 2 M?t Gi?y Nhám T?y T? Bào Ch?t D?ng C? Cham Sóc Móng Tay Cho Ngón Tay & Ngón Chân,52500,102,143,Cham sóc móng
"Base, Top, C?ng móng Hoa H?ng 15ml | Son liên k?t móng chai 15ml",29000,14,1,Cham sóc móng
B?m móng tay K?m Nghia thép không g? lu?i b?ng lo?i l?n B.901,67900,29,8,Cham sóc móng
"Kem bôi d? ?ng son gel, m?n ng?a, viêm da co d?a, n?m da, n?m móng.",90000,111,20,Cham sóc móng
Tinh ch?t cho N?m Móng Tay Chân Nail Fungal Solution 10ml EEHOE th?m th?u nhanh kh?c ph?c trong th?i gian s?m,146185,295,56,Cham sóc móng
"Keo dán móng tay gi? 401 chai 20g , Lo?i 100% Stronger chính hãng",10500,13,2,Cham sóc móng
"[Chính Hãng] Du?ng Móng Tay Chân C?ng, Bóng, H?ng, Nhanh Dài, Kem Du?ng Móng Tay Chân Ch?c Kh?e Ph?c H?i Móng Hu T?n  4.8  6 Ðánh Giá 24 Ðã Bán",29000,68,11,Cham sóc móng
"Tinh Ch?t N?m Móng West Month – Serum West Month D?t Ði?m N?m, Ph?c H?i Mô Móng, Du?ng Móng Kh?e Ð?p",129000,7,5,Cham sóc móng
"Kìm c?t móng tay chân, chuyên c?t khoé c?a Ð?c",107180,55,21,Cham sóc móng
"Combo(5 chai) dánh bay n?m móng, b?ng móng, hu khoé nu?c an tay chân",150000,46,10,Cham sóc móng
"(3 ngày d? móng c?a b?n lành l?i)S?a ch?a móng tay, Tinh ch?t ph?c h?i di?t n?m móng ph?c h?i, gi?i quy?t v?n d? viêm mé móng chân tay, hi?u qu? nhanh dùng cho nam và n?",69200,14,3,Cham sóc móng
"COMBO B? D?ng C? B?m Móng 6 Món Kèm H?p Ð?ng, B? C?t B?m Dua Móng Tay Móng Chân Ða Nang",59200,13,8,Cham sóc móng
Máy mài móng tích di?n mã en101 làm nail chuyên nghi?p.,105000,6,1,Cham sóc móng
"D?u tháo móng úp SND M? chính hãng, tháo móng c?c nhanh, d? dàng - Kitty Nails Supply",32000,31,5,Cham sóc móng
[100% hi?u qu?] Kem ph?c h?i móng n?m móng viêm mé chân lo?i b? n?m móng gãy móng ch?ng các b?nh n?m móng kháng khu?n 20g dùng cho móng chân tay hi?u qu? nhanh dùng cho nam và n?,101000,18,2,Cham sóc móng
D?ng c? dua móng tay th?y tinh pha lê dành cho cham sóc móng chuyên nghi?p-INTL,19120,111,11,Cham sóc móng
"Máy Mài Móng Dua Móng Tay B?ng Ði?n Cho Tr? So Sinh Ð?n Ngu?i L?n An Toàn Không T?n Thuong Tay, T?ng Kèm Pin",66196,42,10,Cham sóc móng
"Nu?c tháo móng úp Blue Place, d?u tháo móng siêu nha",21625,16,3,Cham sóc móng
Serum n?m móng b?ng móng SH ph?c h?i móng hu t?n n?ng du?ng móng nhanh m?c dài,51750,13,1,Cham sóc móng
Nu?c phá gel Cocominmo chính hãng - phá gel l?nh không nóng móng (15ml),37000,2600,388,Cham sóc móng
"Kem M?m Da Xina 200ml Làm Nail, Làm M?m Gót Chân (Màu Ng?u Nhiên)",28000,13,2,Cham sóc móng
Nailsxinh___d?p mã 31,29500,19,5,Cham sóc móng
"Ki?m C?t Da Lu?i Bén – Màu B?c/Vàng, D?ng C? Làm Móng Chuyên D?ng",23500,6500,889,Cham sóc móng
Dung d?ch c?i thi?n n?m móng Fungus Killer nh?p kh?u t? M? chính hãng (7ml) - Nails Red,195000,13,1,Cham sóc móng
Cây khóe móng chân cán g?  giá  s?,10000,114,20,Cham sóc móng
"[HÀNG CHÍNH HÃNG] D?u, Oil du?ng vi?n móng tay cao c?p Vinimay 20ml chi?t xu?t trái cây d?ng c? móng tay - Nails Red",32000,14,1,Cham sóc móng
Tinh Ch?t N?m Móng GERMAN REMOVAL PARONYCHIA OIL - Serum GERMAN Kháng Khu?n Ph?c H?i Móng - B?o V? Móng Lo?i B? N?m Móng,125000,28,12,Cham sóc móng
"Du?ng móng tay chân d?c quy?n thiên di du?ng c?ng móng giúp móng nhanh dài, kho?, bóng, h?ng t? nhiên",15000,36,6,Cham sóc móng
"Mi?ng t?y son móng(aceton) Nail Polish Remover Sheet an toàn, ti?n d?ng, 50pcs",35000,37,8,Cham sóc móng
B? Kéo C?t Móng Tay 6 Món Cho Nam Và N? Thép Không G? Cao C?p D?ng C? Làm Móng Tay Di Ð?ng Làm Ð?p B?m Cham Sóc Ngón Tay Và Ngón Chân,45750,284,72,Cham sóc móng
[HCM]Nu?c Son Du?ng Móng Eveline 8in1 - Nga,154835,610,120,Cham sóc móng
Kem du?ng da tay và móng tay Vaseline Intensive Care 85g,70000,196,59,Cham sóc móng
B? Cham Sóc Cá Nhân 4 S?n Ph?m Thép Không G? Cao C?p K?M NGHIA MD.33,399000,535,118,Cham sóc móng
K?m C?t Móng Tay / Chân B?ng Thép Không G? Nh? Ti?n D?ng,10000,107,21,Cham sóc móng
B?m Móng Tay Chân Thép Không G? K?M NGHIA B.904 - Lu?i Cong (Lo?i Nh?),58000,30,10,Cham sóc móng
Gel Ð?nh Hình G?n Móng Up N?n T?o Hình N?i Siêu Ch?c Hi?u HUAXI 10ml 30ml,49000,188,45,Cham sóc móng
Nu?c sáng dá nail Debonder - tháo dá tháo móng nail chai 10ml,17077,15,2,Cham sóc móng
"B?m Móng Tay Cho Bé So Sinh H?a Ti?t Ðáng Yêu, Thi?t K? Nh? G?n, An Toàn Cho Bé, Ti?t Ki?m Th?i Gian Cho M?",24750,23,5,Cham sóc móng
K?m c?t da tay Inox không g? cao c?p AAA IL-01 d?ng c? làm móng tay chuyên nghi?p ngh? thu?t nail,120000,7,2,Cham sóc móng
"Serum Phu?c Hô`i Nâ´m Mo´ng, Mo´ng Hu Thô´i Tô?n Thuong Va` Biê´n Da?ng Giu´p Mo´ng Cha´c Kho?e Tra´ng Hô`ng",135000,127,86,Cham sóc móng
"Ð?u mài chân móng úp , mài g?m móng, khoé da , khoé gel , b?t da nang chu?n thép titan m? không nóng rát ph?m da TU NAIL",69189,49,1,Cham sóc móng
"Son du?ng móng tay / son du?ng ph?ng móng và du?ng tr?ng h?ng móng giúp móng ch?c kho? Quyên , chai 15ml",70000,47,11,Cham sóc móng
VTTO 2 D?ng C? S?a Móng Chân M?c Ngu?c B?ng Gel Cái/c?p D?ng C? B?o V? Cham Sóc Ch?a B?nh Móng Chân Cái D?ng C? Cham Sóc Móng Chân Ði?u Tr? Viêm Móng Chân,23760,8,11,Cham sóc móng
(JelloJello - Milk oil) Dung d?ch làm m?m da tay cao c?p Hàn qu?c Jello Jello chính hãng Milk Cuticle Remover 10ml Giúp lo?i b? l?p da chai s?n m?t cách d? dàng,245000,5,3,Cham sóc móng
Dua Móng Tay Gi?y V? Nh?a Cao C?p K?m Nghia Dg.402A 6pcs,29000,7,2,Cham sóc móng
K?m inox D01 VIA SECRET mui 16 bao s?c bén,115000,58,4,Cham sóc móng
Tinh Ch?t Du?ng Móng NAIL REPAIR Lo?i B? Vi Khu?n N?m Móng Giúp Móng Dày Và Ch?c Kh?e Hon Duy Trì Ð? Bóng C?i Thi?n Màu Móng,49000,87,19,Cham sóc móng
"Ð?u mài s? dua phá móng, phá gel x?n chuyên nghi?p - Ð?u mài Ceramicmài phá, mài m?n, mài khoé",17299,558,112,Cham sóc móng
1 B? 10 Cây Dua/Giua  Móng Tay Dành Cho M?i L?a Tu?i,20000,109,29,Cham sóc móng
10Ml Hot Ch?ng-Móng Tay Rãnh An Toàn H?u Ích Ch?ng Paronychia Relief D?u Móng Tay Tang Tru?ng Cham Sóc Móng Tay D?u S?a Ch?a cham sóc móng chân D?u,33000,67,15,Cham sóc móng
3 Tinh d?u RtopR chi?t xu?t g?ng ch?ng n?m nuôi du?ng da móng chân,132600,208,39,Cham sóc móng
"Keo 401 chuyên g?n móng, di´nh da´ dá siêu ch?c",23000,181,18,Cham sóc móng
Combo 3 S?a R?a M?t Làm S?ch Da D?u Nh? Senana 60g T?ng Ngay 1 Gel T?y T? Bào Ch?t Lô H?i Lencolor 100g,20000,23,7,S?a r?a m?t
"(Siêu Hot) S?a R?a M?t Ý Di Hatomugi B?n N?i Ð?a 170g kh? m?n, m? thâm , tr?ng da , se khít chân lông",31000,388,67,S?a r?a m?t
S?A R?A M?T HOBE BAR LÀM S?CH SÂU H? TR? SÁNG M?N DA,39000,312,58,S?a r?a m?t
"S?a R?a M?t CERAVE 236ml Dành Cho Da Khô , Da D?u, Da Nh?y C?m  - mp ch? l?n",55000,184,41,S?a r?a m?t
S?a r?a m?t senana h? tr? làm tr?ng gi?m m?n ki?m soát d?u nh?n,15000,42,13,S?a r?a m?t
S?a r?a m?t nivea MEN 100g,57230,2100,504,S?a r?a m?t
S?a R?a M?t Amino Acid HOBEBAR 50ml D?u Nh? Du?ng ?m,45000,134,26,S?a r?a m?t
"S?a r?a m?t tr?ng da cho nam Nicor du?ng ?m ki?m soát d?u, S?a r?a m?t cho nam làm s?ch sâu b?i b?n cho da luôn cang m?n - BUM STORE",28000,581,143,S?a r?a m?t
"S?a r?a m?t cho nam Oxy du?ng sáng da t? d?t sét tr?ng, d?ng kem Oxy White Complete 100g",65000,6100,511,S?a r?a m?t
[HCM]S?a R?a M?t Dành Cho Nam Ng?a M?n S?ch Nh?n Than Ho?t Tính Dabo Black Force 120ml,112000,10000,1989,S?a r?a m?t
"s?a r?a m?t cho nam da d?u m?n Nicor 150g s?a r?a m?t tr?ng da cho nam,S?a r?a m?t 150g Ki?m soát d?u gi? ?m Men làm s?ch sâu l? chân lông, Ng?a M?n, Làm Tr?ng Da, Nh? nhàng và không gây kích ?ng",60778,47,16,S?a r?a m?t
S?a r?a m?t Hazeline sáng da t? thiên nhiên 100g d? màu m?u m?i,40000,1100,233,S?a r?a m?t
( Mau moi)S?a R?a M?t Senka Nh?t CHÍNH HÃNG Du?ng Tr?ng Da Ng?a M?n Collagen Ng?a Lão Hóa S?a R?a M?t Srm Senka Cham Sóc Da Dezy,47795,1300,252,S?a r?a m?t
"CHÍNH HÃNG Su~a Ru?a Ma?t MEN Cho Nam La`m Sa?ch Sâu,Loa?i Bo? Dâ`u Nho`n Va` La`m Tra´ng Mi?n CHo Da Va`o Ban Nga`y Ðô`ng Tho`i Xo´a Mu?n,Kiê?m Soa´t Lô~ Chân Lông,S?a R?a M?t Axit Amin T?o B?t Ch?ng M?n Toàn Di?n Cho Nam Làm Tr?ng Sáng Da 150g",65249,190,53,S?a r?a m?t
"Gel r?a m?t ng?a m?n, thanh l?c da Canova Salipil Detergente - Purifying Cleansing Gel 150ml",304500,75,31,S?a r?a m?t
S?a r?a m?t Clean & Clear lo?i b? b?i b?n và bã nh?n tuýp 100g,58000,125,31,S?a r?a m?t
S?A R?A M?T CLINEVA DERMA-CLEANSER 200ML,160000,52,3,S?a r?a m?t
"3 tuýp S?a r?a m?t S?ch Bã Nh?n, Ng?a Khu?n M?n Oxy Perfect Wash, s?ch khu?n k?m soát nh?n Oxy Total Anti Acne 25g",39000,207,52,S?a r?a m?t
S?a r?a m?t nam RHYS MAN huong d?a thom mát Rhys Coconut Fresh 100ml [CHÍNH HÃNG],117810,5,1,S?a r?a m?t
"S?a R?a M?t Cosrx Low Ph Good Morning Gel Cleanser D?u Nh?, Ngan Ng?a M?n 150ml",68730,95,23,S?a r?a m?t
"S?a R?a M?t Trà Xanh Rau Má Sica White 100Ml, Ngan Ng?a Và H? Tr? Da D?u M?n - SICA WHITE",70000,78,21,S?a r?a m?t
S?a r?a m?t Men's Bioré Deep Action mát l?nh s?ng khoái 100g,57000,191,57,S?a r?a m?t
"S?a R?a M?t Dành Cho Nam Gi?i MEN'S Ki?m Soát D?u, Gi? ?m, Làm S?ch Sâu L? Chân Lông, Ng?a M?n, Tr?ng Da",39680,199,54,S?a r?a m?t
S?a R?a M?t Than Ho?t Tính DABO Charcoal Cleansing Foam 150ml THIÊN ANH COSMETIC,69000,82,24,S?a r?a m?t
"S?a R?a M?t Dành Cho Nam Gi?i MEN'S Ki?m Soát D?u, Gi? ?m, Làm S?ch Sâu L? Chân Lông, Ng?a M?n, Tr?ng Da,Làm Tr?ng Da, Du?ng ?m, Thành ph?n t? nhiên,designed for men 100g  ?",83520,15,2,S?a r?a m?t
[M?U M?I]S?a r?a m?t d?ng gel Dermalogica Special Cleansing Gel 500ml,1260000,8,2,S?a r?a m?t
"S?a r?a m?t làm tr?ng da và tàn nhang Aofuxue S?a r?a m?t làm s?ch nh? nhàng và không cang, ki?m soát d?u và làm sáng amide chính hãng",35000,21,2,S?a r?a m?t
[HCM]S?a R?a M?t Dành Cho Nam Than Ho?t Tính Kháng Khu?n S?ch Nh?n Ngan Ng?a M?n Dabo Black Force 120ml,112000,1200,240,S?a r?a m?t
S?a r?a m?t s?ch sâu dành cho Nam 300ml- tr?ng da s?ch m?n ki?m soát d?u và làm s?ch sâu,63144,33,25,S?a r?a m?t
"?Chính Hãng?S?a r?a m?t gi?m m?n Panoxyl 10% Benzoyl Peroxide,Nh? Nhàng,Dùng du?c cho c? m?t vàbody",109000,13,5,S?a r?a m?t
S?a R?a M?t Men's S?ch Sâu Ki?m D?u Du?ng ?m Tr?ng Da Lo?i B? M?n Và Thâm Nám S?m Se Khít L? Chân Lông,30450,47,20,S?a r?a m?t
S?A R?A M?T TR?NG DA HATOMUGI NH?T B?N (TUÝP 170GR) - thienduc,38000,561,101,S?a r?a m?t
"S?a R?a M?t SENANA Làm Tr?ng Da, L?y S?ch B?i B?n Ng?a , Ki?m Soát D?u, Du?ng ?m L?y S?ch B?i B?n",25000,12,2,S?a r?a m?t
S?a r?a m?t than ho?t tính GATSBY Facial Wash Strong Clear Foam s?ch d?u & gi?m nh?n 130g,66763,240,56,S?a r?a m?t
S?a R?a M?t Xmen 100g - Detox Kh?e Da. Ng?a M?n Hi?u Qu?,66000,4900,1098,S?a r?a m?t
"S?a R?a M?t D?ng Bùn Tr?ng Da Gi?m M?n NICOR 100g Thu nh? l? chân lông, Ki?m soát d?u A28",26100,772,166,S?a r?a m?t
S?a r?a m?t gi?m nám và ch?ng tàn nhang th?o du?c BAIZTON da tr?ng sáng và du?ng ?m - Hi?u qu? ch? 28 ngày s? d?ng (HOT),27600,26900,4450,S?a r?a m?t
S?a r?a m?t Hazeline Chi?t Xu?t Thiên Nhiên 100g d? màu,43000,72,10,S?a r?a m?t
S?a r?a m?t 3W Clinic Hàn Qu?c,26235,238,34,S?a r?a m?t
S?a r?a m?t Nam tr?ng da s?ch m?n NICOR 150g ki?m soát d?u và làm s?ch sâu,42800,4900,1064,S?a r?a m?t
"S?a R?a M?t M?n Ð?u Ðen Se Khít L? Chân Lông, S?a R?a M?t S?ch Sâu Ng?a M?n Sáng Da Hi?u Qu? Tuýp 100g",11100,56,4,S?a r?a m?t
POND'S S?a R?a M?t Sáng H?ng R?ng R? Pond'S Bright Beauty Serum Facial Foam,15000,204,43,S?a r?a m?t
S?a r?a m?t POND’S White beauty tr?ng h?ng r?ng r? 100g,60000,193,56,S?a r?a m?t
"S?a R?a M?t Sáng Da Ng?a M?n Làm S?ch Sâu Giúp Da M?m M?i, S?a R?a M?t T?o B?t Hút S?ch Bã Nh?n S?ch Da 100g",11100,74,10,S?a r?a m?t
S?a R?a M?t Simple Refreshing Facial Wash Dành Cho M?i Lo?i Da 150ml Hàng Nh?p M?,79000,43,11,S?a r?a m?t
S?a R?a M?t AOFSE Ðen Làm S?ch B?i B?n Gi? ?m Làm S?ch Sâu M? Tàng Nhan Cho Làn Da Tr?ng Sáng 100ml,19000,20,1,S?a r?a m?t
[ MUA 1 T?NG 1] S?a r?a m?t du?ng ?m t?i uu Hada Labo Advanced Nourish Cleanser 80g,69000,28600,4908,S?a r?a m?t
S?a R?a M?t Ngh? Nhân Sâm MELA Cho Da D?u M?n Sáng Da T?y T? Bào Ch?t 200m  - Steering Cosmetics,78000,22,6,S?a r?a m?t
S?a r?a m?t tr?ng sáng da Ki?m d?u Senana 60gr hàng n?i d?a Trung,14700,41,9,S?a r?a m?t
"S?a r?a m?t 3W Clinic Hàn Qu?c m?u m?i nhi?u lo?i Trà Xanh, Collagen, Hoa H?ng, Than Ho?t Tính, G?o 100ml - DIYO Beauty",27512,12300,1476,S?a r?a m?t
"S?a R?a M?t CERAVE 236ml Dành Cho Da Khô , Da D?u, Da Y?u Nh?y C?m , D?u Nh? , C?n B?ng Ð? PH",62000,92,21,S?a r?a m?t
S?a R?a M?t Cho Nam Nivea Men Làm Sáng Da 100g Men Extra White Deep Clean Foam,70000,234,38,S?a r?a m?t
(Mua 1 t?ng 1) Combo 2 tuyp S?a R?a M?t Làm Sáng Da HOBEBAR Facial Cleansers Skincare Amino acid,59000,5,2,S?a r?a m?t
S?a R?a M?t Bioré Thanh L?c Da - S?ch Nh?n 100g ( bioré h?ng ),38610,55,10,S?a r?a m?t
S?a r?a m?t 3W Clinic Hàn Qu?c 5 lo?i,29500,2300,212,S?a r?a m?t
S?a r?a m?t Ylee 100ml dùng cho da m?n và da nh?y c?m,130000,43,16,S?a r?a m?t
"Combo 3 Tuýp S?a R?a M?t Senana Amino s?i to, Dung Tích 60gr ,Giúp Làm S?ch Sâu Da M?t Sáng da, T?ng 1 chai T?y Da Ch?t + M?t n? du?ng da + Mi?ng r?a m?t silicon",49999,7,2,S?a r?a m?t
[Blossom] S?A R?A M?T NO PROBLEM COMPLIMENT 200ML,63000,4400,638,S?a r?a m?t
Kem R?a M?t Oxy Có H?t S?ch Sâu 100g Deep Wash Scrub Formula MÀU ÐEN,69000,175,39,S?a r?a m?t
"[COMBO 2 TUÝP] S?a R?a M?t Trà Xanh Innisfree Green Tea Foam Cleanser 150ml Hàn Qu?c Giúp Làm S?ch, Ki?m Soát Nh?n",29000,19,5,S?a r?a m?t
S?a R?a M?t Tía Tô Tony Detox 120ml - mp ch? l?n,38000,103,13,S?a r?a m?t
"(Bán Ch?y) (Bán Ch?y) S?a R?a M?t Ý Di Hatomugi B?n N?i Ð?a 170g ?y di các ch?t b? nh?n, làm s?ch m?i b?i b?n và gi?m sung t?y cho da có m?n tr?ng cá",31000,19,2,S?a r?a m?t
"[ nhu hình ] S?a R?a M?t Hazeline Ngh? Hoa Cúc 100ml - làm s?ch nh?n, giúp tr?ng da",55440,12,4,S?a r?a m?t
S?a r?a m?t 300ml s?a r?a m?t dành cho nam giúp làm s?ch sâu ki?m soát nh?n,63275,76,54,S?a r?a m?t
S?a r?a m?t kích tr?ng Alpha Arbutine collagen foaming thái lan - cholonsacdep,28710,117,27,S?a r?a m?t
"S?a R?a M?t L?u YaSamaya RCAMAR Làm S?ch Sáng Da, Detox Th?i Ð?c AHA-Hyaluronic 150ml Chính Hãng Nga",66500,5,3,S?a r?a m?t
"S?a R?a M?t CELLBIO 100ml – Làm S?ch Nám, M? Thâm, Du?ng Tr?ng Da – Chai L?n Ti?t Ki?m, D?u Nh? Cho M?i Lo?i Da",109000,16,5,S?a r?a m?t
S?a r?a m?t Xuerouyar làm tr?ng nh?t ký có s?n 100g S?a r?a m?t làm s?ch da m?t,25000,44,7,S?a r?a m?t
"(Free Ship) S?a R?a M?t Pond's Thái Lan 100ml Ð? - H?ng - Ðen , Tr?ng m?n da , Kh? M?n Thâm , S?ch sâu , Ch?ng lão hóa",72000,23,7,S?a r?a m?t
"(S-Xù) (Combo 5 Tuýp) S?a R?a M?t SENANA 60g Tr?ng m?n da , kh? thâm , ch?ng lão hóa",24000,11,1,S?a r?a m?t
"(M?u M?i) S?a R?a M?t T?o B?t SENKA Perfect Whip Nh?t B?n 120g 4 Màu, Tr?ng Sáng Da , Kh? M?n , M? Nám , C?p ?m , Ðàn H?i Da",40000,560,90,S?a r?a m?t
S?a R?a M?t Làm Tr?ng Da Ng?a M?n Senana 60g Tr? Hóa Ki?m Soát D?u Du?ng ?m L?y S?ch B?i B?n,75100,30600,4943,S?a r?a m?t
"S?a R?a M?t Sáng Da S?ch M?n Lo?i B? B?i B?n Bã Nh?n, S?a R?a M?t Du?ng ?m Da Ch?ng Lão Hoá",11110,44,5,S?a r?a m?t
S?a R?a M?t Hazeline Ngh? Hoa Cúc / Tràm Trà Rau Má | Y?n M?ch Dâu T?m,15000,83,13,S?a r?a m?t
S?a R?a M?t Nicor 120ml T?o B?t Du?ng ?m Cho Nam N? Kèm Ð?u Massage Silicon R?a S?ch S?ng Khoái,33800,490,133,S?a r?a m?t
"Su?~a ru??a ma??t tra?´ng da150g S?a r?a m?t t?o b?t làm s?ch sâu, du?ng ?m và du?ng ?m Làm sáng du?n",38000,51,15,S?a r?a m?t
S?a r?a m?t cám g?o thái lan - mp ch? l?n,38000,89,28,S?a r?a m?t
"(Mini 50ml) s?a r?a m?t Simple giúp da s?ch thoáng, trong kh?e và m?n màng",25000,31,7,S?a r?a m?t
S?a r?a m?t ng?a m?.n Compliment No Problem 200g (4 màu)dc,75000,63,16,S?a r?a m?t
HOÀN TI?N 15% - S?a R?a M?t Ngh? Nhân Sâm ME LA Cho Da D?u M?n Sáng Da T?y T? Bào Ch?t 200ml,112101,1100,208,S?a r?a m?t
(combo 2 tuýp x 50g) S?a R?a M?t NIVEA MEN Acne Oil Clear Bùn Khoáng Ng?a M?n,44000,23,4,S?a r?a m?t
S?a R?a M?t Simple Du?ng ?m Cho Da Kh?e Và M?n Màng 150ml ( tr?ng ),84150,8,3,S?a r?a m?t
[ n?i d?a Thái ] S?a R?a M?t S?ch Sâu Ng?a M?n Ponds Bright Miracle ACNE 90g M?u M?i,74250,9,1,S?a r?a m?t
"S?a r?a m?t nam , nam s?a r?a m?t cao c?p, s?ch nh?n, h?t m?n, tr?ng da, gi?m thâm,m?n d?u den 100g",55741,169,95,S?a r?a m?t
S?a r?a m?t bò Lyolan 120g,21000,292,19,S?a r?a m?t
S?a R?a M?t Cho Nam Nivea Men Sáng Da Và Ki?m Soát Nh?n 100g Extra White Oil Control Mud Foam,70000,646,110,S?a r?a m?t
SeasTina S?a r?a m?t Gel t?y t? bào ch?t th?o du?c làm s?ch da m?t Kem gel,16000,126,20,S?a r?a m?t
S?a r?a m?t Senka Perfect Whip 50g cho 1 làn da không t? v?t - M?u m?i,24750,223,38,S?a r?a m?t
"S?a R?a M?t AOFUXE - AOFUXE Cham Sóc Da Toàn Di?n, Du?ng Tr?ng, Làm M? Nám Tàn Nhang, Làn Da Tr?ng M?n",119000,57,17,S?a r?a m?t
"S?a r?a m?t 300ml Ki?m soát d?u gi? ?m Men làm s?ch sâu l? chân lông, Ng?a M?n, Làm Tr?ng Da",64040,84,65,S?a r?a m?t
S?a R?a M?t NACO 180ml,27000,220,18,S?a r?a m?t
S?a r?a m?t G?o Gold Bee,42000,3000,13,S?a r?a m?t
S?a R?a M?t G?o Civic Rice milk Thái Lan 180ml,45000,30,8,S?a r?a m?t
"[CHÍNH HÃNG] S?a r?a m?t Red Ginseng, giúp s?ch nh?n và làm s?ch da m?t, m? ph?m Ginseng.",79200,79,17,S?a r?a m?t
S?a r?a m?t Ngh? Misswhite,40000,631,73,S?a r?a m?t
S?a R?a M?t Hazeline Du?ng ?m Sáng 50g,25000,288,50,S?a r?a m?t
S?a r?a m?t Ngh? Collagen X3 Ðông Anh,55000,3100,541,S?a r?a m?t
"[Quà t?ng] S?a R?a M?t Làm Tr?ng Da, Ng?a M?n IMAGES làm s?ch sâu ki?m soát nh?n du?ng ?m tr?ng da giúp da sáng cang mu?t sáng m?n",15200,293,60,S?a r?a m?t
S?a r?a m?t Biona Ngh? tr?ng da ngan ng?a m?n tuýp 50g,28000,111,9,S?a r?a m?t
"S?a r?a m?t g?o Thái Lan Civic Rice Milk làm s?ch bã nh?n, gi?m m?n m? thâm tr?ng sáng da",29000,13,2,S?a r?a m?t
S?A R?A M?T NAM _ NIVEA MEN TINH TH? BAC,59900,5,2,S?a r?a m?t
S?a R?a M?t HAZELINE Giúp Gi?m M?n Ngh? Hoa Cúc (Tuýp 100g),43200,11,1,S?a r?a m?t
2 tuýp S?a r?a m?t g?o Civic Rice Milk 180ml- Nh?p kh?u Thailand,79000,301,91,S?a r?a m?t
"S?a R?a M?t Tía Tô K?t H?p Nano B?c, Cúc La Mã H? Tr? Gi?m Thâm Nám, Tàn Nhang, Làm Sáng Da ,Du?ng ?m Và Làm S?ch Sâu Cho Da, 100ml- Du?c Ph?m MT",59000,92,39,S?a r?a m?t
S?a r?a m?t h?t mo Beaumore 120g - 8936075240206,70000,116,14,S?a r?a m?t
S?a r?a m?t nivea MEN sáng da s?ch sâu 100g,60000,164,57,S?a r?a m?t
S?a r?a m?t cáp nu?c du?ng tr?ng Hyaluronic Acid Image 60g,10900,25,4,S?a r?a m?t
"S?a R?a M?t Làm Tr?ng Da, Ng?a M?n Senana 60g Tr? Hóa, Ki?m Soát D?u, Du?ng ?m L?y S?ch B?i B?n",15211,16,4,S?a r?a m?t
"Combo 3 S?a R?a M?t Làm Tr?ng Da, Ng?a M?n SenanaAminoAcid Giúp Tr? Hóa, Ki?m Soát D?u, Du?ng ?m L?y S?ch B?i B?n 60g",59000,232,122,S?a r?a m?t
S?a r?a m?t Bioré 100g,42000,1400,323,S?a r?a m?t
S?a r?a m?t t?y t? bào ch?t St Ives trà xanh,98999,61,19,S?a r?a m?t
S?a r?a m?t Ngh? Collagen X3 Ðông Anh - Chính hãng,52400,1100,210,S?a r?a m?t
"S?a r?a m?t du?ng tr?ng, s?a r?a m?t AOFSE sáng da ch?ng nám tàn nhang giúp da tr?ng m?n 120g",24500,62,8,S?a r?a m?t
S?a R?a M?t Ý Di Naturie Hatomugi the facial foam 170g Nh?t B?n  Moisturizing & facial washing Cosin Store,57000,3100,740,S?a r?a m?t
[Chính hãng] S?a r?a m?t ngh? m?t ong Collagen X3 M? Ph?m Ðông Anh,55000,86,18,S?a r?a m?t
[15g] Combo 8 Tuýp S?a r?a m?t làm sáng da Pon d's cang mu?t ( Hàng M?u th? Mini ),40000,19,1,S?a r?a m?t
S?a r?a m?t Hazeline Chi?t Xu?t Thiên Nhiên 100g t?ng kèm nhu hình,55000,28,12,S?a r?a m?t
"S?a r?a m?t ng?a m?n, gi?m nh?n, se khít l? chân lông 90ml Huong Th?o M?c - M? ph?m M?c Lan",29200,1700,374,S?a r?a m?t
"(Free Ship) S?a R?a M?t Simple D?ng Gel Kind To Skin Refreshing Facial Tuýp 150ml S? d?ng h?ng ngày, thích h?p v?i m?i lo?i da b?i có thành ph?n lành tính",57000,11,2,S?a r?a m?t
"S?a r?a m?t sáng da, ng?a m?n Vedette tinh d?u tràm trà (Tea Tree Oil) 100ml",114600,2800,631,S?a r?a m?t
S?a r?a m?t t?o b?t cao c?p siêu cham sóc da nh?p kh?u m?i lo?i da  ngu`a mu?n câ´p â?m ( chiê´t xuâ´t tu` rau ma´ 450ml),42030,16,10,S?a r?a m?t
[TR? GIÁ 8%] S?a R?a M?t T?o B?t To T?m Du?ng ?m Làm S?ch Sâu Cho Da Không Gây Khô Da C? M?m 150ml,95000,7800,2209,S?a r?a m?t
"[ n?i d?a Thái ] S?a R?a M?t Ng?a M?n, B?o V? Da PONDS ACNE THYMO - BHA 90g",68310,29,3,S?a r?a m?t
"S?a r?a m?t 150g Ki?m soát d?u gi? ?m Men làm s?ch sâu l? chân lông, Ng?a M?n, Làm Tr?ng Da, Nh? nhàng và không gây kích ?ng",69600,44,14,S?a r?a m?t
S?a R?a M?t Giúp Sáng Da E100 100g,44000,814,170,S?a r?a m?t
"S?a R?a M?t Seefair Làm S?ch Sâu, H? Tr? Lo?i B? Bã Nh?n, Giúp Gi?m M?n, Cân B?ng Ð? ?m, Làm Sáng Da Và H? Tr? Gi?m Thâm Nám Hi?u Qu?",139000,14,3,S?a r?a m?t
S?a r?a m?t tr?ng da ng?a m?n n?i d?a Nh?t B?n Hatomugi h?t ý di 130G chính hãng - S?a r?a m?t ngan ng?a m?n  Hatomugi - srm Ý Di - Sunlady shop,54000,8800,2031,S?a r?a m?t
S?a R?a M?t Tr?ng Da Alpha Arbutin 3 Plus Collagen Foaming Cleanser 120ml Thái Lan,70000,17,2,S?a r?a m?t
S?a r?a m?t ng?a m?n tr?ng da gi?m nh?n - S?a r?a m?t Nano White 80ml - M? ph?m M?c Lan,25700,8200,2044,S?a r?a m?t
S?a r?a m?t trà xanh m?u m?i - mp ch? l?n,30800,95,9,S?a r?a m?t
"S?a R?a M?t Teenilicious Acne Face Cleanser Giúp Gi?m M?n Ð?u Ðen, M?n Ð?u Tr?ng Dành Cho Da M?n và Nh?y C?m - Tuýp 60g",140000,86,33,S?a r?a m?t
"S?a R?a M?t AOFSE H? Tr? Gi?m Thâm Nám-Tàn Nhang, Gi?m Ti?t Bã Nh?n Remove Freckle Facial 100g",37800,18,3,S?a r?a m?t
S?a r?a m?t NIVEA n? 100ml d? lo?i,65000,259,54,S?a r?a m?t
S?a r?a m?t Rau má & Di?p cá herbario 200ml s?ch m?n thu?n chay,108000,5300,1122,S?a r?a m?t
S?a r?a m?t Collagen X3 ngh? m?t ong m? ph?m Ðông Anh chính hãng tr?ng da ngan ng?a m?n 100ml,75000,816,203,S?a r?a m?t
S?a r?a m?t cá tuy?t L'OUG 350gram.,58000,33,6,S?a r?a m?t
S?a R?a M?t Bio-essence Du?ng Da Tuoi Sáng Cang M?ng 100g Bio Bird’s Nest Collagen Cleanser Hasaki S?n Ph?m Chính Hãng,149000,40,11,S?a r?a m?t
"S?a R?a M?t CERAVE 236ml Dành Cho Da Khô , Da D?u, Da Nh?y C?m , D?u Nh? , C?n B?ng Ð? PH",62000,67,13,S?a r?a m?t
S?a r?a m?t ng?a m?n tr?ng da gi?m nh?n Nano White 80ml - M? ph?m M?c Lan,25900,5900,1239,S?a r?a m?t
S?a r?a m?t nhân sâm Hàn Qu?c 130ml,24000,734,100,S?a r?a m?t
S?a r?a m?t Hazeline Ngh? Hoa Cúc,29000,38,5,S?a r?a m?t
(100g) S?a r?a m?t Acnes Vitamin ki?m soát nh?n ngan ng?a m?n 100g,55000,58,7,S?a r?a m?t
S?a R?a M?t ST.Ives T?y T? Bào Ch?t 170g C?a M?,105000,11,2,S?a r?a m?t
[Hoàn ti?n 20%] S?a R?a M?t Ý Di Hatomugi Naturie 130g và 170g Nh?t B?n - Cleasing & facial washing - Shop Hong1008,45000,2500,555,S?a r?a m?t
"S?a R?a M?t Ki?m D?u Jomtam Amino Acid 100g Làm M?n S?ch Sâu, S?a R?a M?t D?u Nh? Lo?i B? M?n Ð?u Ðen T?o B?t C?p ?m",30000,12,4,S?a r?a m?t
S?a R?a M?t Nam Sáng Da Gi?m M?n 160g dành cho nam giúp sáng da s?ch sâu ki?m d?u gi?m m?n thâm hi?u qu?,35686,146,80,S?a r?a m?t
Tuýp S?a R?a M?t Nhân Sâm Hàn Qu?c 130ml,24000,132,13,S?a r?a m?t
S?a r?a m?t Nh?t Perfect,32000,152,32,S?a r?a m?t
S?A R?A M?T TRÀ XANH GREEN TEA 3W CLINIC HÀN QU?C 100ML,49500,16,1,S?a r?a m?t
S?a R?a M?t POND'S 100g d? lo?i,62000,1800,365,S?a r?a m?t
"BREYLEE  S?a r?a m?t 100g, làm s?ch nh? nhàng, ki?m soát d?u và ng?a m?n",75000,11,2,S?a r?a m?t
S?A R?A M?T NAM GI?I ÐÁNH BAY M?N LÀM DA TR?NG SÁNG KI?M D?U 60g,34800,243,58,S?a r?a m?t
S?a R?a M?t/Kem du?ng Sáng H?ng R?ng R? Pond'S Bright Beauty Serum Facial Foam,19000,41,8,S?a r?a m?t
"S?a R?a M?t AOFSE Gi?m Thâm Nám-Tàn Nhang, Làm S?ch Da, Gi?m Ti?t Bã Nh?n Remove Freckle Facial 100g",30100,20,5,S?a r?a m?t
"S?a R?a M?t Sáng Da, Gi?m M?n AMINO ACID 60g dành cho nam giúp sáng da, s?ch sâu, ki?m d?u, gi?m m?n thâm hi?u qu?",52635,44,3,S?a r?a m?t
[ n?i d?a thái ] S?a R?a M?t Ngan Ng?a Lão Hóa Cao C?p PONDS Age Miracle 90g,88000,8,4,S?a r?a m?t
"[MUA LÀ CÓ QUÀ] S?a R?a M?t Simple Lành Tính Cho Da Nh?y C?m, Giúp Da S?ch Thoáng 150ml Kind To Skin Refreshing Facial Wash Gel  Hasaki S?n ph?m chính hãng",109000,1500,214,S?a r?a m?t
[HCM]Gel r?a m?t ki?m soát nh?n ngan ng?a m?n Acnes Oil Control Cleanser 100g,60000,156,31,S?a r?a m?t
S?a r?a m?t E100 ngh? ng?a m?n thâm 50g 100g,27000,557,65,S?a r?a m?t
"S?a R?a M?t Tr?ng Da XUEROUYAR - S?a R?a M?t Xuerouyar S?ch Sâu, Hút Bã Nh?n, Gi?m M?n Ð?u Ðen, Du?ng Sáng Da",109000,51,11,S?a r?a m?t
S?a r?a m?t trà xanh (m?u m?i),30800,151,32,S?a r?a m?t
"[ chính hãng ] S?a R?a M?t Tr?ng Da, Ng?a M?n NGUY?N DUONG Ðông Y 100ml",34650,162,29,S?a r?a m?t
S?a R?a M?t Tr?ng Da S?ch Nh?n Nivea White Oil Clear 100g,65000,15,4,S?a r?a m?t
"(Free ship) (Combo 5 Tuýp) S?a R?a M?t SENANA 60g Làm Tr?ng Da S?ch Sâu , Tr?ng m?n , se Khít Chân lông",24000,17,3,S?a r?a m?t
[HCM]S?a r?a m?t ch?ng lão hóa da 3 in 1 Dabo Collagen Natural Rich Foam Cleanser ( 180ml ),115000,431,126,S?a r?a m?t
S?a r?a m?t ki?m soát nh?n ngan ng?a m?n d?ng gel Acnes Oil Control Cleanser 100g,60000,11600,1858,S?a r?a m?t
S?a r?a m?t kích tr?ng Alpha Arbutine collagen foaming thái lan - cuahangthienduc,42000,117,18,S?a r?a m?t
S?a R?a M?t Tr?ng Da Ki?m D?u Aron Thái Lan Chi?t Xu?t Bo Và S?a G?o 210g,49000,39,2,S?a r?a m?t
GEL R?A M?T HAZELINE NG?A M?N TRÀM TRÀ CICA 100G,16000,216,37,S?a r?a m?t
"(S-Xù) S?a r?a m?t A.OFSE 120g c?p ?m, Tr?ng Da , Ch?ng Lão Hóa , Kh? Nám tàn Nhang",26000,15,5,S?a r?a m?t
S?a R?a M?t Du?ng Tr?ng Xóa Nám Tàn Nhang AOFSE - S?a AOFUXE Du?ng Da M?t Giúp Da Sáng M?n AOFSE,119000,46,7,S?a r?a m?t
S?a r?a m?t Simlpe dành cho da nh?y c?m - mp ch? l?n,29000,13,3,S?a r?a m?t
S?a r?a m?t làm sáng da Pond's Pure Bright Beauty,44000,19,8,S?a r?a m?t
S?a r?a m?t ng?a m?n gi?m nh?n sáng da chi?t xu?t cà phê và tinh d?u Jojoba - S?a r?a m?t Nano White 150ml - M? ph?m M?c Lan,45600,92,30,S?a r?a m?t
S?a R?a M?t Tinh Ch?t S?a Bò Tuoi E100 80Ml,31000,1500,253,S?a r?a m?t
S?a R?a M?t Simple Gel Kind To Skin Refreshing Facial Wash Gel 150ml Anh Qu?c,78000,5,2,S?a r?a m?t
S?a R?a M?t Tr?ng Da Alpha Arbutin Foaming Cleanser 120ml,43400,57,10,S?a r?a m?t
S?a r?a m?t gi?m nám và ch?ng tàn nhang th?o du?c jJOMTAM da tr?ng sáng và du?ng ?m - Hi?u qu? ch? 28 ngày s? d?ng (HOT) 100g,60000,755,210,S?a r?a m?t
S?a r?a m?t trà xanh Innisfree Green Tea Foam Cleanser 150ml Hàn Qu?c,64000,245,55,S?a r?a m?t
S?a r?a m?t Ponds h?ng sáng da 100g hai màu,60000,10,5,S?a r?a m?t
"Kem S?a  R?a M?t Ng?a M?n KOZIN Chi?t Xu?t Than Ho?t Tính Ng?a M?n, Cho b?n làn da sáng m?n",35100,85,19,S?a r?a m?t
S?a r?a m?t ACNE - AID LIQUID CLEANSER 100ml - Cho Da Nh?n Và M?n,165000,350,75,S?a r?a m?t
S?a r?a m?t Simple lành tính s?ch thoáng - cho da nh?y c?m 150ml,55000,7,2,S?a r?a m?t
"[MUA LÀ CÓ QUÀ] S?a R?a M?t Cetaphil D?u Nh? Không Xà Phòng m?u m?i 1000ml, 500ml, 250ml, 125ml Hasaki S?n ph?m chính hãng",369000,109500,15511,S?a r?a m?t
S?a r?a m?t rau c? Super Vegitoks Cleanser Wonder Bath Hàn Qu?c chai 300ML,175230,40,14,S?a r?a m?t
S?a R?a M?t D?u Nh? Cetaphil Gentle Skin Cleanser Hasaki S?n ph?m chính hãng,53000,11,2,S?a r?a m?t
"S?a R?a M?t Nam Gi?m M?n 30Shine Du?ng Tr?ng Da 80g - S?a R?a M?t Tràm Trà Dr.FORSKIN Dành Cho Da D?u, Da H?n H?p, Da m?n",228504,1900,406,S?a r?a m?t
S?a R?a M?t Cho Da D?u M?n Nh?y C?m La Roche Posay Effaclar Purifying Foaming 15ml-Hàng Mini Size,16168,306,51,S?a r?a m?t
"S?a r?a m?t tr?ng da cho nam Nicor du?ng ?m ki?m soát d?u, S?a r?a m?t cho nam làm s?ch sâu b?i b?n cho da luôn cang m?n",33000,117,17,S?a r?a m?t
[VOUCHER 10K] [VB] B? 2 S?a r?a m?t du?ng tr?ng Hada Labo Perfect White Tranexamic Acid Cleanser 80g,153000,6000,386,S?a r?a m?t
S?a r?a m?t ngan ng?a m?n Acnes Creamy Wash 100g,62000,14000,1582,S?a r?a m?t
S?a R?a M?t H?t Ngh? Có H?t Massage E100 100Gr,40000,771,218,S?a r?a m?t
S?a r?a m?t Vitamin E 190gr (Thái Lan),42000,79,17,S?a r?a m?t
"(M?u M?i) S?a R?a M?t Pond's Ð? Thái Lan Tuýp 100g S?ch Nh?n , Tr?ng Da , Ch?ng Lão Hóa , C?p ?m , M?m M?n Da Pond",98000,84,16,S?a r?a m?t
S?a r?a m?t Cosrx Low pH Good Morning Gel Cleanser 50ml Chi?t Xu?t Trà Xanh,113100,34,27,S?a r?a m?t
"S?a r?a m?t xóa m?n, du?ng ?m, tr?ng da, thu nh? l? chân lông 100ml - Cleanser Skin KARMEL (KAMEL)",304000,326,74,S?a r?a m?t
[VOUCHER 10K] [VB] B? 2 S?a r?a m?t du?ng ?m t?i uu Hada Labo Advanced Nourish Cleanser 80g,137000,3400,304,S?a r?a m?t
[HCM]S?A R?A M?T NG?A M?N TR?NG DA HAZELINE NGH? KIWI 50G!,34000,66,12,S?a r?a m?t
S?a r?a m?t BERENACO 150ml chính hãng,40000,11,3,S?a r?a m?t
S?a R?a M?t E100 Ngh? - S?a Bò - Dua Leo - Nha Ðam,35000,42,13,S?a r?a m?t
S?a R?a M?t Nhau Thai Cu?n R?n C?u Nh?t B?n Fengbiyi 130ml,21750,399,56,S?a r?a m?t
"[Chính Hãng soHERBs-Date 2028] Cao M?n Kh? Qua soHERBs, S?a R?a M?t soHERBs, Serum Kh? Qua soHERBs tinh ch?t kh? qua Cho Da D?u M?n , Nh?y C?m giúp gi?m M?n M? Thâm , C?p ?m Làm S?ch Da , Se Khít L? Chân Lông, Du?ng Nhan",85000,1900,402,S?a r?a m?t
[MUA LÀ CÓ QUÀ] Kem R?a M?t Hada Labo S?ch Sâu Du?ng ?m 80g Hasaki S?n Ph?m Chính Hãng,69000,3600,775,S?a r?a m?t
"[MINISIZE 50ml] S?a R?a M?t LA ROCHE-POSAY Effaclar Purifying Foaming Gel T?o B?t Dành Cho Da D?u, Nh?y C?m",50000,192,37,S?a r?a m?t
S?a r?a m?t trà xanh 3W Clinic Green Tea,35000,41,4,S?a r?a m?t
S?a r?a m?t St.Ives 170g Trà xanh I Cafe & D?a I Huong Mo I Bo & M?t ong I Hoa H?ng t?y t? bào ch?t - TD Shop,110880,2900,558,S?a r?a m?t
S?a r?a m?t Cerave n?i d?a Pháp 236ml - Kisoha COSMETIC,116000,40,18,S?a r?a m?t
"(Bán Ch?y) S?a R?a M?t Ý Di Hatomugi B?n N?i Ð?a 170g Kh? M?n , M? Thâm , Tr?ng M?n Da",31000,176,34,S?a r?a m?t
[Hoàn ti?n 20%] (100g) S?a R?a M?t Da D?u M?n Cho Nam Ng?a M?n Làm Tr?ng Da Du?ng ?m Thành ph?n t? nhiêndesigned for men,45440,1200,300,S?a r?a m?t
"S?a R?a M?t Cho Da Nh?n M?n Jomtam Amino Acid 100g T?o B?t C?p ?m, S?a R?a M?t S?ch Sâu Ng?a M?n Ð?u Ðen Làm Sáng Da TIDO, TIDO",34000,57,8,S?a r?a m?t
S?a R?a M?t Ng?a M?n Sáng Da Reihaku Hatomugi 130Gr,55000,658,231,S?a r?a m?t
[TR? GIÁ 8%] S?a R?a M?t T?o B?t M?m M?n Làm S?ch Sâu Rau Má Cho Da M?n Da D?u Nh?y C?m C? M?m 150ml,120000,3300,1019,S?a r?a m?t
S?a r?a m?t d?ng gel La Roche-Posay,113100,1200,159,S?a r?a m?t
[Hoàn Ti?n 20%] S?a r?a m?t t?o b?t  dâu tây có d?u c? làm s?ch da ngan ng?a m?n d?u den làm tr?ng và c?p ?m cho làn da 120g,33930,33,8,S?a r?a m?t
S?a R?a M?t Chi?t Xu?t Ý Di Làm Sáng Da Reihaku Hatomugi 170Gr,57000,1300,360,S?a r?a m?t
S?a r?a m?t Jomtam tr?ng da n?i d?a trung,23500,43,3,S?a r?a m?t
S?a R?a M?t E100 Bò - Ngh? - Nha Ðam L?n 100G 80G - S?ch Sâu Sáng M?n C?p ?m,37000,11,2,S?a r?a m?t
"S?a R?a M?t Trà Xanh Innisfree Green Tea Foam Cleanser 150ml Hàn Qu?c Giúp Làm S?ch, Ki?m Soát Nh?n ..",35000,11,3,S?a r?a m?t
S?a R?a M?t Cho Nam S?ch Nh?n Ng?a M?n Sáng Da Than Ho?t Tính MAN,95000,43,15,S?a r?a m?t
S?a R?a M?t Nha Ðam Làm S?ch Da D?u Nh? C?p ?m ROREC 100ml - Phù H?p V?i Da Khô Nh?y C?m,51330,38,6,S?a r?a m?t
S?a R?a M?t Trà Xanh Innisfree Green Tea- chính hãng Hàn Qu?c- 150g,75000,153,38,S?a r?a m?t
S?a r?a m?t ng?a M?n Thâm ch?ng Lão hóa Tía Tô Havigold 140g (tím-tr?ng),79900,10,2,S?a r?a m?t
S?a r?a m?t senka 120g,78750,6,3,S?a r?a m?t
S?a r?a m?t bò Lyolan 120g – chuyensithienduc,24750,21,1,S?a r?a m?t
"S?a r?a m?t sâm d? Hàn Qu?c tang s?c t? cho da, kéo dài tu?i th? và tr? hóa các t? bào da.",80000,13,2,S?a r?a m?t
Kem R?a M?t OXY DEEP WASH S?ch Sâu 100g d? màu,62000,10,3,S?a r?a m?t
S?a r?a m?t cho nam Oxy s?ch sâu gi?m m?n ki?m soát nh?n d?ng kem Oxy Total Anti Acne 100g,70000,5300,793,S?a r?a m?t
S?a R?a M?t Làm H?t M?n Ðánh Bay B?i B?n M?n Trên Da Cho Nam Gi?i 150g,43500,922,236,S?a r?a m?t
S?a r?a m?t t?o b?t lành tính h? tr? ng?a m?n 180ML Chifure Foaming Face Wash,149000,19,5,S?a r?a m?t
[HCM]S?a r?a m?t E100 tinh ch?t s?a bò 80ml,30000,108,13,S?a r?a m?t
"S?a R?a M?t Nha Ðam T?o B?t M?n SADOER 120ML, Du?ng ?m, C?i Thi?n L? Chân Lông, Làm S?ch Hoàn Toàn B?i B?n Và Bã Nh?n",44900,90,35,S?a r?a m?t
[HCM]Combo 2 S?a R?a M?t M?n Và Ch?ng M?n Miss White Tigon 100g,80000,149,19,S?a r?a m?t
S?a R?a M?t LA ROCHE POSAY Effaclar Foaming Gel M+ dành cho da d?u nh?y c?m 50mL/ 200mL/ 400mL,49000,1500,325,S?a r?a m?t
S?a r?a m?t Bo Whitening Oil Control,48000,285,31,S?a r?a m?t
[CHÍNH HÃNG]  S?a r?a m?t vàng 24k Sum 37 tái sinh da du?ng da Su:m37 Losec Summa Elixir Foam Cleanser 60ml,139000,237,47,S?a r?a m?t
[ n?i d?a Thái ] S?a R?a M?t Tr?ng Da Ng?a Lão Hóa PONDS Age Miracle 90g M?u M?i,87120,143,42,S?a r?a m?t
S?a R?a M?t Pond H?ng,69000,40,6,S?a r?a m?t
[Hoàn Ti?n 20%] S?a r?a m?t t?o b?t có d?u c? làm s?ch da ngan ng?a m?n d?u den làm tr?ng và c?p ?m cho làn da 120g,109563,187,83,S?a r?a m?t
"[Chính hãng - Có tem ph?] S?a r?a m?t Compliment No Problem ch?a Salicylic Acid, Tea Tree 200ml",85000,25,1,S?a r?a m?t
S?a r?a m?t nhau thai c?u t? bào g?c nh?t 130gr,25000,216,28,S?a r?a m?t
"S?a R?a M?t Simple Refreshing Facial Wash 150ml - D?u Nh? Cho Da D?u M?n, Nh?y C?m - Simple - cuahnagthienduc",75000,90,30,S?a r?a m?t
[TEM CTY] S?a r?a m?t ISIS Pharma Teen Derm Gel 40mL & 150mL - Gel r?a m?t gi?m nh?n và ngan ng?a m?n,194000,32,3,S?a r?a m?t
S?a R?a M?t NIVEA N?,65000,11,3,S?a r?a m?t
"s?a r?a m?t h?t s?ch m?n, làm tr?ng da d?p không tì v?. giành cho m?i lo?i da",48000,12,3,S?a r?a m?t
"S?a R?a M?t Vitamin C Niacinamide - S?a R?a M?t Vitamin C Giúp Sáng Da, S?ch M?n, Giúp Du?ng ?m Cho Da Niacinamide",209000,19,9,S?a r?a m?t
S?a R?a M?t NIVEA MEN s?ch sâu ki?m soát nh?n 100g,69195,30,9,S?a r?a m?t
(CHÍNH HÃNG) S?A R?A M?T H?NG SÂM HÀN QU?C 170ml HONG COSMETIC,139000,54,10,S?a r?a m?t
[HCM]S?a r?a m?t ngan ng?a lão hoá Ponds Age Miracle 90g,111474,22,7,S?a r?a m?t
S?a r?a m?t ý di Reihaku Hatomugi Cleansing Foam Nh?t B?n,59000,9000,1567,S?a r?a m?t
S?a r?a m?t sâm hàn qu?c - mp ch? l?n,30800,30,3,S?a r?a m?t
S?a r?a m?t Simple Kind To Skin Refreshing Facial Wash Gel 150ml - Chính Hãng..,69300,1100,256,S?a r?a m?t
S?a r?a m?t nh?t Senka - mp ch? l?n,32000,22,4,S?a r?a m?t
S?a r?a m?t ch?ng nh?n tác d?ng sâu Clean & Clear 100g - 8850007650188,70000,110,24,S?a r?a m?t
S?a R?a M?t PondS Ch?ng Lão Hóa - 100G,100000,9,3,S?a r?a m?t
Combo 10 tuýp S?a r?a m?t làm sáng da Pond's 15g cang mu?t ( Hàng M?u th? Mini ),48510,7,2,S?a r?a m?t
S?a R?a M?t Hazeline Chi?t Xu?t Thiên Nhiên 100g M?u M?i,49000,123,25,S?a r?a m?t
S?a r?a m?t ta? b?t mu?i bi?n MENS BISUTANG  500ml Ki?m D?u Hi?u Qu? Gi? Thoáng Mát T?y T? Bào Ch?t Ch?ng Ng?a Thu Nh? L? Chân Lông Làm Sáng Da Da M?m M?n Gi? ?m Lâu Không Làm Khô Da Da S?ng Khoái C? Ngày,86130,26,9,S?a r?a m?t
S?a r?a m?t da d?u mini Cerave Foaming Cleanser For Normal to Oily Skin,99000,41,9,S?a r?a m?t
"(Free Ship) S?a R?a M?t NHau Thai C?u Fengbiyi Nh?t b?n 130g , Tr?ng Da, S?ch B?i B?n , xóa Thâm M?n",47000,23,9,S?a r?a m?t
S?a R?a M?t Rau C? Super Vegitoks Cleanser Chosungah 300ml c?a Hàn Qu?c - có nhi?u màu - Shop Hong1008,209000,139,36,S?a r?a m?t
S?a r?a m?t làm tr?ng da se khít l? chân lông tái t?o da Ohio ?c sên newtoday d? gi?y,48600,11,2,S?a r?a m?t
"( CAO C?P) S?a R?a M?t Du?ng Tr?ng Da M?t JOMTAM Làm S?ch Sâu, ÐÁNH BAY M?N Ki?m Soát D?u, Thu Nh? L? Chân Lông",60000,517,131,S?a r?a m?t
S?a R?a M?t Tra´ng Da Sa?ch Mu?n Kiê?m Soa´t Dâ`u Cho Nam Gio´i Chiê´t Xuâ´t Bu`n Khoa´ng Nu´i Lu?a,69600,203,80,S?a r?a m?t
"S?a r?a m?t cho nam Oxy s?ch d?u nh?, ki?m d?u d?ng kem Oxy Oil Acne Wash 100g",78000,204,74,S?a r?a m?t
"Gel R?a M?t Compliment No Problem Tea Tree, BHA & Zinc, AHA-BHA-PHA, Gi?m M?n Dành Cho Da Nh?y C?m, 200ml",75000,271,48,S?a r?a m?t
Combo 2 S?a R?a M?t M?n Và Ch?ng M?n Miss White Tigon 100g,79000,712,86,S?a r?a m?t
(HCM) S?a S?a M?t Ngan Ng?a Lão Hóa Gi?m N?p Nhan Senka Perfect Whip Collagen.,75000,753,187,S?a r?a m?t
M?u m?i - S?a r?a m?t hazaline 100g chính hãng,33000,27,3,S?a r?a m?t
"[Chính Hãng] S?a R?a M?t Cerave - S?ch Sâu, D?u Nh?, Không Kích ?ng - Dành cho Da D?u, Da Khô, Da Nh?y C?m - 236ml, 473ml",340000,42,14,S?a r?a m?t
S?a r?a m?t Clean & Clear ng?a m?n d?u den (100g),67200,647,100,S?a r?a m?t
S?a r?a m?t nam than den ho?t tính sáng da Nivea Men Deep White Oil Clear 100g,85000,633,107,S?a r?a m?t
S?a r?a m?t nhau c?u - mp ch? l?n,30000,12,2,S?a r?a m?t
"S?a R?a M?t SENANA Whitening Sáng Da S?ch M?n M? Thâm, S?a R?a M?t Du?ng ?m Ch?ng Lão Hóa M?m M?n Ð?u Màu",16800,9,3,S?a r?a m?t
S?a r?a m?t tr?ng da Hazelin t? nhiên 50g ng?a m?n,23000,37,7,S?a r?a m?t
CHÍNH HÃNG Su~a Ru?a Ma?t Ta?o Bo?t La`m Sa?ch Sâu h?t m?n Câ´p Â?m Loa?i Bo? La`n Da Khô Ra´p Va` La`m Sa?ch Lô~ Chân Lông 150g,47850,52,17,S?a r?a m?t
S?a r?a m?t ý di Hatomugi Acne care & facial washing 130g Nh?t B?n - ngan ng?a m?n du?ng ?m và sáng da - Shop Hong1008,52000,1100,217,S?a r?a m?t
S?a r?a m?t LroCre ngan ng?a m?n du?ng tr?ng da 100ml,145000,39,4,S?a r?a m?t
S?a R?a M?t Sáng Da Ng?a M?n HAZELINE 100g (t?ng 40g),61500,12,4,S?a r?a m?t
"S?a R?a M?t Hunmui Sáng Da Ng?a M?n Hút Bã Nh?n, S?a R?a M?t Ch?ng Lão Hoá San Ch?c Da M?n Màng",51500,5,2,S?a r?a m?t
S?a R?a M?t Tía Tô Tony Detox 120ml - thienduc,35000,233,32,S?a r?a m?t
S?a R?a M?t 3W Clinic Cleansing Foam 100ml Du?ng Sáng Da Hàn Qu?c shop Cosin Store,42000,224,64,S?a r?a m?t
"S?a R?a M?t Senka T?o B?t Chi?t Xu?t To T?m Tr?ng 120g, 50g | Hasaki | S?n ph?m chính hãng",45000,274,62,S?a r?a m?t
S?a R?a M?t Fabessentials Trái Cây Giàu Vitamin C 100ml,115000,11,2,S?a r?a m?t
Mini 40ml - S?a r?a m?t Ohui Miracle d?ng kem làm s?ch d?u nh?,64000,16,2,S?a r?a m?t
"S?a r?a m?t NO PROBLEM Compliment ch?a Salicylic Acid, Tea Tree 200ml",85000,809,199,S?a r?a m?t
R?a m?t cocoon 310ml,167000,5,2,S?a r?a m?t
S?a r?a m?t pure skin,139000,93,15,S?a r?a m?t
S?a R?a M?t Làm Tr?ng Da Và Du?ng ?m Làm S?ch Sâu,23577,6,1,S?a r?a m?t
S?a r?a m?t Avici s?ch sâu tr?ng da ng?a m?n 60g n?i d?a trung,18500,1700,310,S?a r?a m?t
"Gel R?a M?t Compliment No Problem - Làm S?ch Sâu, Gi?m M?n 200ml",81000,238,237,S?a r?a m?t
"CHÍNH HÃNG Su~a Ru?a Ma?t MEN Cho Nam La`m Sa?ch Sâu, Loa?i Bo? Dâ`u Nho`n Va` La`m Tra´ng Mi?n CHo Da Va`o Ban Nga`y Ðô`ng Tho`i Xo´a Mu?n, Câ´p Â?m, Kiê?m Soa´t Lô~ Chân Lông",73950,59,20,S?a r?a m?t
S?a r?a m?t c?p ?m và cang m?n da L'Oreal Paris Revitalift Hyaluronic Acid 100ml,131500,11600,2179,S?a r?a m?t
S?a r?a m?t Cerave n?i d?a Pháp 236ml - YOUDO COSMETIC,145000,15,3,S?a r?a m?t
S?a R?a M?t Ngh? Thorakao Ng?a M?n 100Gr,53000,117,27,S?a r?a m?t
S?a r?a m?t sáng da L'Oreal Paris Glycolic (AHA) Bright 100ml,127500,12800,2418,S?a r?a m?t
S?a R?a M?t Ponds Bright Miracle sáng da 100gr ( màu h?ng),79000,56,13,S?a r?a m?t
S?a R?a M?t H?t Ngh? Thorakao Ng?a M?n 50G/100G,66000,896,227,S?a r?a m?t
S?a r?a m?t cho nam s?ch d?u nh?n & ng?a m?n Men Stay Simplicity Facial Cleanser 100g,144000,1600,403,S?a r?a m?t
[Trial size] S?a r?a m?t Sen H?u Giang dành riêng cho làn da m?ng manh & r?t nh?y c?m 50ml,66000,577,93,S?a r?a m?t
Kem R?a M?t Làm S?ch Sâu Có H?t Deep Wash Scrub Formula Oxy 100Gr,76000,784,144,S?a r?a m?t
S?a r?a m?t Garnier T?o B?t Light Complete Brightening 100ml,69600,18,4,S?a r?a m?t
s?a r?a m?t simple dành cho da nh?y c?m và an toàn d?u nh? nh?t,29000,96,14,S?a r?a m?t
"S?a r?a m?t hoa vi?t b7 s?ch da,ng?a m?n",45000,10,4,S?a r?a m?t
S?a r?a m?t ?c sên one today ng?a lão hoá,18000,292,37,S?a r?a m?t
S?a r?a m?t Cellbio du?ng tr?ng xóa m? thâm nám,150000,66,14,S?a r?a m?t
"S?a r?a m?t Simple d?u nh? giúp da s?ch thoáng, không ch?a xà phòng 150ml",90000,21,2,S?a r?a m?t
S?a r?a m?t cho nam Oxy s?ch sâu gi?m nh?n d?ng kem có h?t massage Oxy Deep Wash 100g,70000,10800,1522,S?a r?a m?t
S?a r?a m?t Hatomugi Acne care & facial washing 130g Nh?t B?n t? ý di ngan ng?a m?n du?ng ?m và sáng da Cosin Store,58000,863,280,S?a r?a m?t
S?a R?a M?t Neutrogena Pink Grapefruit Foaming Scrub (124m_ 198ml),257400,10,1,S?a r?a m?t
S?a R?a M?t D?ng Gel D?u Nh? Cosrx Low pH Good Morning Gel Cleanser 150ML,86130,19,8,S?a r?a m?t
S?a R?a M?t 3W Clinic Hàn Qu?c 100ml,27000,116,11,S?a r?a m?t
m?u m?i S?a R?a M?t Pond's Age Miracle Ngan Ng?a Lão Hóa Age Miracle 90g,109000,5,1,S?a r?a m?t
S?a R?a M?t JOM TAM Làm Tr?ng Da Ng?a M?n  Tr? Hóa Ki?m Soát D?u Du?ng ?m L?y S?ch B?i B?n 100ml,54172,373,114,S?a r?a m?t
S?a R?a M?t Sáng Da S?ch M?n Amino Acid YIROUYI 60g L?y S?ch B?i B?n Giúp Da Tr?ng Sáng Du?ng ?m A121,12400,2400,421,S?a r?a m?t
S?a r?a m?t sâm hàn qu?c,35000,639,87,S?a r?a m?t
"S?a r?a m?t ngh?, nha dam, dua leo",26500,28,5,S?a r?a m?t
S?a r?a m?t trà xanh Gold Bee 100gr,35800,993,315,S?a r?a m?t
S?a r?a m?t Simlpe - mp ch? l?n,29000,7,1,S?a r?a m?t
"S?a R?a M?t Tái Sinh Whoo Soft Foam Cleanser 2ml-Làm S?ch Sâu, Tái Sinh Da, Dùng Cho Da Nh?y C?m",24000,39,3,S?a r?a m?t
( Chính hãng ) Ponds s?a r?a m?t tr?ng da cao c?p 100ml,45000,68,11,S?a r?a m?t
"[N?P CAO]S?a r?a m?t Simple d?u nh? giúp da s?ch thoáng, không ch?a xà phòng 150ml",79500,14,7,S?a r?a m?t
