Tên sản phẩm,Giá (VNĐ),Đã bán,Số đánh giá,Danh mục
Combo 2 kem meiduzi nhật bản ngày + đêm tem vuông ( tặng bọc đựng ) tem check BCA,187000,8.8K Đã bán,1507,Chăm sóc da mặt
The Ordinary Niacinamide 10% + Zinc 1%,148000,1.1K Đã bán,223,Chăm sóc da mặt
[M1T1] Nước Uống Collagen ASTALIFT Nhật Bản Drink White Shield 1000MG Collagen Cấp Ẩm Chai 50ml,877000,5.5K Đã bán,696,Chăm sóc da mặt
Bộ chăm sóc da VIBRANT GLAMOUR ANNIES với toner/ serum/ kem dưỡng da mặt retinol phục hồi kết cấu da không đồng đều/ mờ,25900,5.5K Đã bán,1053,Chăm sóc da mặt
Pores serum Thu Nhỏ Lỗ Chân Lông Úc Tinh Chất Dưỡng Ẩm Dầu Cây Trà Tinh Chất Thu Nhỏ Lỗ Chân Lông Mặt Tinh Chất Se Khít Lỗ Chân Lông Chăm Sóc Da,53065,194 Đã bán,78,Chăm sóc da mặt
Gel A rrett dưỡng da ban đêm 20g,100000,1.2K Đã bán,127,Chăm sóc da mặt
50 Viên/Lọ Tinh Chất Nhau Thai Fullerene Viên Nang Chăm Sóc Da Chống Nhăn Chống Lão Hóa Làm Trắng Dưỡng Ẩm Làm Săn Chắc Kiểm Soát Dầu Thu Nhỏ Lỗ Chân Lông Chống Lão Hóa,21000,2.4K Đã bán,454,Chăm sóc da mặt
FOCALLURE Miếng Dán Mụn Tái Tạo Chăm Sóc Làn Da Tiện Dụng Cao Cấp 2g,14355,11.3K Đã bán,1292,Chăm sóc da mặt
"Dầu Hạnh Nhân Nguyên Chất 100% Tự Nhiên - Loại Ép Lạnh Dùng Làm Đẹp Chăm Sóc Da, Dưỡng Da, Làm Trắng Sáng Da, Giảm Mụn Hiệu Quả - Dùng Cho Mặt Và Toàn Thân",45000,35 Đã bán,7,Chăm sóc da mặt
"(100% aut) Tẩy nốt ruồi, mụn cóc, mụn thịt, sẹo lồi chính hãng của Nga hiệu quả và an toàn",26000,254 Đã bán,52,Chăm sóc da mặt
Tinh Chất Seimy Skin 7 Days Plus 10ml Giảm Mụn Thâm Dành Cho Da Mụn Chăm Sóc Da Hiệu Quả,53940,245 Đã bán,32,Chăm sóc da mặt
"Hộp Miếng dán iBeaLee loại bỏ mụn cóc, mụn thịt , mụn đầu đen, nốt rùi , nhiều loại mụn khác nữa điều sẽ biến mất dần từ miếng dán loại bỏ vết chai sừng trên da. Miếng dán loại bỏ mụn thịt mụn cóc mụn mũ. Miếng dán tẩy nốt ruồi đen chăm sóc da mịn màng",12000,33 Đã bán,6,Chăm sóc da mặt
"100% Chính hãng Đặc biệt Dermatix Ultra, Dermatix Original Dermatix Acne Scar Gel 15g Chăm sóc vết sẹo sẹo sẹo Parut hipertrofi Vô tình bỏng Phẫu thuật sẹo lồi",55703,43 Đã bán,9,Chăm sóc da mặt
Kem dưỡng ẩm Hada Labo Advanced Nourish Cream 50g,174000,10.6K Đã bán,1389,Chăm sóc da mặt
Bộ Chăm Sóc Da Mặt Ngọc Trai Trắng Sáng Pearl Shine Hương Thị,1300000,304 Đã bán,94,Chăm sóc da mặt
"Miếng dán Tẩy mụn cơm, mụn cóc, vết chai sần, tẩy nốt ruồi viện da liễu Wart Removal",54662,68 Đã bán,35,Chăm sóc da mặt
KEM DƯỠNG TRẮNG DA 4k plus thái lan,109000,16 Đã bán,0,Chăm sóc da mặt
Hailicare Tinh Dầu Nghệ 30Ml Serum Chăm Sóc Da Mặt Dưỡng Ẩm Dưỡng Ẩm Cải Thiện Tông Màu Da Chống Lão Hóa Làm Sáng Nếp Nhăn,43500,168 Đã bán,36,Chăm sóc da mặt
"Gel chấm nốt ruồi, mụn cóc, mụn thịt, tàn nhang mụn ké Bà ngàn",29000,187 Đã bán,36,Chăm sóc da mặt
Serum MQSKIN thay da tái tạo da nhân sâm,95000,,0,Chăm sóc da mặt
The Ordinary Aha 30% + Bha 2% Nguyên Chất 30ml Mặt Nạ Tẩy Tế Bào Chết 10 Phút Serum Dưỡng Da Xóa Sẹo Mụn Làm Trắng Da Chăm Sóc Da Peeling Solution,74250,53 Đã bán,9,Chăm sóc da mặt
Kem dưỡng trắng da Kone Thái Lan chính hãng - Kone Cream,25000,5.2K Đã bán,294,Chăm sóc da mặt
"Tinh Chất Dưỡng Trắng Da 377 -  Chai Xịt 377 Loại Bỏ Nám, Tàn Nhang, Đồi Mồi, Cấp Ẩm Dưỡng Da Trắng Sáng 100ml",21000,31 Đã bán,5,Chăm sóc da mặt
Sét Kem Kone Thái Lan ( Hàng Chuẩn Để Lâu Lên Hạt Hàng Mới Chưa Kịp Lên Để Mấy Ngày Là Lên Hạt Nhé Khách ),17000,828 Đã bán,32,Chăm sóc da mặt
Kem dưỡng chăm sóc da Obagi Medical Retinol 0.5% & 1.0% Smoothing 28g Chính hãng công ty.,1170000,,0,Chăm sóc da mặt
[Cam Kết Chính Hãng ] Mỹ Phẩm BACH HOA HONG  100ml,179000,335 Đã bán,41,Chăm sóc da mặt
[ Cam Kết Chính Hãng ] BACH CUC HOA Dưỡng Da Giảm Sưng 30G,155000,225 Đã bán,46,Chăm sóc da mặt
"[Loại tốt] Tẩy nốt ruồi ,tàn nhang , mụn cóc, mụn thịt,mắt cá ko làm sẹo da",35000,2.4K Đã bán,461,Chăm sóc da mặt
Serum Thảo Dược Bạch Hoa Hồng 100ml - Serum Tái Tạo Da Bạch Hoa Hồng,168000,270 Đã bán,33,Chăm sóc da mặt
Bộ kem tái tạo da xóa nám tàn nhang,42000,129 Đã bán,13,Chăm sóc da mặt
Gel Tẩy Nốt Ruồi Tàn Nhang Bà Ngàn,36000,184 Đã bán,52,Chăm sóc da mặt
Kem Sâm Thorakao Tái Tạo Da Sáng Khỏe 7G,33000,1.1K Đã bán,132,Chăm sóc da mặt
Combo Kem Face Tái Tạo Da Gia Truyền Giúp Da Căng Bóng Mịn Màng Sạch Nám Mụn Tàn Nhang,42000,321 Đã bán,31,Chăm sóc da mặt
giấy lột mụn bich 100 miếng giá sỉ,40000,1.1K Đã bán,251,Chăm sóc da mặt
Kem mụn  - Gel giảm mụn giảm thâm Cấp Tốc Mờ Sẹo Anti-Acne Gel Giúp Da Láng Mịn Khít Lỗ Chân Lông Kiểm Soát Dầu 20g an toàn hiệu quả không tác dụng phụ,56040,101 Đã bán,38,Chăm sóc da mặt
Làm trắng vĩnh viễn Kem làm trắng da mặt Kem dưỡng ẩm tối ưu Kem làm mờ vết thâm làm trắng da Serum xóa vết thâm làm sáng da giảm đốm tàn nhang Kem dưỡng da mặt,60000,124 Đã bán,52,Chăm sóc da mặt
Gel Xoá Nốt Ruồi Tàn Nhang Mục Cóc lâu năm BB,39000,69 Đã bán,16,Chăm sóc da mặt
"(CHÍNH HÃNG )bộ tinh chất dưỡng trắng da làm ẩm xóa nhăn  se khít lỗ chân lông vĩnh viễn, mịn màng, lam trắng da hết mụn Bộ chăm sóc da mặt đẹp không tì vết",200000,142 Đã bán,49,Chăm sóc da mặt
Serum dưỡng trắng da VitaminC Tế bào gốc C7 xóa thâm nám hiệu quả,28000,1.4K Đã bán,175,Chăm sóc da mặt
🔥100% hàng thật🔥La Roche-Posay Cicaplast Baume B5+ 100ml Kem phục hồi giúp phục hồi da sau Làm dịu tức thời Dưỡng ẩm,193000,16 Đã bán,3,Chăm sóc da mặt
【Phiên bản da nhạy cảm】Phấn phủ CARSLAN chống thấm nước kiểm soát dầu lên đến 24H không dầu trọng lượng nhẹ lâu trôi 3 màu 8g,239000,5.3K Đã bán,1509,Chăm sóc da mặt
Kem Dưỡng Ẩm Phục Hồi Embryolisse Lait Crème Concentré 30ml/75ml,278000,14.7K Đã bán,3039,Chăm sóc da mặt
[belif Official] Mặt nạ ngủ dưỡng ẩm và phục hồi da chuyên sâu belif Multi Vitamin Mask 75ml,350000,2.6K Đã bán,405,Chăm sóc da mặt
"Kem dưỡng hỗ trợ ngăn ngừa lão hóa, cải thiện nền da Lait Creme Retinol Like Embryolisse 75ml",698000,87 Đã bán,14,Chăm sóc da mặt
KOPHENIX | Tinh Chất Dưỡng Ẩm Làm Dịu Da Mặt,158200,,18,Chăm sóc da mặt
DOCTOR LI | Nước Hoa Hồng Dưỡng Ẩm & Kiểm Soát Dầu,313600,,7,Chăm sóc da mặt
SYUMON | Tinh Chất Chống Nhăn Chống Lão Hóa Se Khít Lỗ Chân Lông Dưỡng Ẩm Làm Sáng Da,368200,,0,Chăm sóc da mặt
"Bbeeaauu Niacinamide (vitamin B3) 500mg bổ sung năng lượng sự trao đổi chất, lưu thông, thần kinh & chăm sóc da hỗ trợ",138000,10 Đã bán,3,Chăm sóc da mặt
Bbeaauu Viên nang Vitamin C 1000 mg với Kẽm Vitamin CAND Zinc 20 mg Rosa Canina Chiết xuất từ hoa hồng hông Chiết xuất Citrus sinensis Hỗ trợ miễn dịch và bổ sung chất chống oxy hóa để chăm sóc da,58000,560 Đã bán,224,Chăm sóc da mặt
"Bbeeaauu Vitamin C viên nang 1000mg với Kẽm Vitamin CAND kẽm 20mg, hỗ trợ miễn dịch và bổ sung chất chống oxy hóa cho chăm sóc da",60000,25 Đã bán,4,Chăm sóc da mặt
"[VB] Bộ 2 dầu gội Selsun chống gàu, sạch gàu & hết ngứa da đầu Selsun Anti-Dandruff Shampoo 100ml",164000,21.9K Đã bán,1343,Chăm sóc da mặt
Bộ Kem dưỡng ngày đêm Pond's Age Miracle mờ đốm nâu và nếp nhăn với 50X Hexyl-Retinol 45G,575000,7.9K Đã bán,1506,Chăm sóc da mặt
"SERUM Trắng Da, Ngừa Mụn Senana 15ml Trẻ Hóa Da, Kiểm Soát Dầu, Dưỡng Ẩm",13090,266 Đã bán,28,Chăm sóc da mặt
Tái tạo da Phương Anh Yody White Mẫu Mới 80ml,90000,53 Đã bán,11,Chăm sóc da mặt
"Tẩy ruồi, Tẩy Nốt Ruồi, Gel Tẩy Nốt Ruồi Tàn Nhang, Mụn Cóc, Mụn Thịt, Mụn Cơm, Sẹo Lồi, Kem sẹo, Kem mờ  sẹo thâm, loại bỏ sẹo lồi lõm,sẹo thâm, vết rạn da chỉ trong 2 tháng Nga",20000,396 Đã bán,76,Chăm sóc da mặt
VIBRANT GLAMOUR Serum Retinol Làm Săn Chắc Da Chống Lão Hóa Xóa Mờ Nếp Nhăn 30ml,25200,4.3K Đã bán,734,Chăm sóc da mặt
DONGRAN | Kem Dưỡng Ẩm Làm Sáng Da Chống Nhăn và Đánh Giá,114800,,27,Chăm sóc da mặt
PLANTISM | Dầu Dưỡng Mặt An Toàn Cho Thai Kỳ,127400,,66,Chăm sóc da mặt
Sữa dưỡn Rong Nho Nhật Bản Las Beauty truyền trắng dưỡng da căng bóng phục hồi da 50ml,68000,314 Đã bán,52,Chăm sóc da mặt
SUYANGIR | Kem Chống Nắng Làm Trắng Da SPF50 Chống UV Chống Nước Chống Mồ Hôi Dưỡng Ẩm,158200,,6,Chăm sóc da mặt
[Tặng 1 Vỉ Vitamin E] Sữa Dưỡng Rong Nho Skin Perfect Emulsion Las Beauty - tái tạo làn da khỏe mạnh,78000,75 Đã bán,14,Chăm sóc da mặt
Kem dưỡng trắng giảm thâm nám Đông trùng hiệu quả cho da,22000,32 Đã bán,2,Chăm sóc da mặt
"Gel Nha Đam dưỡng ẩm 98% SIMU MMEI'R 300ml - Gel Lô Hội nội địa Trung dưỡng da, cấp ẩm cho da mặt TIDO",25000,1.1K Đã bán,143,Chăm sóc da mặt
[SALE] Serum Tri Thâm Jiuhe mẫu mới,9900,926 Đã bán,54,Chăm sóc da mặt
Tinh chất Vitamin C VIBRANT GLAMOUR Làm trắng da Chống lão hóa Chống nhăn Dưỡng ẩm 30ml,25100,2.7K Đã bán,555,Chăm sóc da mặt
"(Free Ship) (Free Ship) COMBO TÁI TẠO THẢO DƯỢC GIA TRUYỀN SPA HX giúp da ko đều màu, thu hẹp lổ chân lông to ,giúp da trắng hồng rạng ngơi",48000,256 Đã bán,43,Chăm sóc da mặt
"Hũ 30 Viên Tinh Chất Dưỡng Da Kakaxi Phục Hồi Tái Tạo Da, Serum Viên Nang Cấp Ẩm Dưỡng Trắng Giảm Thâm Chống Lão Hóa",29000,25 Đã bán,1,Chăm sóc da mặt
SERUM Trắng Da Ngừa Mụn Senana 15ml Trẻ Hóa Da Kiểm Soát Dầu Dưỡng Ẩm,24700,10.8K Đã bán,1764,Chăm sóc da mặt
[Tặng 1 vỉ vitamin E] Sữa dưỡn Rong Nho Nhật Bản Las Beauty truyền trắng dưỡng da căng bóng phục hồi da Skin Perfect50ml,82000,182 Đã bán,22,Chăm sóc da mặt
serum colgagen x3 làm sạch mụn và dưỡng trắng da,15000,15 Đã bán,0,Chăm sóc da mặt
Hộp 30 Viên Serum Vitamin E  viên cá- Dưỡng Ẩm Trắng Da Chống Nhăn Thu Nhỏ Lỗ Chân Lông,29000,1.2K Đã bán,116,Chăm sóc da mặt
Serum Vitamin C Siêu Dưỡng Trắng Hết Nhăn Giảm Mụn Trẻ Hóa Da Giúp Da Đều Màu Giảm Thâm Mắt Chống Nám Tàn Nhang Không Đều Màu Thích Hợp Cho Mọi Loại Da,49600,5.6K Đã bán,1092,Chăm sóc da mặt
"Combo Tái tạo da Phương Anh Yody White - sạch mụn, nám tàn nhang sẹo rỗ",105000,391 Đã bán,68,Chăm sóc da mặt
"Serum trắng sáng da,  làm chậm lão hóa Vitamin C Serum 561 Esthepro 100ml XN",62640,11 Đã bán,1,Chăm sóc da mặt
[VC 15% tối đa 80K đơn 399K] [Combo] Bộ 2 Kem dưỡng sáng da đa tầng ngày & đêm Pond's Bright Miracle mờ thâm sạm với 50X Niasorcinol 45G+45G,258000,31.1K Đã bán,5624,Chăm sóc da mặt
Lố 24 hộp kem AC Thái,70000,32 Đã bán,4,Chăm sóc da mặt
[Hàn Quốc] Tinh Chất Nhân Sâm Xóa Nếp Nhăn Vĩnh Viễn Loại Bỏ Thâm Nám Tàn Nhang Dưỡng Da Trắng Mịn Rạng Rỡ 30ML,64446,2.5K Đã bán,674,Chăm sóc da mặt
[HCM]Kem nám và chống tàn nhang thảo dược BAIZTON 30g da trắng sáng và dưỡng ẩm - Hiệu quả chỉ 28 ngày sử dụng A189,37100,11.8K Đã bán,2193,Chăm sóc da mặt
"(Mẩu Mới) Kem Face Pháp A Cosmetics 5 in 1 50g Trắng Da , Ngừa Mụn , Mờ Thâm Nám, Hiệu Quả Sau 1 Tuần Sữ Dụng",69000,38 Đã bán,5,Chăm sóc da mặt
"Viên CSK Tinh Chất Nhau Thai Cừu Căng Bóng Cấp Collagen Cho Da Ngừa Nếp Nhăn, Chống Lão Hoá Da",48800,50 Đã bán,13,Chăm sóc da mặt
Kem Dưỡng Da Mụn Giảm Sưng Mụn Đỏ Salicylic Acid 20g BIOAQUA Kem Chấm Mụn Giảm Mụn Hết Mụn,36100,35 Đã bán,11,Chăm sóc da mặt
Serum Giảm Mụn Kiềm Dầu Giảm Sưng Mụn 15ML Tinh Chất Salicylic Acid Lành Mụn Dịu Da,19800,26 Đã bán,10,Chăm sóc da mặt
"Antibacterial Cream Kem nấm ngứa, viêm da dị ứng, vẩy nến.Chiết xuất từ thảo mộc tự nhiên chính hãng 30g",55799,67 Đã bán,53,Chăm sóc da mặt
Tinh Chất Vitamin E Dưỡng Ẩm Sáng Da Ngăn Ngừa Mụn Và Loại Bỏ Nếp Nhăn Vùng Da Thâm Sạm 30g,47850,359 Đã bán,108,Chăm sóc da mặt
"Serum La Roche Posay B5 Hyalu 30ml Tái Tạo Và Phục Hồi Da , Săn Chắc Và Đàn Hồi Da",40000,90 Đã bán,11,Chăm sóc da mặt
Kem sẹo Nga 25g mờ thâm hết sẹo Gel tẩy nốt ruồi kem hết Sẹo rỗ Sẹo Lồi Sẹo lõm Rạn da Sẹo phẫu thuật,22000,3.4K Đã bán,509,Chăm sóc da mặt
Bộ nám túi 5 món Thailand,47500,494 Đã bán,31,Chăm sóc da mặt
"Serum viên dưỡng da căng bóng ETAE (30 Viên, mẫu mới VEZE ) collagen thu nhỏ lỗ chân lông, căng mướt, sáng hồng A195",38000,19.4K Đã bán,2802,Chăm sóc da mặt
Kem Kone Thái Lan mụn nám trắng da,15000,60 Đã bán,3,Chăm sóc da mặt
Hộp Serum 30 viên Vitamin E Dạng Viên Cá - Dưỡng Ẩm Trắng Da Chống Nhăn Chống Thâm Thu Nhỏ Lỗ Chân Lông,29000,8.6K Đã bán,751,Chăm sóc da mặt
Kem berry 5X dưỡng trắng cho da nám tàn nhang thái lan,119000,57 Đã bán,2,Chăm sóc da mặt
Hộp Viên Tinh Chất Trẻ Hóa Da Đậm Đặc Qian Yaxi VC Giúp Da Trẻ Hóa Cải Thiện Nếp Nhăn Lão Hóa Da Giúp Da Trẻ Hơn 10 Tuổi,70060,23.7K Đã bán,4635,Chăm sóc da mặt
Serum Dưỡng Ẩm Trắng Da Xóa Sạch Thâm Nám Tàn Nhang Ngăn Ngừa Mụn Quay Trở Lại 50ml,51370,359 Đã bán,97,Chăm sóc da mặt
kem zale đỏ trắng da đẹp liền hủ 6g (lẻ),5831,377 Đã bán,24,Chăm sóc da mặt
"Kem Dưỡng Trắng Da Hoa Anh Đào Tinh Chất Huyết Rồng, Kem Dưỡng Da Linh Chi Giữ Ẩm Tốt Giảm Thâm Sạm Thu Nhỏ Lỗ Chân Lông - BUMSTORE",24000,831 Đã bán,107,Chăm sóc da mặt
"Kem Giảm Mụn Mủ, Mụn Bọc, Mụn Viêm, Loại Bỏ Mụn và Vết Thâm Hoàn Toàn, Thu Nhỏ Lỗ Chân Lông, Acne Giúp Da Láng Mịn Khít Lỗ Chân Lông Kiểm Soát Dầu",52200,17 Đã bán,6,Chăm sóc da mặt
"Kem làm trắng da xóa nám, mụn AC Thái Lan",13000,1.2K Đã bán,94,Chăm sóc da mặt
Lucenbase | Bộ Dưỡng Trắng Da & Chống Nhăn,228000,,116,Chăm sóc da mặt
[HCM]Kem mụn Bioaqua Pure skin Nội địa Trung,21000,9 Đã bán,2,Chăm sóc da mặt
Bộ kem nám 5in1 clobetamil g của thái lan chính hãng - mpcholon,52000,132 Đã bán,6,Chăm sóc da mặt
[HCM]Kem dưỡng Vitamin E,35000,613 Đã bán,111,Chăm sóc da mặt
"(Tách lẻ) Tinh Chất Sẹo Lồi Xẹp Sẹo Giảm Thâm Spa, Mờ Thâm Skincare",105000,171 Đã bán,12,Chăm sóc da mặt
"South Moon Wart Remoal Cream Tẩy nốt ruồi, mụn cóc ,tàn nhang ,mụn thịt , mắt cá hiệu quả",65439,136 Đã bán,74,Chăm sóc da mặt
Nạ Viên bôi vitamin dưỡng da căng bóng VENZEN - BUMSTORE,34000,496 Đã bán,39,Chăm sóc da mặt
Kem Face Collagen x3 dưỡng trắn gda,53900,709 Đã bán,95,Chăm sóc da mặt
Kem nám tàn nhang đồi mồi dưỡng trắng da chống nắng giúp phục hồi làn da mới - Kem Hương Thảo Mộc 15g - Mỹ phẩm Mộc Lan,71000,7.6K Đã bán,1991,Chăm sóc da mặt
"Kem Dưỡng Ẩm Trắng Da, Nâng Tông V7 Images/ Hymeys Ngừa Thâm 50g V7 Deep Hydration",22770,357 Đã bán,52,Chăm sóc da mặt
(CHÍNH HÃNG)Kem Xoá Nếp Nhăn Trẻ Hoá Da Qingling Mờ Nám Tàn Nhang Chống Chảy Xệ Bổ Sung Collagen Qinglin,58000,68 Đã bán,15,Chăm sóc da mặt
"Kem Dưỡng Ẩm Tinh Chất Huyết Rồng Giúp Làn Da Sáng Mịn, Kem Trắng Da Mặt Hoa Anh Đào Cho Làn Da Căng Mọng Và Rạng Rỡ. - BUM STORE",24000,264 Đã bán,30,Chăm sóc da mặt
[HCM]Kem mụn Bioaqua Pure skin Nội địa Trung - BUMSTORE,27000,315 Đã bán,45,Chăm sóc da mặt
"(Free Ship) COMBO TÁI TẠO THẢO DƯỢC GIA TRUYỀN SPA HX Trắng Da , Mờ Thâm nám  , Tàn Nhang , Chống Lão Hóa",48000,22 Đã bán,2,Chăm sóc da mặt
[VC 15% tối đa 70K đơn 399K] Combo 2 Sữa rửa mặt Simple lành tính sạch thoáng - cho da nhạy cảm 150ml/chai [CHÍNH HÃNG ĐỘC QUYỀN] [DIỆN MẠO MỚI],232000,19.0K Đã bán,3415,Chăm sóc da mặt
Kem mụn Bioaqua Pure skin Nội địa Trung - BUM STORE,27000,4.4K Đã bán,652,Chăm sóc da mặt
"COMBO BỘ KEM DEMEJINE HÀN QUỐC.Kem face  bộ ( ngày + đêm)+ serum DEMEJINE.Kem Demjine hay còn gọi là kem DN Hàn Quốc 
🍃 Đừng bỏ quatinh chất dưỡng Essence Rores này nhé. Giúp cải thiện các dấu hiệu lão hóa cho da",99000,106 Đã bán,16,Chăm sóc da mặt
"Hộp Serum VEZE Vitamin E Dạng Viên Cá, Dưỡng Ẩm Trắng Da Chống Nhăn Thu Nhỏ Lỗ Chân Lông TIDO , TI DO",37000,1.9K Đã bán,217,Chăm sóc da mặt
"tẩy nốt ruồi chấm nốt ruồi Loại bỏ mụn cóc, mụn cóc,nhanh chóng an toàn và không đau Wart Remoal Cream Tẩy nốt ruồi đánh bật các loại mụn trên cơ thể xóa mụn ruồi trên mặt, tàn nhang, mụn cóc 3g",46700,49 Đã bán,18,Chăm sóc da mặt
COMBO 3 Hộp Serum viên tinh chất collagen ETAE ( Tổng 90 Viên) Skincare A195,84700,156 Đã bán,23,Chăm sóc da mặt
"Tuýp kem nám Clobetamil G 25g - Thái Lan  dứt điểm sạch nám tàn nhang, mụn, cho làn da căng sáng mịn màng.",19000,39 Đã bán,5,Chăm sóc da mặt
Kem Dưỡng Da Ngừa Mụn Giảm Nhăn Giảm lỗ Chân Lông To Dành Cho Nam Giới moisturizing lotion for Men 120gm Bảo Vệ Da Dưới Ánh Nắng Mặt Trời Dưỡng Ẩm Cho Da Thu Nhỏ Lỗ Chân Lông,49600,1.5K Đã bán,389,Chăm sóc da mặt
38 Viên Nang Tinh Chất Trắng Da Nhau Thai Thủy Phân Qiangyaxi Dưỡng Da Trắng Sáng Mịn Màng Đẩy Lùi Quá Trình Lão Hóa Làm Mờ Nhanh Các Vết Thâm Nám Tàn Nhang Trên Mặt,52700,648 Đã bán,165,Chăm sóc da mặt
Serum Hàn Quốc Xóa Nếp Nhăn Sạch Thâm Nám Tàn Nhang Dưỡng Ẩm Trắng Da Mịn Màng Từ Tinh Chất Nhân Sâm Tự Nhiên,63512,252 Đã bán,56,Chăm sóc da mặt
"Serum Vitamin C BIOAQUA Hỗ Trợ Kem Chống Nắng, Làm Sáng, Chống Lão Hóa Da 30ml",42030,527 Đã bán,116,Chăm sóc da mặt
Combo spa tái tạo thảo mộc,54172,173 Đã bán,27,Chăm sóc da mặt
Hộp 30 Viên Serum Vitamin E  Dưỡng Ẩm Làm Trắng Da,29000,704 Đã bán,53,Chăm sóc da mặt
Kem sâm xóa nhăn hoàng kỳ nhân sâm Huangqi - Kem xóa nhăn chống chảy xệ 70g,48000,14 Đã bán,7,Chăm sóc da mặt
HÀNG ÚC Tinh Chất 24K Xóa Nhăn Vĩnh Viễn Làm Căng Bóng Mọng Da Trắng Mịn Hết Sạch Nhăn Nám Tàn Nhang Trong Một Liệu Trình Ngắn 30ml,52000,1.0K Đã bán,239,Chăm sóc da mặt
"Miếng dán iBeaLee loại bỏ mụn cóc, mụn thịt , mụn đầu đen, nốt rùi , và nhiều loại mụn khác nữa điều sẽ biến mất dần từ miếng dán loại bỏ vết chai sừng trên da. Miếng dán loại bỏ mụn thịt mụn cóc mụn mũ Miếng dán tẩy nốt ruồi đen chăm sóc da mịn màng",13900,106 Đã bán,16,Chăm sóc da mặt
"Miếng dán tẩy nốt ruồi ,tẩy mụn cóc, mụn thịt, dưỡng da, kháng khuẩn, tinh chất thảo dược thiên nhiên/Wart Removal patch",64043,82 Đã bán,56,Chăm sóc da mặt
Sữa Rửa Mặt Trắng Da Mờ Thâm Nám Làm Sạch Sâu Se Khít Lỗ Chân Lông Tuýp 100g,21600,2.3K Đã bán,301,Chăm sóc da mặt
"Tẩy nốt ruồi, mắt cá,mụn cóc ,mụn thịt handmade rất hiệu quả , không làm sẹo da",34920,6.5K Đã bán,1555,Chăm sóc da mặt
Serum chống nắng cơ thể SPF50 + dưỡng da sáng khoẻ 30ML,8000,218 Đã bán,18,Chăm sóc da mặt
"Kem Dưỡng Da Ngừa Mụn Giảm lỗ Chân Lông To Dành Cho Nam Giới moisturizing lotion for Men 120gm Bảo Vệ Da Dưới Ánh Nắng Mặt Trời Dưỡng Ẩm Cho Da Thu Nhỏ Lỗ Chân Lông,Nâng Cơ, Làm Sáng Da, Đều Màu Da, Sạch Mụn Và Làm Mờ Nếp Nhăn Da Mặt",89365,38 Đã bán,11,Chăm sóc da mặt
Serum đông y tái tạo 30ml-50ml SUNNARY bong mạnh không sưng đỏ làm sạch mụn nám tàn nhang cực kỳ hiệu quảđẩy lùi 100% mụn dưới da lên khỏi bề mặt da,52784,357 Đã bán,82,Chăm sóc da mặt
Kem Mụn; Nám Dưỡng Trắng Da UB Thái lan Chính Hãng,17460,651 Đã bán,61,Chăm sóc da mặt
Kem Xoá Nếp Nhăn Trẻ Hoá Da Qingling Mờ Nám Tàn Nhang Chống Chảy Xệ Bổ Sung Collagen,35000,43 Đã bán,7,Chăm sóc da mặt
Combo Kem Ngày Và Đêm Meiduzi Dưỡng Da Sạch Nám Nhật Bản Chính Hãng + Tặng mặt nạ,79540,593 Đã bán,122,Chăm sóc da mặt
serum dưỡng da căng bóng se khít khịt lỗ chân lông xóa nhăn trắng da nhanh chóng chỉ sau vài ngày 15ml,52000,1.7K Đã bán,302,Chăm sóc da mặt
"Serum Tinh Chất Vitamin C BIOAQUA 30ml Sáng Da Và Giảm Thâm Nám, Da Căng Mướt A214 C",32000,10.8K Đã bán,424,Chăm sóc da mặt
[Chính hãng] Kem Ủ Trắng Da - Hút Độc Tố - Hút Nám - Thải Chì - Phục Hồi Trẻ Hóa Da Milan shop hcm,21750,596 Đã bán,69,Chăm sóc da mặt
"60 Viên Nang Kích Trắng Da Cho Vào Kem Dưỡng Bổ Sung Tinh Chất Fullerene Nhau Thai Cừu Dưỡng Trắng Da, Làm Săn Chắc, Chống Nhăn, Dưỡng Ẩm, Mờ Thâm, Chống Lão Hoá",24800,415 Đã bán,115,Chăm sóc da mặt
"Hộp 7 Ống Tinh Chất Vitamin C Cô Đặc 7 ngày  O'GULIA Trắng Da, Mờ Thâm, Nám, Xoá Nếp Nhăn, Săn Chắc Da, Dưỡng Ẩm, Chống Lão Hoá",37200,1.8K Đã bán,334,Chăm sóc da mặt
30 Viên Tinh Chất Trẻ Hóa Da Đậm Đặc ETAE Giúp Da Trẻ Hóa Cải Thiện Nếp Nhăn Lão Hóa Da Trắng Da Dưỡng Ẩm Mịn Màng Giúp Da Trẻ Hơn 10 Tuổi,65250,65 Đã bán,29,Chăm sóc da mặt
Gel tẩy tế bào chết cho mặt Tẩy tế bào chết da mặt Loại bỏ sâu Làm sạch tất cả các loại da Kem tẩy tế bào chết dưỡng ẩm mịn da - intl,54145,138 Đã bán,49,Chăm sóc da mặt
Serum  phục hồi dưỡng trắng Hydra Max B5 Serum Prettyskin - mp chợ lớn,48000,160 Đã bán,18,Chăm sóc da mặt
"Tinh Chất Collagen Face Serum KALIYABEAUTY Làm Sáng Và Trắng Da, Dưỡng Ẩm, Chống Lão Hoá, Làm Săn Chắc Và Đều Màu Da",58900,212 Đã bán,57,Chăm sóc da mặt
Tinh Chất Rau Má Skin Centela Serum 100ml,65250,6 Đã bán,0,Chăm sóc da mặt
Tinh chất dưỡng da trắng da kem nám mờ thâm nám tàn nhang đồi mồi 377 xịt melamin,79000,14 Đã bán,4,Chăm sóc da mặt
Serum  phục hồi dưỡng trắng Hydra Max B5 Serum Prettyskin - cuahangthienduc,49500,519 Đã bán,94,Chăm sóc da mặt
"[HCM] Kem Hỗ Trợ Tri Sẹo Lồi Klirvin Chính Hãng Của Nga Làm Giảm Sẹo, Mờ Thâm Cực Kì Hiệu Quả - Hàng Chính Hãng Nga",49000,503 Đã bán,73,Chăm sóc da mặt
Nguyễn Quách Kem Bướm Dưỡng Trắng Da 12g,79000,50 Đã bán,13,Chăm sóc da mặt
"Miếng dán Tẩy nốt ruồi cam kết tẩy nốt ruồi, mụn cóc, mụn thịt/Wart Removal Patch",53204,100 Đã bán,53,Chăm sóc da mặt
Tinh Chất Giúp Trắng Da Căng Bóng Ngăn Ngừa Sạm Da Xóa Mờ Các Nếp Nhăn Dưỡng Ẩm Sạch Mụn,60030,152 Đã bán,49,Chăm sóc da mặt
Combo Tái Tạo Da Gia Truyền Giúp Da Căng Bóng Mịn Màng Sạch Nám Mụn Tàn Nhang,88000,19 Đã bán,2,Chăm sóc da mặt
[Cam Kết Hết Mụn Thâm Trong 7 Ngày] Kem Giảm Mụn Cấp Tốc Loại Bỏ Mụn và Vết Thâm Hoàn Toàn Thu Nhỏ Lỗ Chân Lông CYSTIC Acne Giúp Da Láng Mịn Khít Lỗ Chân Lông Kiểm Soát Dầu/25g,47154,161 Đã bán,49,Chăm sóc da mặt
"Gel Xóa Sẹo LANBENA Chuyên Sâu – Giảm Thâm Mụn, Vết Rạn Da, Sẹo Lồi, Dưỡng Da Mềm Mịn, Đều Màu",26300,1.5K Đã bán,423,Chăm sóc da mặt
"Serum Collagen X3 Đông Anh Vua Khử Nám, Tàn Nhang , Thâm 20ml (R)",40000,4.4K Đã bán,422,Chăm sóc da mặt
Collagen Dưỡng ẩm và giữ ẩm cứu làn da khô lớn Serum dưỡng ẩm tối ưu Tinh hoa nám và chống tàn nhang da trắng sáng và dưỡng ẩm,57507,56 Đã bán,49,Chăm sóc da mặt
"10Ml Cao lá nam sạch mụn, mờ thâm, dưỡng trắng da",59000,106 Đã bán,13,Chăm sóc da mặt
Gel Tẩy Da Chết Chiết Xuất Lô Hội Giúp Da Căng Bóng Trắng Mịn Đồng Thời Cấp Ẩm Cho Làn Da Khô Thiếu Nước 200g,33930,190 Đã bán,57,Chăm sóc da mặt
"Serum Dưỡng Da Compliment 20% Vitamin C Cô Đặc Làm Sáng Da, Mờ Thâm Nám, Collagen Ngừa Lão Hóa 27ml",82200,,0,Chăm sóc da mặt
"Lột mụn KIM ĐÔ( nha đam,bùn, than tre,chai vàng)200g giá  sỉ",18000,1.7K Đã bán,305,Chăm sóc da mặt
[HCM]ONE TODAY - KEM DƯỠNG TRẮNG GIÚP TÁI TẠO DA 8g,58000,1.7K Đã bán,214,Chăm sóc da mặt
"Serum AHA 30% + BHA 2% Tẩy Da Chết, Thu Nhỏ Lỗ Chân Lông Giảm Mụn Và Kiềm Dầu Giúp Da Trăng Sáng Hồng Tự Nhiên Aichun Beauty 30ml",44900,411 Đã bán,89,Chăm sóc da mặt
Serum thay da nhân sâm MQSKIN tái tạo da,125000,270 Đã bán,26,Chăm sóc da mặt
kem TRẺ HÓA DA XÓA NHĂN VĨNH VIỄN LÀM TRẮNG DA SE KHÍT KHỊT LỖ CHÂN LÔNG,52000,471 Đã bán,114,Chăm sóc da mặt
Kem nám tàn nhang đồi mồi và dưỡng trắng da mặt - Kem Dew Today 5gr - Mỹ phẩm Mộc Lan,65500,3.4K Đã bán,831,Chăm sóc da mặt
Combo Peel da vi tảo retinol MỚI 10ml serum tái tạo da sinh học peel da tại nhà Tặng Kèm Serum Le Peau B5 Phục Hồi và serum GEL THẢO MỘC,62578,93 Đã bán,25,Chăm sóc da mặt
CỐT NHÂN SÂM KICH BONG Tái Tạo Da Cao Cấp SẠCH mụn nám tàng nhang hỗ trợ bong mạnh cực đỉnh,16158,2.5K Đã bán,492,Chăm sóc da mặt
"(Gia Sỉ) Serum mụn Lumos Acne Plus mẫu mới 2024 Giảm Mụn Ẩn.,Đầu Đen,Mờ Thâm, Trắng Da Mặt, Se Khít Lỗ Chân Lông",98070,137 Đã bán,8,Chăm sóc da mặt
Tặng 2 vỉ vitamin E - Chính Hãng - Sữa dưỡng Rong Nho Nhật Bản Las Beauty truyền trắng dưỡng da căng bóng Skin Perfect Emulsion 50ml,89000,236 Đã bán,40,Chăm sóc da mặt
"Serum tinh chất vàng 24k Goldzan Ampoule Fure Gold (DA MẶT) Phục hồi da từ sâu bên trong Làm sáng da hiệu quả chỉ sau khi sử dụng 2 tuần đầu tiên . Cấp nước, giữ ẩm và căng bóng da",45000,67 Đã bán,16,Chăm sóc da mặt
"Kem nám, tàn nhàng Ol- cell Hàn Quốc Tàn Nhang OL CELL - Hút Chì, Thải Độc Phục Hồi Nàn Da Sáng Đẹp Da sẽ căng mịn mướt ngay tức thì.",27000,78 Đã bán,22,Chăm sóc da mặt
Ezanic Gel 20% Tube 15g – Ezanic Azelaic Acid Gel 20% Giảm Mụn Mờ Thâm Sáng Da,121000,61 Đã bán,12,Chăm sóc da mặt
Combo 2 hủ ngày đêm Kem Demejine Hàn Quốc Dưỡng trắng Mờ nám Tàn nhang trắng da - mpthienduc,155000,533 Đã bán,101,Chăm sóc da mặt
Kem Loại Bỏ Mụn Tận Gốc Hết Thâm Mụn Sạm Da Trắng Da Sạch Dầu Lỗ Chân Lông Thông Thoáng 20g,39150,203 Đã bán,66,Chăm sóc da mặt
bộ tinh chất huyết thanh phục hồi hoàn hảo dưỡng trắng căng bóng dưỡng ẩm trắng hồng không tì vết IMAGES thải độc hiệu quả 14ml,29670,264 Đã bán,61,Chăm sóc da mặt
Anua nicotinamide hiệu chỉnh điểm đen huyết thanh 10% lào mờ các,64000,5 Đã bán,0,Chăm sóc da mặt
Bộ kem nám 5in1 clobetamil g của thái lan chính hãng - chuyensithienduc,55000,183 Đã bán,7,Chăm sóc da mặt
"Gel Dvelinil  loại bỏ Nốt Ruồi, Mụn Cóc, Mụn Thịt, Sẹo Lồi Của Nga - Hàng Nhập Khẩu chiết xuất từ thiên nhiên nên hiệu quả cao an toàn, không gây hại cho cơ thể.",25000,375 Đã bán,72,Chăm sóc da mặt
SERUM DƯỠNG ẨM ĐÁNH BAY CÁC NẾP NHĂN GIÚP NUÔI DƯỠNG VÀ TRẺ HÓA LÀN DA,46500,1.5K Đã bán,348,Chăm sóc da mặt
"Kem Nám, Tàn Nhang, Kem Mụn, Dưỡng Da Trắng Hồng Căng Bóng, Kem Nám Meiduzi Nhật Bản Chính Hãng Tem BB",80000,65 Đã bán,11,Chăm sóc da mặt
"Viên Tinh Chất Ngọc Trai Đen Giúp Ngừa Đốm Sắc Tố Da, Trẻ Hoá Làn Da, Dưỡng Trắng & Sáng Da, Giữ Ẩm Chống Khô Da, Thu Nhỏ Lỗ Chân Lông, Chống Lão Hoá",48360,288 Đã bán,85,Chăm sóc da mặt
Tinh Dầu Nở Ngực PAPAYA Tăng Vòng 1 Hiệu Quả Tinh Khiết,59000,11.1K Đã bán,1850,Chăm sóc da mặt
Serum Tái tạo da Phương Anh Yody White Mẫu Mới,105000,313 Đã bán,56,Chăm sóc da mặt
Gel tẩy nốt ruồi mụn cóc và kem sẹo Klirvin Nga date mới,21000,24 Đã bán,5,Chăm sóc da mặt
(Mini Size) Kem dưỡng ban đêm dưỡng sáng mịn & mờ thâm nám L'Oreal Paris Glycolic 15ml,60000,6 Đã bán,1,Chăm sóc da mặt
"Tinh Chất Zhensha Loại Bỏ Mụn Trứng Cá, Se Khít Lỗ Chân Lông, Cấp Nước Giữ Ấm Mờ Thâm Nám Da Căng Bóng Mịn Màng Sau 7 Ngày 30ml",30450,58 Đã bán,27,Chăm sóc da mặt
SERUM XỊT KHOÁNG D’ALBA WHITE TRUFFLE SUPREME INTENSIVE SOLUTION HÀN QUỐC,78000,,0,Chăm sóc da mặt
"Kem Face Vitamin C, dưỡng trắng da, nâng tone, chống nắng",29900,11 Đã bán,2,Chăm sóc da mặt
kem nám giúp da xóa nám tàn nhang một cách cấp tốc giúp da căng bóng mọng da trắng sáng khỏe mạnh làn da 40ml,69600,83 Đã bán,25,Chăm sóc da mặt
hủ tròn nám túi của thái lan chính hãng,13000,339 Đã bán,14,Chăm sóc da mặt
Serum phục hồi da chuyên sâu,70000,93 Đã bán,26,Chăm sóc da mặt
Thảo dược thiên nhiên gia truyền spa,35492,183 Đã bán,20,Chăm sóc da mặt
"Kem Giảm Thâm Mụn  giúp trắng sáng,ức chế sắc tố, chống nắng,   giảm mun-nám -trắng da-tái tạo hàng",49620,,4,Chăm sóc da mặt
[HCM]Kem Nám - Trắng Da - Thâm - Tái Tạo - Se Khít Lỗ Chân Lông OHIO Collagen (Đông Trùng Hạ Thảo 20g),83700,221 Đã bán,40,Chăm sóc da mặt
Serum Siêu Dưỡng Trắng Da Cung Cấp Collagen AICHUN BEAUTY Se Khít Lỗ Chân Lông Trẻ Hóa Da Mặt Nguyên Chất Lựu Đỏ 100% Từ Thiên Nhiên,49000,1.1K Đã bán,252,Chăm sóc da mặt
Tinh Chất Làm Trắng Dưỡng Ẩm Kiểm Soát Dầu Se Khít Lỗ Chân Lông Chống Lão Hóa 15ml,26400,110 Đã bán,28,Chăm sóc da mặt
[HCM] Tẩy nốt ruồi xóa mụn ruồi tại nhà an toàn hiệu quả nhập khẩu Nga và gel mờ sẹo Kem ngăn sẹo nga kem ngừa sẹo lồi thâm sẹo rỗ lâu năm các loại sẹo mụn miếng dán mụn cóc hột mụn cơm -,50112,466 Đã bán,170,Chăm sóc da mặt
Combo 3 hộp Kem sâm vàng 2 tem Thái Lan chuẩn loại 1 ms 77,24000,179 Đã bán,28,Chăm sóc da mặt
Kem Giảm Mụn Cấp Tốc Mờ Sẹo Thâm Sẹo Rỗ Sẹo Do Phẫu Thuật Laoshiya Acne scar gel Giúp Da Láng Mịn Khít Lỗ Chân Lông Kiểm Soát Dầu,44900,2.8K Đã bán,563,Chăm sóc da mặt
KEM XANH KEM SIÊU PHÂN HỦY NÁM  MỜ THÂM TĂNG SẮC TỐ SẠCH  NÁM ngừa mụn trắng sáng căng bóng cao cấp,70890,448 Đã bán,119,Chăm sóc da mặt
[HCM]Kem masage Vitamin E dùng để massage thử giãn khuôn mặt,35000,869 Đã bán,106,Chăm sóc da mặt
Viên vitamin E NNO thiên nhiên cấp ẩm chống nhăn chống lão hoá da,5049,528 Đã bán,45,Chăm sóc da mặt
"Tái tạo da Phương Anh Yody White hàng chuẩn công ty sạch mụn nám, se khít lỗ chân lông",95000,132 Đã bán,18,Chăm sóc da mặt
(Chính hãng) Tinh chất ngăn ngừa mụn và phục hồi da Chucos Caramel Essence 5ml,63512,988 Đã bán,165,Chăm sóc da mặt
[ Cam kết hàng Úc ] Serum Tinh chất vàng Dưỡng da của Úc Thera Lady 24K Pure Gold Ampoule 100ml,39000,797 Đã bán,251,Chăm sóc da mặt
"MUA 5 TẶNG 1 Serum giảm mụn Caramel Essence sạch mụn mờ thâm,trắng da mặt,se khít lỗ chân lông",92000,653 Đã bán,96,Chăm sóc da mặt
"Gel Xóa Sẹo Scar Removing Gel Giúp Kháng Viêm Mô Sẹo, Tăng Cường Độ Ẩm, Kích Thích Tái Tạo Mô Da, Giảm Thiểu Sự Hình Thành Sẹo.",78000,1.7K Đã bán,354,Chăm sóc da mặt
[HCM]Kem Mụn Trắng da Xóa thâm Liền sẹo Cân bằng độ ẩm OHIO Collegen - Đông Trùng Hạ Thảo (20g),94300,829 Đã bán,125,Chăm sóc da mặt
Kem Dưỡng Da Nhân Sâm Tặng Tẩy Da Chết Hỗ Trợ Mờ Nám Xóa Nhăn Chống Lão Hóa - Dưỡng Ẩm,45000,26 Đã bán,4,Chăm sóc da mặt
"Kem dưỡng trắng da mặt Kem nám tàn nhang 30g Làm sáng tông màu da, se khít lỗ chân lông, cấp nước và dưỡng ẩm",45000,39 Đã bán,16,Chăm sóc da mặt
HOÀN TIỀN 15% - [HCM]kem dưỡng da mặt Berry Plus trái cây (xoá nám tàn nhang mờ thâm mụn trắng da),139000,9.7K Đã bán,1450,Chăm sóc da mặt
Kem Tẩy Tế Bào Chết Dưỡng Sáng Da Mặt Hương Orange Làm Sạch Sâu Lỗ Chân Lông Kiểm Soát Dầu 50g,59856,47 Đã bán,9,Chăm sóc da mặt
"(Mẩu Mới) Kem Dưỡng Da Collagen Sữa Non FEMMIU Dưỡng Trắng Mịn Da , Cấp Ẩm , Chống Nắng",35000,62 Đã bán,7,Chăm sóc da mặt
"Kem Rụng Mụn Thịt Dư, Mụn Cóc HBESTY WART REMOVER CREAM",50000,68 Đã bán,20,Chăm sóc da mặt
"Kem Giảm Mụn Cấp Tốc Loại Bỏ Mụn và Vết Thâm Hoàn Toàn Thu Nhỏ Lỗ Chân Lông Acne Giúp Da Láng Mịn Khít Lỗ Chân Lông Kiểm Soát Dầu 20g, loại bỏ các loại mụn, mụn ẩn, mụn đầu đen, mụn ở tuổi dậy thì",49500,48 Đã bán,22,Chăm sóc da mặt
Sỉ 1 lố 12 hủ kem sâm vàng 2 tem,58410,147 Đã bán,17,Chăm sóc da mặt
"KEM INÁM, TÀN NHANG YAHEE ĐỎ THÁI LAN [Chính Hãng]",110000,55 Đã bán,4,Chăm sóc da mặt
"Gói 30 Viên Tinh Chất Olive TAOFUNI Giữ Ẩm, Cân Bằng Độ Dầu Trên Da Giúp Da Trắng Mịn, Giảm Thâm Nám, Chống Lão Hoá Da",55800,104 Đã bán,35,Chăm sóc da mặt
"Kem làm mờ rạn da, kem tái tạo da hiệu quả cho bà bầu Anti-stretch Marks Cream - mờ sẹo, giảm thâm, giảm nhăn do tăng cân hoặc mang bầu",52722,131 Đã bán,68,Chăm sóc da mặt
[Chính Hãng]Serum tái tạo Bạch Hoa Hồng (100ml mẫu mới),165000,110 Đã bán,13,Chăm sóc da mặt
Gel Giảm Mụn Và Thâm Cafuné Essence 20 gram - Bản Nâng Cấp,105000,49 Đã bán,14,Chăm sóc da mặt
Sữa Rửa Mặt Collagen Anti-Aging Trắng da Sạch Sâu Cho Da Dầu Mụn Khô Nhạy Cảm 100g,62271,90 Đã bán,29,Chăm sóc da mặt
Kem dưỡng trắng giúp tái tạo da ốc sên One Today 9g,58410,557 Đã bán,59,Chăm sóc da mặt
100 Viên Bôi Dưỡng Da mặt Collagen Elastin Trắng Da Cải Thiện Nếp Nhăn Làm Trắng Sáng Da Se Khít Lỗ Chân Lông Trẻ Hóa Da Tiện Dụng Phục Hồi Da,68200,623 Đã bán,103,Chăm sóc da mặt
LAIKOU Mặt Nạ Mắt Sakura Nhật Bản Loại Bỏ Quầng Thâm Túi Mắt Dưỡng Ẩm Làm Mờ Nếp Nhăn Làm Sáng Da Chăm Sóc Da Mắt 50 Chiếc/70G,119000,924 Đã bán,269,Chăm sóc da mặt
Tái Tạo Da (50ml).,49016,2.4K Đã bán,349,Chăm sóc da mặt
tinh chất sữa gạo non làm trắng da xóa mờ thâm sạm nám. hết nhăn vĩnh viễn. đen đến mấy cũng trắng BIOAQUA 15ml,33930,1.0K Đã bán,214,Chăm sóc da mặt
Combo 2 hủ ngày đêm Kem Demejine Hàn Quốc Dưỡng trắng Mờ nám Tàn nhang - Mp chợ lớn,145000,114 Đã bán,19,Chăm sóc da mặt
Serum tái tạo mix sẵn yody phương anh,150000,27 Đã bán,10,Chăm sóc da mặt
[100% AUTHENTIC] Kem mụnKem chấm mụn thâm cấp tốc cho nam giới nữ giớigel mụnKem Hết Mụn Xóa thâm skinacnegiúp dưỡng trắng da xóa thâm liền sẹoKiểm Soát DầuDưỡng ẩm và Nuôi giảm vết thâm mụn12g,44694,435 Đã bán,147,Chăm sóc da mặt
[HCM]Kem meiduzi tem BB Nhật Bản chính hãng 20gr,99000,888 Đã bán,158,Chăm sóc da mặt
"[Hoàn Tiền 8%]Gel chấm tẩy nốt ruồi, mụn cóc, tàn nhang hiệu quả DVELINIL của Nga",35000,24.3K Đã bán,4042,Chăm sóc da mặt
[HCM]Kem Ngừa Mụn Trắng da Cân bằng độ ẩm OHIO Collegen - Đông Trùng Hạ Thảo (20g) [HÀNG CHUẨN],80750,18 Đã bán,0,Chăm sóc da mặt
Kem dưỡng trắng da mặt dưỡng ẩm se khít lỗ chân lông chống nắng - Kem Nano White 15g - Mỹ Phẩm Mộc Lan,49200,9.8K Đã bán,2247,Chăm sóc da mặt
"Hút sắc tố Sạch tận gốc các loại nám: Nám lâu năm, Nám đinh, Nám mảng…., tàn nhang",70000,672 Đã bán,113,Chăm sóc da mặt
Kem Dưỡng Trắng Da Vitamin C BIOAQUA 50g Sáng Da Và Giảm Thâm Nám Da Căng Mướt A222 C,28500,492 Đã bán,112,Chăm sóc da mặt
KEM SIÊU TRẮNG CHỐNG NHĂN NÁM TÀN NHANG LU LAN JINA 25G ( TEM ĐỎ)- kem sâm linh chi tem đỏ,65000,656 Đã bán,73,Chăm sóc da mặt
Kem nám tàn nhang dưỡng trắng da mặt giúp phục hồi làn da mới - Kem Hương Thảo Mộc 15g/20g - Mỹ phẩm Mộc Lan,71000,1.1K Đã bán,258,Chăm sóc da mặt
"Kem Nám Hiisees /Youbuy Ngày & Đêm Giảm Thâm Nám, Mờ Tàn Nhang, Dưỡng Sáng Da Nicotinamide Whitening",19200,553 Đã bán,76,Chăm sóc da mặt
Kem Dưỡng Trắng Da Mờ Thâm Mụn Demejine Ngày Và Đêm,100050,555 Đã bán,59,Chăm sóc da mặt
Kem meiduzi B&B Cosmetic Nhật Bản ngày (đỏ) 20gr,99000,602 Đã bán,93,Chăm sóc da mặt
"Sỉ nguyên lố 12 hủ kem cô gái tóc xù chi chi dưỡng trắng hủ 4,5gram (hàng việt)",49000,89 Đã bán,14,Chăm sóc da mặt
Kem xóa nếp nhăn nhanh chóng chống lão hoá làm trắng da 5 giây loại bỏ nếp nhăn 50g nhanh chóng làm mịn nếp nhăn nâng cơ và săn chắc da mặt làm mịn và dưỡng ẩm se lỗ chân lông thông dụng cho mọi loại da nam và nữ,111706,118 Đã bán,46,Chăm sóc da mặt
"Sữa rửa mặt simple dành cho da dầu da nhờn, mụn 150ml",45000,959 Đã bán,146,Chăm sóc da mặt
Combo x3 (Mua 2 tặng 1) (Lô mới nhất) JJLBRO Gel Nhật bản cao cấp - Gel dành cho nam - hàng chính hãng - tăng kích thước cho cậu bé (Che tên khi giao hàng),90825,,0,Chăm sóc da mặt
"[CHÍNH HÃNG] Combo tái tạo thảo dược gia truyền Spa Hx giảm nám, trắng da",102740,349 Đã bán,65,Chăm sóc da mặt
"Kem face Demejine ☀️ 
Kem Demejine Hàn Quốc Chính hãng
Chuyên phân phối sỉ, lẻ kem Demejine Hàn Quốc.
 - Hạn chế & Ngăn ngừa mụn
 -Thâm cực Hiệu Quả
 - Mờ tàn nhang
 - Tái tạo da mới giúp da trắng hồng tự nhiên
- Cung cấp nước giữ ẩm cho da
-",95000,701 Đã bán,132,Chăm sóc da mặt
Kem Dưỡng Trắng Da Sạch Nám Thái Lan IQ Vitamin E - 8g,96030,198 Đã bán,30,Chăm sóc da mặt
POND'S Kem dưỡng da trắng hồng ban ngày 45g,145000,27 Đã bán,10,Chăm sóc da mặt
"TINH CHẤT NIACINAMIDE - B3 DƯỠNG TRẮNG, MỜ THÂM ,ĐỀU MÀU DA 20gr",45000,54 Đã bán,9,Chăm sóc da mặt
"Kem Tẩy nốt ruồi Bôi Xóa Mụn Thịt, Thịt Thừa, Mụn Cóc, Nốt Ruồi Không Đau, Ngứa, Không Tổn Thương Da 20g",58356,154 Đã bán,72,Chăm sóc da mặt
"(Chính hãng) Serum  se khít chân lông ,nâng cơ, sáng da giảm thâm nám Qianzi 50ml",22000,88 Đã bán,14,Chăm sóc da mặt
Hộp 21 Viên Tinh chất Làm Trắng và Loại Bỏ Tàn Nhang OSUFI - Mp chợ lớn,32000,323 Đã bán,4,Chăm sóc da mặt
kem leiyas trắng da ngừa mụn nám chống nắng 5g-10g,53000,1.3K Đã bán,135,Chăm sóc da mặt
"Kem Đa Năng Bà Vân Chính Hãng 100% -T.r mụn trứng cá, mụn ngứa, rôm, sẩy  1974 - Tiệm thuốᴄ Nam Gia Truyền",280000,,0,Chăm sóc da mặt
"Kem dưỡng trắng, nâng tông da Guiche Collagen  Tone Up Cream 35ml",94050,31 Đã bán,9,Chăm sóc da mặt
"[Loại Mạnh] Tẩy mụn cóc, xóa mụn ruồi, loại bỏ mụn cơm, gel mụn cóc, mụn mắt cá, tẩy mụn ruồi trên mặt tại nhà an toàn",51069,137 Đã bán,33,Chăm sóc da mặt
Set 3 Kem dưỡng trắng da ban ngày Pond's White Beauty SPF30 PA+++ Ponds gói 6.5g,19760,436 Đã bán,52,Chăm sóc da mặt
Miếng Dán Mụn Acnes Clear Patch 24 Miếng Hasaki Sản phẩm chính hãng,59000,331 Đã bán,87,Chăm sóc da mặt
"Gel Xoá Nốt Ruồi, tàn nhang, mụn thịt, mục cóc Bà Ngàn",36000,130 Đã bán,32,Chăm sóc da mặt
"Serum Dr.Skin Acnes 5ml Hỗ Trợ Giảm Mụn, Se Khít Lỗ Chân Lông Và Mờ Vết Thâm Thành Phần Thảo Dược",56550,1.0K Đã bán,179,Chăm sóc da mặt
[HCM]TAG&WART REMOVER Tẩy nốt ruồi xóa mụn ruồi trên mặt tàn nhang mụn cóc mụn thịt  mụn cơm mắt cá tại nhà an toàn và gel mờ sẹo Kem ngăn sẹo  kem ngừa sẹo lồi thâm sẹo rỗ lâu năm các loại sẹo mụn.TRÂU REMOVE EVERY WARTS - Bút Xóa Mụn Cóc Liệu3ML,45767,747 Đã bán,283,Chăm sóc da mặt
Kem yanhee giúp giảm mụn nám tàn nhang trắng da hàng nội địa chính hãng thái lan,99000,150 Đã bán,38,Chăm sóc da mặt
"1 Hộp 10 Miếng Mặt Nạ Giấy COLORKEY LUMINOUS Vitamin B5 Giúp Cấp Ẩm, Hỗ Trợ Phục Hồi Làn Da Nhiều Dưỡng Chất 25ml/miếng",104000,4.1K Đã bán,889,Chăm sóc da mặt
"Kem loại bỏ mụn nhanh chóng loại bỏ mụn bọc, phục hồi vết tích mụn và chống viêm mụn, làm mờ thâm mụn,Kem Giảm Mụn Kem dưỡng giảm mụn mặt nạ giảm mụn  tàn nhang làm trắng dưỡng ẩm 30g",112080,680 Đã bán,215,Chăm sóc da mặt
Kem dưỡng trắng Hada Labo Perfect White Tranexamic Acid Cream 50g,197000,16.9K Đã bán,2662,Chăm sóc da mặt
[HCM]ONE TODAY - KEM DƯỠNG TRẮNG NGỪA TÀN NHANG - ĐỒI MỒI 8g,59000,2.0K Đã bán,266,Chăm sóc da mặt
Tuýp kem mờ nám tàn nhang mụn Clobetamil 25gr - THAILAND,17000,20 Đã bán,1,Chăm sóc da mặt
Leiyas Kem ngừa mụn trắng da 10g,105000,43 Đã bán,12,Chăm sóc da mặt
Serum B5 - Serum B5 Tinh Chất Phục Hồi DưỡngTrắng Hydra B5 Max Serum 50ml,78000,28 Đã bán,1,Chăm sóc da mặt
[HCM]COMBO 6 HỘP KEM ZALE ĐỎ THÁI LAN,46550,141 Đã bán,44,Chăm sóc da mặt
"TAGS&MOLES REMOVER Gel Tẩy Nốt Ruồi , Mụn Cơm, Mụn Cóc, Mụn Thịt",59247,53 Đã bán,49,Chăm sóc da mặt
Sữa rửa mặt cho nam Oxy sạch sâu mát lạnh dạng kem Oxy Perfect Wash 100g,67000,15.3K Đã bán,1106,Chăm sóc da mặt
Kem Mụn Klena Forte - Adapalene 0.3% Phù Hợp Da Mụn,145000,426 Đã bán,77,Chăm sóc da mặt
Serum Làm Sáng Da Vitamin C Balance Active Formula Active Formula 30ml,138000,44.2K Đã bán,1554,Chăm sóc da mặt
Chấm mụnnámtàn nhang lấp đầy sẹo rỗ 7 ngày bong Nám Chấm nám KHẮC TINH CỦA NÁM CHÂN ĐINH TÀN NHANG,26550,1.6K Đã bán,331,Chăm sóc da mặt
Kem Ezanic 20% Azelaic Acid Giảm Mụn Mờ Thâm Dưỡng Trắng Da 15g,145000,1.4K Đã bán,291,Chăm sóc da mặt
"Kem dưỡng trắng da, chống nắng SPF50+ ốc sên One Today 9g",59000,655 Đã bán,82,Chăm sóc da mặt
KEM nhân sâm tươi tái tạo hoa hồng tiện lợi Thảo dược tái tạo mạnh sạch mụn nám tàn nhang căng bóng phục hồi da,35305,1.4K Đã bán,257,Chăm sóc da mặt
Kem Face Pháp A Kem dưỡng trắng da mặt,126005,2.3K Đã bán,366,Chăm sóc da mặt
"Serum Tinh Chất Dưỡng Trắng Da Cao Cấp HIH 180ml Đông Trùng Hạ Thảo Làm Da Căng Bóng, Chống Lão Hóa Da 84077",45600,705 Đã bán,106,Chăm sóc da mặt
[HCM]KEM DƯỠNG TRẮNG DA TIGON 18G,23000,1.0K Đã bán,96,Chăm sóc da mặt
"Kem chống nắng Zhiduo Hanchan cho nam và nữ, dưỡng ẩm, bảo vệ da khỏi nắng, chăm sóc da tươi mát, kem chống nắng cho mặt, chăm sóc da mặt   Bán Buôn",21000,,0,Chăm sóc da mặt
Cao nghệ Collagen X3 Mờ Thâm Trắng Da Chống Lão Hóa,99000,199 Đã bán,48,Chăm sóc da mặt
"01 Gói Kem Dưỡng Trắng Sáng Da, Chống Nắng Pond’s Bright Beauty Thái Lan - kem Pond’s thái",9000,389 Đã bán,42,Chăm sóc da mặt
Serum Pure Retinol Dưỡng Ẩm Trẻ Hóa Cải Thiện Đều Màu Da Nhật Bản 60mL,140000,19 Đã bán,9,Chăm sóc da mặt
"Serum Vitamin C B561 Esthemax 100ml Trắng Sáng Da , Khử Mụn Thâm , Chống Lão Hóa",49000,216 Đã bán,34,Chăm sóc da mặt
"Bọ Cạp Kem bọ cạp bôi nấm ngứa, các bệnh ngoài da - ngọc quyết shop Hải 11",18000,222 Đã bán,15,Chăm sóc da mặt
"Kem chấm mụn cấp tốc,kem chấm mụn tận gốc,chóng loại bỏ mụn bọc,giảm thâm ngăn mụn tái phát, kem bôi mụn làm mờ thâm",52200,76 Đã bán,28,Chăm sóc da mặt
Kem Dưỡng Da Nhân Sâm CNXUER Giảm Lão Hóa Mờ Nám Dưỡng Da Trắng Sáng Mịn,59000,,0,Chăm sóc da mặt
"Dầu gội Selsun chống gàu, sạch gàu & hết ngứa da đầu Selsun Anti-Dandruff Shampoo 250ml",187000,22.3K Đã bán,4933,Chăm sóc da mặt
IQ VitaminE kem ngừa nám thái lan 8g,85000,679 Đã bán,85,Chăm sóc da mặt
KEM CÔ GÁI TÓC XÙ HỘP TRẦN 100G HÀ ANH,36000,24 Đã bán,2,Chăm sóc da mặt
Miếng Dán Mụn FOCALSKIN Hút Mụn Sạch | Che Mụn Tự Nhiên | Giảm Sưng Mụn | 60 Miếng Ngày và Đêm Makeup Trang Điểm Che Mụn,65000,2.5K Đã bán,765,Chăm sóc da mặt
"Viên uống chăm sóc sức khỏe, hỗ trợ cải thiện tình trạng sức khỏe yếu, chưa đi chợ đã hết tiền.",81000,132 Đã bán,39,Chăm sóc da mặt
Kem mụn sẹo rỗ thâm trắng da giảm nhờn chống nắng - Kem Hương Thảo Mộc 15g - Mỹ phẩm Mộc Lan,71000,2.1K Đã bán,490,Chăm sóc da mặt
Serum Sạch Nám Tàn Nhang Và Các Vết Thâm Mụn Đỏ Ửng Trên Da Cho Da Trắng Mịn Và Đàn Hồi 50ML,60900,186 Đã bán,40,Chăm sóc da mặt
Gel ngừa mụn - mờ thâm - tái tạo da Decumar Advanced 20g - 8938516099510,89000,86 Đã bán,13,Chăm sóc da mặt
Biona Kem Nghệ Mụn Thâm Sẹo 3g,17820,103 Đã bán,12,Chăm sóc da mặt
Serum  phục hồi dưỡng trắng Hydra Max B5 Serum Prettyskin CHÍNH HÃNG - sisaigon,175000,90 Đã bán,18,Chăm sóc da mặt
[HCM]Kem nám tàn nhang đồi mồi mỹ phẩm Ngọc Ân Quế Trân (12g),55000,3.3K Đã bán,515,Chăm sóc da mặt
KEM FACE PHÁP A COSMETICS MẪU MỚI HỘP 20G CHÍNH HÃNG MP PHƯƠNG ANH,175000,19.1K Đã bán,3432,Chăm sóc da mặt
Kem Giảm Mụn Anti Acne Cream DERMA 10Gr,19000,1.3K Đã bán,170,Chăm sóc da mặt
Kem ngừa mụn dưỡng trắng da mặt đa chức năng - Dew Today 5gr - Mỹ phẩm Mộc Lan,65500,1.2K Đã bán,282,Chăm sóc da mặt
Kem Dưỡng Da Dầu Mụn Compliment No Problem AHA BHA PHA 50ML,75000,18 Đã bán,6,Chăm sóc da mặt
Lẻ 1 hủ kem XWAY dưỡng trắng da hủ 8gram,22500,,0,Chăm sóc da mặt
Kem chấm mụn siêu tốc ngừa sẹo thâm K3 10g hiệu quả hết mụn 24h dành cho da dầu nhờn,24000,1.4K Đã bán,291,Chăm sóc da mặt
Kem ủ T.ê J-PRO hàn quốc chính hãng kem ủ phun xăm phi kim,79000,83 Đã bán,10,Chăm sóc da mặt
KEM CAO MỤN THÔNG ĐỎ LIỀU CAO HỘP 15G,105000,23 Đã bán,3,Chăm sóc da mặt
"Rụng mụn cóc, mụn thịt, xóa nốt ruồi không đau rát chính hãng",60850,532 Đã bán,170,Chăm sóc da mặt
Kem 4k berry plus 5x giúp sáng da làm mờ nám thâm hàng nội địa chính hãng thái lan 20g,123000,23 Đã bán,10,Chăm sóc da mặt
Serum tinh chất trắng da dưỡng căng bóng SEOMOU 30ml chiết xuất hoa phong lan thành phần tự nhiên A44,25900,608 Đã bán,132,Chăm sóc da mặt
[Lẻ 1 ống] Serum Cấy Phấn Trắng Da Meso White Hàn Quốc,30000,457 Đã bán,45,Chăm sóc da mặt
Kem nghệ Yoosun - ngừa mụn ngừa sẹo từ tinh chất nghệ có thêm vaseline dưỡng da làm mềm mịn da,29000,1.3K Đã bán,169,Chăm sóc da mặt
Kem Nám Đồi Mồi Ngừa Nhăn Làm Trắng Da Trà Xanh Tinh Chất Serum NHẬT VIỆT COSMETICS 13g,66000,50 Đã bán,7,Chăm sóc da mặt
Kem Sâm Ginseng Thái Lan Dùng Ban Đêm Loại Chính Hãng,140000,288 Đã bán,43,Chăm sóc da mặt
Serum truyền trắng mờ thâm sẹo The Elf Nano white dose Thái Lan,125000,25 Đã bán,7,Chăm sóc da mặt
"Kem Hết Mụn Anti-Acne Hiệu Quả Được Các Viện Khuyên Dùng, Ngừa Mụn, Mờ Thâm Hiệu Quả Dưỡng Ẩm, Làm Trắng Sáng Da Mịn Màng 20G",40800,684 Đã bán,136,Chăm sóc da mặt
"Serum Dưỡng Da Chuyên Sâu Xóa Nhăn, Mờ Thâm Nám, Ngăn Ngừa Da Chảy Xệ Anti-Aging Daily OUHOE (30ml)",41365,41 Đã bán,18,Chăm sóc da mặt
Thảo dược đông y cốt sâm có bột bong mạnh tái tạo da sạch mụn nám tàn nhang hiệu quả 30ml,21576,309 Đã bán,59,Chăm sóc da mặt
"(Combo 5 Hộp) Kem White Face Thái 15g SPF 50+ Trắng Mịn Da , Khử Mụn Thâm Nám , Tàn Nhang , Chống Lão Hóa",115000,267 Đã bán,54,Chăm sóc da mặt
"Tinh chất serum dưỡng trắng da, cấp ẩm, ngừa thâm mụn Derma Factory Niacinamide 20% Serum",165000,717 Đã bán,128,Chăm sóc da mặt
Serum chống lão hoá serum trắng da serum dưỡng da 120ml serum se khít lỗ chân lông tinh chất dưỡng giả,68735,32 Đã bán,25,Chăm sóc da mặt
Kem Face Pháp A Và Serum Spot A Cosmetics Hàng Chính Hãng,189000,4.6K Đã bán,941,Chăm sóc da mặt
Serum d'Alba Dạng Xịt Nấm Truffle Trắng Căng Bóng Da 100ml Hasaki Sản Phẩm Chính Hãng,446000,481 Đã bán,88,Chăm sóc da mặt
"Đậm đặc Kem chấm rụng (tàn nhang, mụn cóc, mụn cơm, ruồi dư, thịt thừa, mụn thịt..) đông y",65000,25 Đã bán,5,Chăm sóc da mặt
"Serum Beauty Visage ốc sên tái tạo, trẻ hóa làn da, xóa nhăn bỏ sung collagen cho da dành cho mặt và vùng da quanh mắt",69600,88 Đã bán,25,Chăm sóc da mặt
"Derma Forte giảm mụn - Gel giảm mụn, giảm thâm Derma Forte",79000,36 Đã bán,12,Chăm sóc da mặt
"Gel tẩy nốt ruồi, mụn cóc, mụn thịt, tàn nhang, sẹo lồi Develinil Nga 3ml, an toàn và hiệu quả - Soleil shop",30000,58 Đã bán,8,Chăm sóc da mặt
Bộ Phục Hồi Tinh Chất Collagen Dưỡng Ẩm Xóa Nhăn Mờ Thâm Trẻ Hóa Da Cả Hộp 20ml,34800,164 Đã bán,44,Chăm sóc da mặt
"Benzac AC 2.5 - 5% (30g) kem chấm mụn, 5 % và 2.5% benzoyl peroxide, giảm sạch mụn ngay",135000,358 Đã bán,58,Chăm sóc da mặt
Serum Ốc Sên Narguerite,105000,1.9K Đã bán,320,Chăm sóc da mặt
"Hộp 30 Viên Serum Dưỡng Da CSK Nâng Tông Màu Da, Nuôi Dưỡng Và Làm Sáng Da",32500,349 Đã bán,25,Chăm sóc da mặt
SERUM MỤN CẤP TỐC 24H LINH SÂM - chấm mụn,28900,945 Đã bán,71,Chăm sóc da mặt
Kem mụnKem chấm mụn thâm cấp tốc cho nam giới nữ giớigel mụnKem Hết Mụn Xóa thâm skinacnegiúp dưỡng trắng da xóa thâm liền sẹoKiểm Soát DầuDưỡng ẩm và Nuôi giảm vết thâm mụn -12g,53344,234 Đã bán,92,Chăm sóc da mặt
"Gel Da Liễu Dr.YuTitan – Kem Dr.Yu Titan Làm Dịu Da Kích Ứng, Giảm Mẩn Đỏ, Sưng Tấy, Hỗ Trợ Phục Hồi Da",149000,7 Đã bán,0,Chăm sóc da mặt
Gel Nha Đam Milaganics Dưỡng Ẩm & Làm Mềm Da 300ml - Hasaki - Hàng Chính Hãng,89000,125 Đã bán,32,Chăm sóc da mặt
"Serum Mụn Dr.skinacnes, Thảo dược sạch mụn, sạch thâm,hiệu quả sau 7  ngày sử dụng",68310,2.6K Đã bán,413,Chăm sóc da mặt
Kem Dưỡng Sáng Da Olay Luminous Ban Ngày & Ban Đêm 50g Hasaki Sản Phẩm Chính Hãng,187000,540 Đã bán,127,Chăm sóc da mặt
"Kem TOP GEL dưỡng trắng da, ngừa mụn, chống lão hóa 10gr",85000,204 Đã bán,41,Chăm sóc da mặt
Vitamin cấy trắng sa thị combo 5 viên dưỡng trắng da,10187,49 Đã bán,10,Chăm sóc da mặt
[HCM]combo sỉ 12 kem sâm vàng  thái lan chính hãng,73786,152 Đã bán,36,Chăm sóc da mặt
Kem dưỡng trắng da mặt chống nắng SPF 45 mờ nếp nhăn se khít lỗ chân lông - Kem Hương Thảo Mộc 15g - Mỹ phẩm Mộc Lan,71000,2.2K Đã bán,537,Chăm sóc da mặt
Kem mụn sẹo rỗ thâm dưỡng trắng da mặt giảm nhờn và mịn da - Kem Nano White 15g - Mỹ phẩm Mộc Lan,49200,12.7K Đã bán,2932,Chăm sóc da mặt
Sữa dưỡng Rong Nho Nhật Bản Las Beauty truyền trắng dưỡng da căng bóng 50ml,98666,5 Đã bán,1,Chăm sóc da mặt
Kem Nghệ Giảm Mụn Hỗ Trợ Làm Mờ Sẹo Thâm E100 18.5Gr,18000,3.3K Đã bán,492,Chăm sóc da mặt
(Chính Hãng) Bộ Mụn - Nám Gia Truyền Spa,111550,91 Đã bán,16,Chăm sóc da mặt
FAIR KING Serum ốc sên chống lão hóa cho mặt Kem dưỡng trắng da mặt axit hyaluronic để chăm sóc da mặt Thu nhỏ lỗ chân lông Retinol Mỹ phẩm  - intl,67000,1.7K Đã bán,351,Chăm sóc da mặt
KEM SÂM LINH CHI LU LAN JINA  SIÊU TRẮNG CHỐNG NHĂN NÁM TÀN NHANG 25G ( TEM ĐỎ ),65000,600 Đã bán,87,Chăm sóc da mặt
"(Lốc 10 Tuýp) Kem Khử Nám Clobet 25g Tàn Nhang, Giảm Mụn , Nấm Da",84000,137 Đã bán,39,Chăm sóc da mặt
KEM ỐC SÊN LINH CHI NEW TODAY DƯỠNG TRẮNG DA NGĂN NGỪA NÁM 18g,49000,42 Đã bán,3,Chăm sóc da mặt
"Serum Ốc Sên Tái Tạo Beauty Visage Nga 30ml Dưỡng Trắng, Giảm Nhăn Trẻ Hóa Làn Da",75000,180 Đã bán,37,Chăm sóc da mặt
Serum dưỡng trắng Vitamin C dưỡng trắng da SADOER dưỡng ẩm trắng da cân bằng da phù hợp mọi loại da,41000,20 Đã bán,13,Chăm sóc da mặt
Kem dưỡng trắng da mặt ngày và đêm giúp phục hồi làn da mới - Kem Hương Thảo Mộc 15g - Mỹ phẩm Mộc Lan,71000,954 Đã bán,231,Chăm sóc da mặt
Some By Mi Miếng dán mụn Clear Spot Patch,65000,30 Đã bán,2,Chăm sóc da mặt
Jessup Bộ Cọ Trang Điểm 14 Chiếc Cọ Trang Điểm Đường Viền Phấn Nền Phấn Mắt Nổi Bật Phối Kem Che Khuyết Điểm Lót Elegant black T336,673969,8.9K Đã bán,1621,Trang điểm
Bảng Phấn Mắt Đa Năng Carslan 10 Màu Lấp Lánh Bộ Trang Điểm Đầy Đủ Cho Người Mới Bắt Đầu 18g (Phấn Má + Phấn mắt + Highlight + Tạo Khối),279000,4.1K Đã bán,1025,Trang điểm
[MUA LÀ CÓ QUÀ] Nước Tẩy Trang L'Oréal Paris Micellar Water 400ml Hasaki Sản Phẩm Chính Hãng,85000,12.7K Đã bán,1764,Trang điểm
[ bán chạy ] Phấn Trang Điểm BÔNG LÚA Thái Lan,24750,58 Đã bán,10,Trang điểm
"Cọ Tán Kem Nền Bạc Kèm Vỏ Bọc Silicon Lông Mềm Mịn, Cọ Dẹt Tán Nền Trang Điểm Mỏng Nhẹ Căng Mướt Tự Nhiên Siêu Xinh",17000,67 Đã bán,13,Trang điểm
Xịt khóa nền khóa lớp trang điểm dưỡng ấm bắt sáng makeup,20691,41 Đã bán,6,Trang điểm
"(S-Xù) Kem lười nâng tone VC trang điểm lớp makeup làm săn chắc da , dưỡng ẩm , trắng da nâng tone",41000,19 Đã bán,4,Trang điểm
Kem dưỡng nâng tông da bền lâu VC Kem trang điểm 30G,45000,40 Đã bán,7,Trang điểm
Bảng Phấn Mắt Cao Cấp 23 Ngăn Có Bàn Chải Lâu Dài Chống Thấm Nước Mờ Phấn Mắt Phối Màu Mềm Thật,19100,3.5K Đã bán,663,Trang điểm
Bộ Cọ Trang Điểm 13 Cây Đa Chức Năng – Đẹp Chuẩn Từng Nét,21200,12.3K Đã bán,3176,Trang điểm
SUYANGIR | Kem Chống Nắng Làm Trắng Da Che Khuyết Điểm Cushion CC Cream Dưỡng Ẩm,147700,,11,Trang điểm
pechoin | Kem Chống Nắng Trắng Da Bảo Vệ UV và Che Khuyết Điểm,294000,,38,Trang điểm
pechoin | Kem Chống Nắng Chống Thấm Nước Có Tính Năng Isolation và Che Khuyết Điểm 3-trong-1 Làm Trắng,603400,,0,Trang điểm
"Bảng phấn mắt - 9 ô nhiều màu sắc đa đạng , phù hợp giới trẻ , theo xu hướng mới",6700,6.8K Đã bán,1682,Trang điểm
"Phấn Phủ GECOMO – Kem Che Khuyết Điểm Dạng Bột, Kiểm Soát Dầu, Làm Sáng Da, Chống Thấm Nước, Hiệu Ứng Mờ Mịn, Bền Màu Lâu Trôi, Giá Tốt",5200,4.6K Đã bán,1087,Trang điểm
"Bút Kem Kẻ Lông Mày GECOMO – Chống Thấm Nước, Lâu Trôi, Làm Dày Tự Nhiên, Chống Mồ Hôi, Định Hình Lông Mày Chuẩn Sắc Nét, Giá Rất Tốt",4500,5.3K Đã bán,1285,Trang điểm
"Phấn má hồng dạng thỏi chống thấm nước, làm sáng, giá cả phải chăng cho sinh viên, tiệc tùng, làm trắng, tạo khối",5500,5.0K Đã bán,1185,Trang điểm
"Hesheng – Bộ Cọ Trang Điểm Mini Đa Năng 6 Món | Cọ Phấn Mắt, Phấn Má, Kem Nền, Highlight & Che Khuyết Điểm",7200,984 Đã bán,201,Trang điểm
"Gege Bear Kem Má Hồng Dạng Lỏng – Màu Đào Tự Nhiên, Làm Sáng Da, Kèm Đầu Mút Tán, Trang Điểm Đa Năng, Giá Siêu Tốt",5000,3.3K Đã bán,888,Trang điểm
Đơn Sắc Cao Cấp Màu Mắt Đơn Bảng Lắc Chân Nữ Ngọc Trai Lâu Dài Chống Thấm Nước Lấp Lánh Trang Điểm Mắt Dành Cho Nữ,15900,5.3K Đã bán,1262,Trang điểm
"Phấn Mắt Dạng Lỏng OUOII Gilded Fantasy – Nhũ Nhẹ Lấp Lánh, Sequins Kim Tuyến, Hiệu Ứng Ngọc Trai, Trang Điểm Mắt Lì Mượt",3900,1.4K Đã bán,312,Trang điểm
Kem Nền Trang Điểm Đa Năng 30g XXM65754,24000,245 Đã bán,52,Trang điểm
"Son Kem Lì Nude Daimanpu – 6 Màu Thời Thượng, Lâu Trôi, Không Trôi Khi Uống, Chống Nước – 1.6g",4500,1.9K Đã bán,309,Trang điểm
Bảng Phấn Mắt 25 Màu Sắc,27200,382 Đã bán,69,Trang điểm
"Son MAGIC CASA Dudu Lip Gloss Dưỡng ẩm, Lip Glaze",8800,2.6K Đã bán,729,Trang điểm
"Bảng Phấn Mắt Cao Cấp Đa Màu – Chống Nước, Lâu Trôi, Kèm Tạo Khối, Trang Điểm Mắt Chuyên Nghiệp",3900,596 Đã bán,97,Trang điểm
"HERORANGE HR533 – Má Hồng Mousse Dạng Kem Lì Đa Năng, Hồng Phấn Tự Nhiên Như Ánh Mặt Trời",9500,888 Đã bán,176,Trang điểm
"Son Lì Chống Nước, Dưỡng Ẩm, Bền Màu",6800,2.6K Đã bán,696,Trang điểm
"Son Bóng PINKY FOCUS PN4458 – Hiệu Ứng Gương 3D Căng Mọng, Lâu Trôi! 💄",5700,5.2K Đã bán,1584,Trang điểm
"Bảng màu mắt - 6 màu - thời trang , cập nhật xu thế mới 2025",13300,1.5K Đã bán,397,Trang điểm
DIKALU Little Bear Tears Liquid Eyeshadow Tằm Ngọc Trai Siêu Sáng Bóng Pha Lê Lấp Lánh Tinh Tế,12300,2.6K Đã bán,838,Trang điểm
Thanh Hai Đầu Che Khuyết Điểm Và Tạo Khối Đánh Bóng,9000,5.0K Đã bán,1659,Trang điểm
Xịt khóa trang điểm Cao Cấp cố định lớp make up 12 giờ EXGYAN 100ml căng bóng mịn lâu trôi cấp nước kiềm dầu A175,32500,429 Đã bán,12,Trang điểm
"Son Bóng Cappuvini Kabuwini Iceberg – Hiệu Ứng Gương Nước Trong Suốt, Dưỡng Ẩm, Căng Mọng, Không Dính Cốc",7800,1.3K Đã bán,343,Trang điểm
(Miễn Phí Vận Chuyển Trên 50K)25 màu Ngọc trai Matte Bảng phấn mắt Tông màu đất Độ bão hòa thấp Bảng phấn mắt Hiệu quả lâu dài tự nhiên Thích hợp cho người mới bắt đầu Đáp ứng nhu cầu trang điểm hàng ngày,2600,9 Đã bán,1,Trang điểm
Sweetmint không có ba màu che khuyết điểm che mắt quầng thâm nước mắt mụn trứng cá đốm sắc lệnh làm sáng màu da  ZP3233,9000,589 Đã bán,114,Trang điểm
Son môi Lamuseland LAS101 chống thấm nước lâu trôi 1.5g,3200,17.0K Đã bán,2942,Trang điểm
"Phấn Má Dạng Kem Cappuvini Cream Blush – Màu Đào Tự Nhiên, Chất Lì Mịn, Tôn Màu Da, Tỏa Sáng Vẻ Đẹp Tươi Tắn",7900,654 Đã bán,150,Trang điểm
"Phấn Nước BB Cream Air Cushion KAQILI Che Khuyết Điểm Hoàn Hảo - Giữ Ẩm Da, Trắng Mịn Và Lâu Trôi A2590",38600,66 Đã bán,12,Trang điểm
"Son lì MAFFICK , bám tốt , lâu trôi , màu sắc lung linh , cho làm môi thêm quyến rũ",7400,3.1K Đã bán,732,Trang điểm
MONLEYTA | Son Dưỡng & Làm Trắng cho Phụ Nữ,37100,,0,Trang điểm
MONLEYTA | Bảng Màu Son 25 Màu với Hiệu ứng Lấp lánh và Mờ,47600,,1,Trang điểm
MONLEYTA | Son Dưỡng Môi Chống Nẻ,39200,,0,Trang điểm
MONLEYTA | Bảng Màu Mắt Matte Đất,47600,,0,Trang điểm
Bánh Mì Nướng Kẹo Bông Nhật Bản Miếng Bọt Biển Trang Điểm Siêu Mềm Dorisna Phóng To Và Dày Đệm Hơi Bông Thoa Phấn Nền Gối Nhỏ Mút Trang Điểm,13800,6.2K Đã bán,369,Trang điểm
"Phấn má hồng hot Lameila, Phấn má hồng LameiLa màu đơn sắc tông nude tự nhiên",5000,37 Đã bán,1,Trang điểm
Bộ cọ trang điểm 4in1 xinh xắn dễ thương,12100,5.7K Đã bán,1598,Trang điểm
"【Free shipping for orders over 50k】Bảng Phấn Mắt  25  Ô Màu Trang Điểm Tự Nhiên Lấp Lánh Lâu Trôi Lì, Eyeshadow  Chất Phấn Nhũ Mịn Màu Siêu Xinh Tạo Hiệu Ứng Lấp Lánh",6244,35 Đã bán,7,Trang điểm
Kem Chống Nắng LAIKOU Nhật Bản 50g Làm Trắng SPF 50 PA+++ UV,19500,4.8K Đã bán,1466,Trang điểm
Bảng phấn 3 màu bắt sáng/tạo khối/má hồng DIKALU - Hàng nội địa Trung cao cấp DKL-034,25100,4.0K Đã bán,133,Trang điểm
"Má hồng dạng lỏng che khuyết điểm toàn diện khi makeup khuôn mặt, làm đẹp da không tì vết",22100,2.7K Đã bán,552,Trang điểm
Formix Bút Phấn Mắt 2 Đầu Tiện Lợi Một Đầu Phấn Mắt - Một Đầu Tán Fomix Giúp Mắt Lung Linh Huyền Ảo Đẹp Hút Hồn,5400,19.4K Đã bán,7064,Trang điểm
Son Kem Lì Cappuvini Nước Phát Sáng Hổ Phách Sắc Tố Cao Mặc Dài Matte Liquid Lipstick Thạch Anh Nâu Màu Sắc Thời Trang Không Bóng,8400,1.4K Đã bán,337,Trang điểm
"Xịt Khóa COLORKEY Phiên Bản Nâng Cấp, Khóa Lớp Nền Trong 30s, Cố Định Lớp Trang Điểm Suốt 24h 100ml/chai",161000,889 Đã bán,205,Trang điểm
"Kem Nền Air Cushion -  Che Khuyết Điểm, Dưỡng Ẩm Lâu Dài, Dạng Lỏng 5.5g",34900,282 Đã bán,82,Trang điểm
"Bảng phấn mắt màu hồng Teen Girl, Highlighter, Blush, Bảng màu ba trong một, Với lung linh ngọc trai",20200,2.8K Đã bán,745,Trang điểm
Phấn Má Hồng FOCALLURE trang điểm tự nhiên 2.8g,30912,1.3K Đã bán,1027,Trang điểm
Set 5 Cây Son Kem DANMOLU Siêu Mềm Mịn Môi Hàng Nội Địa Trung,26100,5.9K Đã bán,1961,Trang điểm
"Cọ Trang Điểm Phủ Phấn Peach Powder Brush, Lông Cọ Mềm Mượt Cao Cấp, Tạo Nét Tự Nhiên Mỏng Mịn",22300,3.8K Đã bán,1108,Trang điểm
Bút Chì Kẻ Lông Mày Phẩy Sợi 4D Chống Nước Lâu Trôi Make Up Trang Điểm Mắt Kẻ Chân Mày MICOMI Cosmetics,18800,4.0K Đã bán,1305,Trang điểm
"Kem che khuyết điểm 3 màu DIKALU che phủ nám tàn nhang, mụn thâm, quầng thâm, rãnh mắt, da không đều màu DKL-56",22700,1.1K Đã bán,138,Trang điểm
"(LL) Kem Chống nắng hemia hàn quốc 50ml chống nắng SPF 50+ Helumei dưỡng trắng chống nắng thay thế kem trang điểm , nâng tone da che khuyết điểm",31000,27 Đã bán,2,Trang điểm
"DUcare 15Pcs/Set Makeup Brushes, Professional Premium Synthetic Kabuki Makeup Brush Set, Professional Foundation Concealers Powder Blush Blending Face Eye Shadows Black Brush Tools【Post in 24 Hours&90 days Warranty Services】",255115,2.3K Đã bán,379,Trang điểm
"Son Lameila kem nhung lì, kháng nước lâu trôi và dưỡng ẩm môi, có 4 màu tùy chọn",6900,1.4K Đã bán,460,Trang điểm
Phong Cách Hàn Quốc Mờ Bảng Phấn Mắt 16 Màu Tự Nhiên Hiệu Ứng Ngọc Trai Trang Điểm Lâu Dài Giá Cả Phải Chăng Phát Sáng Mí Mắt Nhìn,23100,1.4K Đã bán,0,Trang điểm
"Son Dưỡng Môi Hương Trái Cây Dạng Thỏi, Son Bóng Giúp Căng Mọng Làm Mềm Môi Nhỏ Gọn Dễ Bỏ Túi",19100,220 Đã bán,51,Trang điểm
[HCM]Phấn phủ kiềm dầu siêu mịn Images giúp da trắng sáng mịn màng - TONE TRẮNG SÁNG,26600,8.4K Đã bán,1592,Trang điểm
Phấn Phủ Kiềm Dầu NOVO 7g Chống Nước Da Mịn Màng | Hàng Chính Hãng,64000,10 Đã bán,2,Trang điểm
Son bóng lì dưỡng ẩm dạng nước làm trắng môi hai đầu không dễ bị dính vào bùn môi,23900,1.4K Đã bán,405,Trang điểm
"(Free Ship) Kem nâng tone da chống nắng TaGong kem lười trang điểm Makeup 50g Hàn Quốc trắng mịn , chống lão hóa",53000,,1,Trang điểm
Phấn mắt 2 đầu dạng bút MYHO hiệu ứng nhũ kim tuyến lấp lánh,25300,10.0K Đã bán,237,Trang điểm
"Son Kem Lì Cao Cấp – Lì Mịn, Không Dính Cốc, Nâng Tầm Khí Chất",26000,978 Đã bán,308,Trang điểm
"Son Lì Dưỡng Ẩm Dạng Bút – Lâu Trôi, Chống Nước, Mịn Môi Tự Nhiên maffick",8000,5.2K Đã bán,1659,Trang điểm
Kem chống nắng makeup BIGOO hot hit,45000,10 Đã bán,2,Trang điểm
"(Free Ship) Kem lười nâng tone VC trang điểm lớp makeup vitamin C lamd săn chắc , dưỡng sâu chân lông",42000,39 Đã bán,9,Trang điểm
"Xả Hàng Cắt Lỗ Kem Chống Nắng Nâng Tone Da Tạo Lớp Makeup Mỏng Nhẹ 60g, kcn Dạng Gel Sữa Thấm Nhanh Không Bết Dính",28350,88 Đã bán,15,Trang điểm
Florasis (Hoa Tây Tử) Phấn Nước Jade Radiance Soft Matte – Che Phủ Mịn Màng Với Hiệu Ứng Lụa Satin,311000,110 Đã bán,14,Trang điểm
"Cushion Chống Nắng COLORKEY SPF 50+PA++++ Bền Màu Lâu Trôi Suốt 24h Che Phủ Hoàn Hảo, Giúp Làn Da Rạng Rỡ Thiết Kế Họa Tiết Kẻ Ô Đặc Biệt 11g",245000,99 Đã bán,17,Trang điểm
"(Mp-TH) Kem lười nâng tone VC trang điểm lớp makeup làm săn chắc da chứa vitamin C, dưỡng mềm mịn da",41000,,0,Trang điểm
"Xịt Khoáng Khoá Trang Điểm Aguliya Soft Focus O'GULIA Giữ Ẩm và Dưỡng Ẩm Da, Giữ Lớp Trang Điểm Lâu Trôi, Mềm Mịn, Không Lem Màu, Chống Oxy Hoá, Trẻ Hoá Da",52700,209 Đã bán,69,Trang điểm
RUORI LIANA | Son Dưỡng Môi Không Màu,62300,,0,Trang điểm
MONLEYTA | Bảng Mắt Tông Lạnh Lilac Quế Pha Trộn Đế Nude Beige Xám Hồng,50400,,0,Trang điểm
RUORI LIANA | Son Lì Velvet,140700,,1,Trang điểm
DPDP | Phấn Nền Mịn Không Lỗ Chân Lông,858000,,8,Trang điểm
Set 2 Sơn Móng Tay 12mlx2 Siêu Đẹp Nhanh Khô Lâu Trôi Không Thấm Nước (MÀU HOT) SET-2,26400,3.3K Đã bán,58,Trang điểm
"Kem Che Khuyết Điểm ZEESEA Concealer , Giúp Che Phủ Toàn Diện, Làm Đều Màu Da, Hiệu Quả Lâu Trôi 3g",34000,,0,Trang điểm
"Phấn Pond's Thái Lan, Phấn Ponds BB - Blurring Filler - Pinkish White Glow Giúp Da Khô Thoáng, Tươi Tắn 50g - Wincy Mart",42000,239 Đã bán,46,Trang điểm
Dorisna Bảng Màu Che Khuyết Điểm 3 Màu Kem Nền Che Phủ Toàn Bộ Trang Điểm Tự Nhiên Không Thấm Nước Mờ,9600,1.3K Đã bán,384,Trang điểm
"Phấn Bắt Sáng Dạng Thỏi Bám Màu Lâu Tạo Điểm Sáng Trên Khuôn Mặt, Phấn Má Trang Điểm Màu Tự Nhiên",23200,,1,Trang điểm
FOCALLURE Phấn Phủ Dạng Bột Kiềm Dầu Che Phủ Toàn Diện 7g,48299,4.6K Đã bán,5284,Trang điểm
"Phấn Má Hồng Ô Đơn Trang Điểm – Màu Sắc Nhiều Lựa Chọn, Tươi Tắn, Năng Động, Mang Lại Làn Da Rạng Rỡ Tự Nhiên",4200,1.6K Đã bán,436,Trang điểm
Kem Trang Điểm CC Kanebo Freshel - Nhật mẫu mới,399000,,0,Trang điểm
Kem Lười Nâng tone sáng da tức thì 30g | Kem che khuyết điểm nhanh & làm sáng Kem nền trang điểm tự nhiên lâu trôi,66780,119 Đã bán,56,Trang điểm
Phấn Phủ Bông Lúa Thái Lan 10g,40000,217 Đã bán,30,Trang điểm
Bút Kẻ Mắt Kẻ mắt SÁP 851 thanh mãnh mềm mịn lâu trôi nội địa sỉ rẻ EYELINER WE Store,14800,367 Đã bán,79,Trang điểm
[KÈM QUÀ] Kem Chống Nắng Trang Điểm Hương Thị 50ml,660000,,0,Trang điểm
"Kem trang điểm, Chống nắng Nâng tone Sáng da Hunmui 75ml - Hàng chính hãng",39000,,0,Trang điểm
Phấn má hồng nội địa Trung - 1 màu đơn sắc - xu hướng giới trẻ thịnh hành,8000,7.8K Đã bán,2300,Trang điểm
"Bộ 5 Bút Nhũ Mắt Nằm Tằm ""Silkworm"" Đa Năng – Lì, Nhũ Mịn, Lấp Lánh & Dễ Kẻ Đường Khóe Mắt",32500,337 Đã bán,72,Trang điểm
"Thỏi Phấn Mắt Nhũ Kim Tuyến Lấp Lánh 2 Line Lameila Color Eye Shadow Chống Thấm Nước Bền Màu, Lâu Trôi 3.8g",48510,30 Đã bán,8,Trang điểm
Xịt Khóa Nền Giữ Chặt Lớp Trang Điểm 100ml Dưỡng Ẩm Bắt Sáng - LIFUSHA  MAKEUP FIXER SPRAY,39000,,0,Trang điểm
Phấn phủ trang điểm CARSLAN lâu trôi kiềm dầu 24 giờ 8g vỏ màu đen nam châm,279000,1.2K Đã bán,268,Trang điểm
[HCM] ( Mẫu mới) 1HỘP 6 GÓI X 6.5G KEM DƯỠNG BAN NGÀY PONDS - SPF15 PA++ THÁI LAN - BAO BÌ SẢN PHẨM THAY ĐỔI TÙY THỜI ĐIỂM NHẬP HÀNG,65000,1.1K Đã bán,255,Trang điểm
combo trang điểm makeup,100000,,0,Trang điểm
Bộ 6 sản phẩm dưỡng da và makeup Cao cấp Skinaz Hàn Quốc,4300000,,0,Trang điểm
kem chống nắng makeup nangfa chính hãng.4in1,85000,13 Đã bán,1,Trang điểm
"Kem Chống Nắng Trang Điểm Giữ Tone Tới 16h, Hỗ Trợ Kiềm Dầu, Hỗ Trợ Hạn Chế Bắt Nắng The High Airfit Sun Cream 50ml",285000,,0,Trang điểm
"Bảng Màu Makeup Tạo Khối MAFFICK Chuyên Nghiệp, Phủ Highlight Lấp Lánh Bắt Sáng Da",31000,,0,Trang điểm
[HCM]Bảng Phấn Mắt Nhũ 9 Ô Vuông DikaluLameila Baby - Tông Màu Nâu Cam Vàng Nhũ Siêu HOTTREND,24700,2.3K Đã bán,411,Trang điểm
Xịt khoáng khóa nền trang điểm hương trái cây Karite 60ml ( SiSaiGon9004),18000,,0,Trang điểm
xịt trang điểm chống nắng dưỡng da hàng nội địa 150ml,25229,,0,Trang điểm
SHEGLAM Fall In Line Peel Off Lip Liner Stain Lip Tattoos Lipstick,118041,85 Đã bán,5,Trang điểm
Kem BB trang điểm chống nắng dưỡng ẩm HOLIKA HOLIKA Petti SPF PA++ 30ml phiên bản Among Us,200000,,0,Trang điểm
(Miễn Phí Vận Chuyển)Mooekiss Bảng Khối Phấn Bắt Sáng Bảng Trang điểm Tự Nhiên Lâu Trôi Chống Nước 3 màu 16.5g mini 9g,121700,19 Đã bán,3,Trang điểm
Bút phấn mắt nhũ 2 màu-Trang điểm tiện lợi phong cách Hàn Quốc,39000,,1,Trang điểm
"Xịt Khoáng Trang Điểm Dưỡng Da, Lâu Trôi, Giữ Ẩm Makeup Spray Gecomo 100ml",75000,,0,Trang điểm
Xịt makeup milani 4 loại,40000,,0,Trang điểm
"(Siêu Hot) Tinh chất Feelxo Glacier Air- Fit Tone Up Sun Ampoule SPF50+/PA+++ Chống Tia uv cao , che Khuyết điểm ,Trắng mịn da",45000,,0,Trang điểm
2 trong 1 hai màu chuyển sắc nhung Bút phấn mắt trang điểm không thấm nước bền lâu nhũ ánh kim Phấn mắt mỹ phẩm,35900,118 Đã bán,78,Trang điểm
"Dầu Massage Em Bé 100ml Chiết Xuất Từ Oliu Dưỡng Ẩm Da, Phục Hồi Độ Ẩm",9000,3.0K Đã bán,837,Trang điểm
"Đồng Hồ Nữ Relo Hàn Quốc – Sang Trọng, Đơn Giản & Dễ Thương Với Dây Da Thời Trang",6500,14.8K Đã bán,2763,Trang điểm
TMOX | Son Dưỡng Môi Không Trôi,151900,,4,Trang điểm
Đẩy Lên Núm Vú Bao Miếng Lót Keo Chống Trơn Trượt Cho Quần Áo An Toàn Không Dấu Vết Miếng Lót Áo Ngực Nữ Tích Hợp Áo Yếm Không Dây,17400,1.2K Đã bán,211,Trang điểm
MYY | Son Lì 3g,152600,,0,Trang điểm
"Innisfree powder Phấn Phủ Kiềm Dầu Dạng Bột Mineral  5g - Chiết Xuất Bạc Hà Tươi & Muối Biển Jeju - Hấp Thụ Dầu Thừa, Làm Mờ Lỗ Chân Lông Tức Thì - Định Hình Lớp Trang Điểm 12H - Chống Trôi Makeup, Không Vệt Trắng - Thiết Kế Hộp Mini Dễ Dàng Mang Theo",69102,34 Đã bán,8,Trang điểm
"​​THE SAEM Kem Che Khuyết Điểm Cover Perfection Tip Concealer -Vừa Che Phủ Vừa Dưỡng Da | Công Thức SPF28/PA++ Bảo Vệ Da Khỏi Tia UV | Kết Cấu Kem Mềm Mịn, Dưỡng Ẩm Cao Không Gây Khô Căng | Không Vón Cục, Lâu Trôi Suốt 12 Giờ Mang Lại Làn Da Đẹp Tự Nhiên",71280,36 Đã bán,5,Trang điểm
[MUA LÀ CÓ QUÀ] Combo 10 Mặt Nạ Giấy BNBG Vita Genic Jelly Mask 30ml Hasaki Sản Phẩm Chính Hãng,174000,282 Đã bán,47,Trang điểm
Bộ dưỡng da trang điểm Bobbi Brown Easy Glowing Makeup and Skin Trio,795000,,0,Trang điểm
Kem chống nắng dưỡng trắng da trang điểm BB LUKMASK 50ml,165000,,0,Trang điểm
Xịt khoáng khóa nền trang điểm hương trái cây Karite 60ml ( Bách Hóa Sỉ Lẻ Online),18000,,0,Trang điểm
"Kem chống nắng trang điểm ELIZA 50g nâng tông, lâu trôi, ngừa lão hóa",179000,,0,Trang điểm
"Phấn Nền Bảng Màu Nước, Bảng Màu, Bảng Màu, Bảng Màu, Bảng Màu, Bảng Màu, Trang Điểm Làm Đẹp, Chuyên Gia Trang Điểm, Trang Điểm Nền Chuyên Nghiệp",65000,91 Đã bán,0,Trang điểm
Nước Hoa Hồng Dưỡng Ẩm Làm Dịu Da Nhạy Cảm Trước Khi Trang Điểm,399000,,0,Trang điểm
SU:M37˚ | Bộ kem chống nắng làm mát Sulwhasoo Snowise Bộ trang điểm bảo vệ chống nắng SPF,674000,,0,Trang điểm
"Kem trang điểm cho nam, kem vegan cho nam, kem đa tác dụng cho da mặt trần cho nam, kem dưỡng da cho nam, kem che khuyết điểm dưỡng ẩm kiểm soát dầu cho nam",504574,,0,Trang điểm
"Kem che khuyết điểm mạnh cho nam, kem đa tác dụng cho mặt, kem trơn cho nam, kem trang điểm cho nam, kem nâng tone cho nam, kem trang điểm cho nam để dưỡng ẩm & che phủ vết thâm, dưỡng ẩm và cấp nước (1 cái)",496361,,0,Trang điểm
Canmake Phấn Định Dạng Bột Mềm Marshmallow SPF50+ PA++++ 10g | Kiểm Soát Dầu 8H & Chống Trôi Mồ Hôi  | Làm Mờ Lỗ Chân Lông & Căng Bóng Da | Che Khuyết Điểm & Làm Mịn Da Tức Thì | Giữ Lớp Trang Điểm Lâu Trôi  | Không Vón Cục,197010,16 Đã bán,2,Trang điểm
Giftset LA.N - come chuyên dụng trang điểm cho mắt,220000,,0,Trang điểm
Huyết thanh Axit Hyaluronic TJE 5% cho mặt với Vitamin C |   Huyết thanh chống lão hóa siêu dưỡng ẩm |   Kem dưỡng ẩm cho da khô và nhạy cảm |   Chăm sóc da trước trang điểm |   Bao bì vô trùng sáng tạo - 10PCS,292114,,0,Trang điểm
(Chuẩn Hot) Kem nâng tone da TaGong kem lười trang điểm Makeup 50g Hàn Quốc  làm giảm sắc tố melanin rất hiệu quả,53000,,0,Trang điểm
[MUA LÀ CÓ QUÀ] Phấn Nước Aperire Day Dream Cover Cushion SPF50+ PA++++ Chống Nắng Che Phủ Cao 13g Hasaki Sản Phẩm Chính Hãng,346000,115 Đã bán,19,Trang điểm
"[15-17.10 | MUA LÀ CÓ QUÀ] [HO25] Bộ 3 sản phẩm trang điểm cho mắt, má và môi NARS Mini Multiple Set 3.5gx3",1250000,9 Đã bán,0,Trang điểm
"XỊT KHOÁ NỀN GIỮ LỚP TRANG ĐIỂM MAKEUP FIXER SPRAY🌈Chai 100ml
- Thương hiệu Hanumu
- Cấp ẩm , dưỡng da
- Khô nhanh sau 30s, giúp lớp make up không bị bết dính, tạm biệt những phiền phức khi make up",99000,,0,Trang điểm
Serum trang điểm chống nắng Connaly SPF 50,285000,,0,Trang điểm
Phấn phủ CARSLAN dạng bột từ tính kiềm dầu màu đen chống nước chống mồ hôi che phủ bóng dầu cho mặt 8g,239000,680 Đã bán,162,Trang điểm
"KEM FACE COLLAGEN X3 ĐÔNG ANH, Face x3 colagen dưỡng mịn da Kem FACE COLLAGEN X3 được ví như viên ""KIM CƯƠNG"" Chuyên trắng mịn căng bóng da, tạm biệt khuôn mặt nhợt nhạt mỗi sáng, nói không với hàng tá loại phấn phủ, kem nền.",98010,,0,Trang điểm
ZEESEA Mặt Kem Lót Trang Điểm Lót Cô Lập Kem Dưỡng Ẩm Dưỡng Sáng Da Che Khuyết Điểm Tông Màu,99000,20.8K Đã bán,5566,Trang điểm
Đường viền và highlighters dính hai đầu trang điểm kem che khuyết điểm Bộ trang điểm cho nữ trang điểm S1-9LA-HOS-VN,41000,,0,Trang điểm
Combo 6 Hộp bông trang điểm (Bông tẩy trang) Silcot 82 miếng/hộp,177000,73.5K Đã bán,6299,Trang điểm
DAZZLE ME Kem Má Hồng Chống Thấm Nước Và Mồ Hôi Ửng Hồng Tự Nhiên Heart-Melt Creamy Liquid Blush 2.5g,65000,121 Đã bán,38,Trang điểm
Phấn Nền Dạng Bột Pure Desire Milk Powder Matte Highlighter Concealer Che Khuyết Điểm Tóc Rụng Mặt Nạ,43000,84 Đã bán,0,Trang điểm
Kem dưỡng phục hồi đa năng + chống nắng+ trang điểm Conapidil Final Balm SPF50 Pharmesthetic,1890000,,1,Trang điểm
"Phấn Trang Điểm, Phấn Chống Lão Hóa, 3 Dạng, Phấn Nụ Hoàng Cung, Chăm Sóc Da Mặt, Làm Đẹp Dung Tích 25g",167000,1.9K Đã bán,369,Trang điểm
"Bảng màu make up body trang điểm cơ thể chuyên dụng hóa trang Halloween, màu eyeliner chiến make up đi tiệc party - SẢN PHẨM ĐƯỢC YÊU THÍCH TRÊN THỊ TRƯỜNG HIỆN TAY, DÙNG RẤT TỐT LUÔN Ạ, ĐẢM BẢO DÙNG RẤT THÍCH, KHÁCH YÊU TRẢI NGHIỆM ỦNG HỘ SHOP NHÉ",219900,,0,Trang điểm
"[Mukbang Edition] Son tint lì lâu trôi, bền màu BBIA Air Fit Tint 4g",135000,425 Đã bán,102,Trang điểm
SWEET MINT Phấn mắt 10 màu ánh ngọc trai siêu lung linh màu đất lì,14100,1.5K Đã bán,330,Trang điểm
"Duy trì lớp trang điểm trong thời gian dài kiềm dầu tốt, phù hợp với cả bạn da dầu hay hỗn hợp dầu đến da thường",72000,,0,Trang điểm
Hộp Phấn Trang Điểm Má Hồng Lameila Brusher tông lì kết hợp với  nhũ tạo màu nude dễ thương Shop hnnail,7600,,2,Trang điểm
[HCM]Xịt khoáng khóa lớp nền trang điểm Kiss Beauty Peachy - hương thơm dễ chịu cam kết sản phẩm đúng mô tả chất lượng đảm bảo,55000,,0,Trang điểm
Dorisna Bút Ghi Nhớ Bút Trang Điểm 3D Trắng Mờ Làm Sáng Màu Ngọc Trai Highgloss Mỹ Phẩm Phấn Mắt,12700,1.2K Đã bán,384,Trang điểm
Kem Chống Nắng Trang Điểm Hoàng Cung Xanh Danxuenilan 20g,80000,,0,Trang điểm
Kem chống nắng và lót trang điểm Hương Thị Sunscreen Foundation SPF50 30ML - 50ML,562600,301 Đã bán,103,Trang điểm
Kem chống nắng Hemia Hàn Quốc chính hãng bảo vệ da lên đến 8H dưỡng ẩm nâng tone da thay thế kem trang điểm 50ml,139000,210 Đã bán,44,Trang điểm
FOCALLURE JUICY HYDRATING LIP TINT 2g,101150,341 Đã bán,127,Trang điểm
[HCM]Kem Chống Nắng Trang Điểm Make Up NIEL Sunscreen SPF 50+ 15g,32000,15 Đã bán,0,Trang điểm
Kem chống nắng Hemia Hàn Quốc chính hãng bảo vệ da lên đến 8H dưỡng ẩm nâng tone da thay thế kem trang điểm 50mlKem chống nắng Hemia Hàn Quốc chính hãng bảo vệ da lên đến 8H dưỡng ẩm nâng tone da thay thế kem trang điểm 50ml,75000,,0,Trang điểm
Kem Chống Nắng Makeup Nangfa,95000,50 Đã bán,2,Trang điểm
[HCM]TINH CHẤT LÓT TRANG ĐIỂM LANEIGE GLOWY MAKEUP SERUM 30ML,424788,,0,Trang điểm
3PCS Kout hai đầu trang điểm mắt tự nhiên bút S1-9LA-HOS-VN,31000,,0,Trang điểm
"Kem Chống nắng trang điểm Dưỡng Trắng Giữ Tone tới 16h Hổ trợ Kiềm Dầu, Hạn chế bắt nắng",290000,,0,Trang điểm
Bộ trang điểm đa năng T.Y.A phấn má hồng phấn mắt son cọ gương mút tán,62000,,0,Trang điểm
Bảng Son Lì 9 Màu,212000,,19,Trang điểm
"Xịt Khoáng CẤP NƯỚC CĂNG BÓNG DA LENCOLOR Hoa cúc Đánh Thức Làn Da, Cấp Ẩm Và Bảo Vệ Da, Tạo Lớp Tráng Điểm Đẹp, Không Bị Mốc, Da Mịn Màng Căng Bóng, Không Bị Bết Dính",68730,,0,Trang điểm
Phấn má hồng Menow Cloud Cheek 4.5gr,89000,31 Đã bán,7,Trang điểm
FOCALLURE Má hồng dạng kem Hangover Red Wine 4 màu đẹp tự nhiên,46368,591 Đã bán,194,Trang điểm
XỊT KHOÁNG TRANG ĐIỂM GIỮ MAKEUP MILANI GREEN GODDESS HYDRATING FACIAL MIST 60ML,299900,,0,Trang điểm
(MUA 1+QUÀ TẶNGserum b5 ) Kem nâng tông da 9in1 Kem Lười makeup dưỡng ẩm che khuyết điểm hiệu quả Makeup nâng tông dưỡng ẩm bảo vệ làn da hiệu quả 50g,99300,69 Đã bán,6,Trang điểm
SHEGLAM Glam 101 Lipstick & Liner Duo - 2-In-1 Matte Dual-Ended Lip Liner Lipstick Pencil Highly Pigmented Long Lasting Smooth Easy To Wear Lip Makeup b23121421711,172463,,1,Trang điểm
Kem chống nắng trang điểm dưỡng da chống nước lâu trôi The Faceshop 50ml,319000,,0,Trang điểm
"Bút Kem Kẻ Lông Mày, Mi Mắt, Bọng Mắt Cao Cấp, Kẻ Mi Mắt Siêu Nét 3 Chiều Tự Nhiên MINSHZEE Tạo Chân Mày Tự Nhiên, Chống Thấm Nước, Chống Mồ Hôi, Không Lem",81000,147 Đã bán,59,Trang điểm
[HCM]Bộ Trang Điểm Cơ Bản Cho Người Học Trang Điểm Lameila,169000,5 Đã bán,1,Trang điểm
Phấn Nền Dạng Bột Pure Desire Milk Powder Matte Highlighter Concealer Che Khuyết Điểm Tăng Cường Màu Sắc Mặt Nạ,73000,90 Đã bán,0,Trang điểm
Thời trang điểm màu sắc màu sắc màu sắc cao bóng lấp lánh lấp lánh trang điểm lấp lánh cho mặt thân điểm S1-9la-hos-vn,63000,,0,Trang điểm
TINH CHẤT DƯỠNG CĂNG MỌNG VÀ LÓT TRANG ĐIỂM 2IN1 LANEIGE GLOWY MAKEUP SERUM 30ML - 11846,549900,,0,Trang điểm
"Kem Body Miss thá¡ Lan Dưỡng Trắng Da, Makeup Chống Nắng Hũ 170g",49000,,0,Trang điểm
Bột bóng chống thấm nước - Trang điểm che khuyết điểm tóc đen/nâu sẫm,47000,,0,Trang điểm
Kem nền chống nắng Shiseido BB for Sports 30ml,1326000,499 Đã bán,114,Trang điểm
Xịt Khóa Lớp Trang Điểm NYX Long Lasting Setting Spray - 125 Light Natural,170000,9 Đã bán,2,Trang điểm
Dorisna Bút Chì Bút Phấn Mắt Lấp Lánh Với Đầu Bọt Biển Phấn Mắt Phấn Bắt Sáng Kem Lót Nền Lấp Lánh Chống Thấm Nước,13700,645 Đã bán,141,Trang điểm
"Kem chống nắng Skin Aqua trang điểm tạo nền trắng mịn & đều màu dạng sữa Sunplay Skin Clear White CC Milk SPF 50, PA++++ 25g",120000,6.2K Đã bán,1080,Trang điểm
[15-17.10  MUA LÀ CÓ QUÀ] Phấn nền dạng lỏng NARS Light Reflecting Foundation 30ml,1579000,1.9K Đã bán,264,Trang điểm
kem chống nắng makeup nangfa chính hãng.4in1 HOT,111588,,0,Trang điểm
phấn trang điểm  - [ hàng chính hãng ] nhập khẩu hàn quốc,260000,,0,Trang điểm
Bút chì hai đầu kẻ lông mày không thấm nước và lâu trôi STAGENIUS - INTL,30218,6.1K Đã bán,772,Trang điểm
(Miễn Phí Vận Chuyển)VEECCI Bảng Phấn Mắt 10Ô Bảng Phấn Mắt Hồng Nhũ Lâu Dài Trang Năng Mịn Dễ Tán MINI Dễ dàng mang theo Hiệu quả lâu dài tự nhiên 4.2g,61500,17 Đã bán,9,Trang điểm
MONLEYTA | Chì kẻ mắt sáng màu dạng bút lấp lánh mịn màng chống thấm nước lâu trôi dễ sử dụng cho người bận rộn Chì kẻ mắt dạng lỏng MONLEYTA,28000,,0,Trang điểm
Bảng phấn trang điểm bắt sáng và tạo khối FOCALLURE 2 trong 1 tiện dụng với 3 tông màu tùy chọn - INTL,47617,3.7K Đã bán,565,Trang điểm
Dorisna 2 trong 1 hai màu chuyển sắc ngọc trai Bút phấn mắt lười trang điểm không thấm nước kéo dài ánh sáng lung linh phấn mắt,30400,108 Đã bán,35,Trang điểm
Xịt cố định lớp trang điểm Pinkflash kiềm dầu lâu trôi 40ml,99000,,0,Trang điểm
Kem nền Dạng Lỏng Zeesea Che Khuyết Điểm Kiềm Dầu Hiệu Quả 30ml,159000,5.3K Đã bán,1697,Trang điểm
MONLEYTA | Son môi Mini Capsule Velvet 3546 Son lâu trôi không thấm nước không phai màu dành cho nữ Son môi chính hãng của Manlyta,72100,,0,Trang điểm
FOCALLURE Phấn phủ trang điểm nhẹ giúp kiềm dầu tối đa có trọng lượng 10g - INTL,62402,6.9K Đã bán,1035,Trang điểm
Phấn má trang điểm FOCALLURE dạng lỏng màu tự nhiên không thấm nước giữ lớp trang điểm bền màu lâu trôi - INTL,43954,2.0K Đã bán,275,Trang điểm
[HCM]Xịt khóa nền trang điểm nha đam Aloe Vera Makeup Fix Spray Kiss Beauty 150ml cam kết hàng đúng mô tả chất lượng đảm bảo an toàn đến sức khỏe người sử dụng đa dạng mẫu mã,72000,,0,Trang điểm
[Anjo] Kem trang điểm BB Mặt Trời/6 lựa chọn,63050,208 Đã bán,143,Trang điểm
"𝐊𝐄𝐌 𝐂𝐇𝐎̂́𝐍𝐆 𝐍𝐀̆́𝐍𝐆 𝐇𝐄𝐌𝐈𝐀 𝐇𝐀̀𝐍 𝐐𝐔𝐎̂́𝐂 Chống nắng cao
- Kiềm dầu rất tốt
- Chống nám , sạm ,tàn nhang
- Makeup nâng tone căng bóng tự nhiên
- Thấm hút nhanh , không bết rích
- Không bí da , không lộ vân kem
- Phù h",119000,,0,Trang điểm
Phấn Má Hồng Bốn Màu Phấn Bóng Mắt Phấn Phủ Che Khuyết Điểm Đáy Bóng Mờ Phấn Mắt Sáng Tạo Cho Người Mới Bắt Đầu,36000,94 Đã bán,0,Trang điểm
Bút kẻ mắt Pinkflash màu đen màu nâu chất lì chống nước lâu trôi dạng lỏng nhanh khô 30g,52248,57 Đã bán,9,Trang điểm
[HCM] KHĂN BANDANA HẠT ĐIỀU 55 TURBAN VUÔNG scarf NHIỀU KIỂU DÁNG ĐẸP RẠNG NGỜI TĂNG THÊM ĐIỂM NHẤN VÀ ĐẦY QUYẾN RŨ,20000,220 Đã bán,12,Trang điểm
[15-17.10  MUA LÀ CÓ QUÀ] Kem che khuyết điểm NARS Radiant Creamy Concealer 6ml,984000,2.1K Đã bán,248,Trang điểm
Bền lâu Bút kẻ mắt dạng lỏng không thấm nước chống nhòe Bút trang điểm Phấn mắt nhũ lấp lánh 12 màu,54100,,0,Trang điểm
"Kem TreChaDa Makeup Chống Nắng Thái 50gr - Dưỡng Da, Cấp Ẩm  Cosmetic Skincare Chăm Sóc Da",165000,,0,Trang điểm
Ibccccndc mắt đen que Thanhh trang Điểm mặt lâu dào Bóng Chày / Bóng MềM / Lacrosse Cosplay Trang Điểm (3 Màu) S1-9LA-HOS-VN,35000,,0,Trang điểm
"Phấn Phủ 2 Lớp Kiềm Dầu KAQILI Lì & Nhẹ, Mềm Mịn, Khoá Nền, Che Phủ Tốt, Đem Lại Lớp Nền Mềm Mịn, Khô Thoáng",112200,240 Đã bán,85,Trang điểm
XỊT KHOÁ MAKEUP MARUBI CĂNG MỊN KIỀM DẦU LÂU TRÔI OIL CONTROL HIGHLIGHT SET UP SPRAY 100ML,93000,,0,Trang điểm
Eyeshadow Pen Double-Ended Waterproof Long-Lasting Lazy Bé Gái Highlighting Eyebrow Shaping Easy to Use Eye Makeup for Beginners,41000,1.8K Đã bán,0,Trang điểm
[HCM]Bộ trang điểm cá nhân -chuyên nghiệp cam kết sản phẩm đúng mô tả chất lượng đảm bảo an toàn đến sức khỏe người sử dụng,346000,,0,Trang điểm
Etude | Etude House Quick Dry Hair Two Set Mỹ phẩm trang điểm Phụ kiện làm đẹp,238200,,0,Trang điểm
Son thỏi lì biểu tượng MACXIMAL Silky Matte Lipstick bền màu và mịn lì như nhung lên tới 12H,670000,23.1K Đã bán,3106,Trang điểm
6 Màu sắc bóng mờ bảng màu sắc cao sắc síp công cụ trang điểm mắt quyến rũ cho phụ kiện trang điểm mắt S1-9LA-HOS-VN,33000,,0,Trang điểm
LENNY Có sắc tố cao 3 màu phấn mắt dạng que Chống nước Màu gradient Bút trang điểm mắt mờ Bóng nhũ Chống mồ hôi Bút chì bóng mắt ngọc trai Trang Điểm Mí Mắt,46000,,0,Trang điểm
SHEGLAM Peel Talk Lip Tint-Tongue Twister Long-Lasting Waterproof Liquid Lipstick Peel Off Lip Stain High Pigment Tattoo Tint,87000,25 Đã bán,0,Trang điểm
XỊT CĂNG BÓNG KHÓA LỚP TRANG ĐIỂM MAKE UP SETTING SPRAY MILANI MAKE IT DEWWY 60ML NHẬP KHẨU,330000,,0,Trang điểm
SHEGLAM All-In-One Volume & Length Mascara 2 In 1 Waterproof Volumizing Dual-Ended Brush Lengthening Curling Thick Lash Lifting Long Lasting Mascara Eye Makeup,310177,6 Đã bán,3,Trang điểm
Kem Chống Nắng Trang Điểm  Nâng tông Kiềm Dầu Glacier Hàn Quốc 50ml,155000,,0,Trang điểm
[CHUẨN  ] Kem nền BB cream che khuyết điểm NÂNG TONE DA Đều màu Da { chống nắng} Cells UV Protector SPF 50/PA+++dưỡng ẩm cho da trang điểm trong suốt,276855,,0,Trang điểm
Handaiyan chất lỏng che khuyết điểm thẩm mỹ bút tự nhiên màu đỏ cao bóng sáng mờ mờ 6 màu bột màu TF-Uni-VN,33000,,0,Trang điểm
[SIÊU -HOT ] Kem nền BB cream che khuyết điểm NÂNG TONE DA Đều màu Da { chống nắng} Cells UV Protector SPF 50/PA+++dưỡng ẩm cho da trang điểm trong suốt,198562,,0,Trang điểm
FOCALLURE Bút Kẻ Mắt Nước Siêu Mượt Chống Thấm Nước  0.6g,53130,4.5K Đã bán,1018,Trang điểm
Jaysuing Kem phục hồi Kem chống nắng cầu vồng ba màu 40g mỹ phẩm trang điểm kem cách ly kiểm soát dầu chống mồ hôi,129544,,0,Trang điểm
Phấn Lông Mày Chống Thấm Nước Lâu Trôi Màu Xám Hồng Nâu Tự Nhiên Hàng Ngày Cho Phụ Nữ Phụ Kiện Trang Điểm Mắt,61000,42 Đã bán,0,Trang điểm
Bảng màu trang điểm chuyên nghiệp S1-9LA-HOS-VN,74000,,0,Trang điểm
Mềm mịn hoàn thiện trang điểm bảng màu đỏ sáng làm sáng sắc tố tự nhiên tìm kiếm trên má trang điểm khuôn mặt sử dụng FGD-VN,25000,,0,Trang điểm
Focallure Mascara Lông Mày Mềm Mờ Màu Tự Nhiên Không Vón Cục Chống Thấm Nước 24H 5g,150000,15 Đã bán,6,Trang điểm
"Bảng Phấn Mắt 6 Màu Z-Palette Hiệu Ứng Chuyển Sắc ""Pure Lust"" – Lì, Nhũ Mịn & Lấp Lánh",14900,11.6K Đã bán,1585,Trang điểm
Son Môi Mooekiss Son Bùn Lì Mềm Mịn Như Nhung Giúp Làm Giảm Thâm Môi Sáng Da Cho Tone Da Vàng 3g*1,79000,435 Đã bán,60,Trang điểm
"Bộ 6 son bóng Bubble Bear Dudu Mirror – son môi dưỡng ẩm, bám màu lâu, không gây khô môi",17400,1.1K Đã bán,304,Trang điểm
Dorisna 4 kim cương Nhiều màu Highlighter phun không thấm nước độ bóng cao long lanh cơ thể Bronzer phấn bột highlight Bộ trang điểm đi tiệc,43772,79 Đã bán,88,Trang điểm
Phấn Phủ Trang Điểm Sasi Nội Địa Thái Lan - Lựa chọn hoàn hảo cho làn da của bạn ✨,46332,,0,Trang điểm
FOCALLURE Son môi dạng lỏng PINKFLASH OhMyKiss màu matte giúp dưỡng ẩm trong thời gian dài - INTL,21190,1.9K Đã bán,261,Trang điểm
"Follow 25/10 - Xịt khóa lớp trang điểm NYX 60ml, cam kết sản phẩm đúng mô tả, chất lượng đảm bảo",99000,,2,Trang điểm
Phấn Má Hồng Hai Màu Hoàn Thiện Che Khuyết Điểm Dạng Bột Hoàn Thiện Dạng Lì Phấn Má Hồng Hai Màu Phấn Bóng Mũi Vành Tai,22000,2.4K Đã bán,0,Trang điểm
Kem chống nắng nâng tông The Face Shop trang điểm dưỡng da Power Long Lasting Pink Tone Up Sun Cream SPF50+PA+++ 50ml,369000,,0,Trang điểm
Phấn Phủ FOCALLURE Kiềm Dầu Chống Thấm Nước Giữ Lớp Trang Điểm Lâu Trôi 6g,96703,511 Đã bán,53,Trang điểm
"[THE WHOO OFFICIAL] [Tặng kèm 1 lõi 15g] Phấn nước trang điểm chống nắng, dưỡng trắng chống lão hóa Cheon Gi Dan Essence Cushion SPF50+/PA+++",2299000,2.7K Đã bán,430,Trang điểm
[HCM]Kem trang điểm Cc Cream chống nắng Sk Ii Atmosphere Cc Cream 30g - 6707 cam kết hàng đúng mô tả chất lượng đảm bảo an toàn đến sức khỏe người sử dụng,1999900,,0,Trang điểm
Bộ mỹ phẩm kem duỡng da MEIDUXI  5 in 1,1495000,,0,Trang điểm
"Kem Chống Nắng Trang Điểm Dưỡng Trắng, Giữ Tone, Kiềm Dầu Hàn Quốc The High Airfit Sun Cream 50ml",236000,,0,Trang điểm
Phấn Nền Đa Năng Ba Màu Matte Pearl Water Light Shimmer Highlighter Contouring Powder Che Phủ Trang Điểm Làm Đẹp,36000,6 Đã bán,0,Trang điểm
"Xịt Khóa Nền Trang Điểm Giữ Lớp Makeup Lâu Trôi, Dưỡng Ẩm, Kiềm Dầu, Chống Trôi, Phù Hợp Mọi Loại Da, Nhỏ Gọn Tiện Lợi",80000,,0,Trang điểm
[Focallure x Sanrio] Phấn Phủ Mờ Độ Che Phủ Cao,139017,24 Đã bán,6,Trang điểm
Kem Trang Điểm Chống Nắng SK-II Atmosphere CC Cream SPF50/PA +++ - 100% Authentic,1950000,,0,Trang điểm
"Bộ Màu Mắt,Má Hồng,Phấn Phủ,Nhiều Màu Đẹp",69000,14 Đã bán,4,Trang điểm
SHEGLAM Set Me Up Brow Gel Long Lasting Waterproof Clear Eyebrow Gel Long Wear Smudge-proof Moisturizing Eyebrow Makeup,128006,16 Đã bán,2,Trang điểm
[15-17.10 | MUA LÀ CÓ QUÀ] Phấn che khuyết điểm dạng kem NARS Soft Matte Complete Concealer 6.2g,985000,239 Đã bán,37,Trang điểm
"Độ Bão Hòa Màu Sắc Cao, Khô Nhanh, Chống Thấm Nước, Lâu Trôi, Siêu Mịn, Màu Sắc Phong Phú, Trang Điểm Sân Khấu, Mỹ Phẩm Trang Điểm Mắt",103000,30 Đã bán,0,Trang điểm
Kem DD makeup chống nắng alpha arbutin thái lan,195000,,0,Trang điểm
SEJUE4373 Chống nước 3 màu phấn mắt dạng que Có sắc tố cao Màu gradient Bút trang điểm mắt mờ Bóng nhũ Chống nhòe Bút chì bóng mắt ngọc trai Trang Điểm Mí Mắt,46000,,0,Trang điểm
"Kem chống nắng make up NANGFA - SẢN PHẨM RẤT CHẤT LƯỢNG, KHÁCH YÊU TRẢI NGHIỆM NHÉ, ĐẢM BẢO HÀNG HOT TRÊN THỊ TRƯỜNG HIỆN NAY",159900,,0,Trang điểm
FOCALLURE Phấn Phủ Lì Dạng Bột Kiểm Soát Dầu Lâu Trôi 15g,62790,835 Đã bán,195,Trang điểm
"Kem Dưỡng Nâng Tone Che Khuyết Điểm KUGE - KUGE Kem Đông Trùng Hạ Thảo Dưỡng Ẩm, Trắng Da, Đều Màu, Kem Lười Nâng Tone - SẢN PHẨM CHUẨN, CỰC KÌ TỐT, ĐẢM BẢO SỬ DỤNG ƯNG Ý, ĐƯỢC ƯA THÍCH TRÊN THỊ TRƯỜNG HIỆN NAY, ỦNG HỘ SHOP NHÉ",299900,,0,Trang điểm
Easydew EX Repair Control Mineral BB Cream Kem nền trang điểm chống nắng,1199000,,0,Trang điểm
Kem Chống Nắng Nền Trang Điểm BB Craope Siêu Mịn,350000,,0,Trang điểm
"𝐊𝐄𝐌 𝐂𝐇𝐎̂́𝐍𝐆 𝐍𝐀̆́𝐍𝐆 𝐇𝐄𝐌𝐈𝐀 𝐇𝐀̀𝐍 𝐐𝐔𝐎̂́𝐂 
 Chống nắng cao
- Kiềm dầu rất tốt
- Chống nám , sạm ,tàn nhang
- Makeup nâng tone căng bóng tự nhiên
- Thấm hút nhanh , không bết rích
- Không bí da , không lộ vân kem
- Phù h",119000,,0,Trang điểm
Màu 01 - FOCALLURE Phấn Kiểm Soát Dầu Không Vón Cục Mềm Mại Tự Nhiên 12g,83037,444 Đã bán,313,Trang điểm
"Kem Chống Nắng Trang Điểm, Lót Nền, Che Khuyết Điểm, Dưỡng Trắng - DABO Foudation Skip Tone Up Cover SunCream 50ml - NK chính hãng",290000,,0,Trang điểm
FOCALLURE Mascara siêu dài 2MM chống thấm nước siêu mịn Lược chải mi làm cong mi kéo dài Nâng cơ riêng biệt Chứa đầy sợi xơ Nhanh khô Chống nhòe Nhẹ Không dính Không vón cục,91595,123 Đã bán,19,Trang điểm
Chì kẻ mắt Catrice Kohl Kajal chống nước lâu trôi Đôi mắt sắc nét cuốn hút mọi ánh nhìn Cosin Store,99000,52 Đã bán,15,Trang điểm
Phấn Nền Dạng Kem Matte Beauty Enhancer Powder Highlighter Concealer Che Khuyết Điểm Tẩy Trang Dạng Kem Dạng Bột Cho Nữ,73000,120 Đã bán,0,Trang điểm
[TOP ] Kem nền BB cream che khuyết điểm NÂNG TONE DA Đều màu Da { chống nắng} Cells UV Protector SPF 50/PA+++dưỡng ẩm cho da trang điểm trong suốt,336582,,0,Trang điểm
Bút chì kẻ lông mày FOCALLURE không thấm nước bền màu lâu trôi với 3 màu tùy chọn có đầu chải lông màu tiện dụng - INTL,31293,14.5K Đã bán,1687,Trang điểm
"Kem MakeUp Treechada, Tree Chada_Chính Hãng",175000,,0,Trang điểm
Mặt nạ ngủ cho môi Laneige Lip Sleeping Mask Berry 8g,220000,42.1K Đã bán,7675,Trang điểm
Phấn phủ Focallure màu tự nhiên không thấm nước giúp kiềm dầu thu nhỏ lỗ chân lông và nếp nhăn - INTL,44247,14.2K Đã bán,2130,Trang điểm
MONLEYTA | Phấn mắt đa năng màu đất liền chính hãng Mini Four Color Eyeshadow Palette Highlighter Blush Highlighter Che khuyết điểm,30800,,0,Trang điểm
FOCALLURE Phấn nền dạng nén lâu trôi bổ sung vitamin C và kiềm dầu cho da mặt 9g - INTL,59522,2.5K Đã bán,397,Trang điểm
Faiccia | Bảng Mắt Matte & Shimmer với Highlight & Blush,36400,,72,Trang điểm
Eyeshadow Highlighter Pen High Brightness Pearl Fine Sparkling Shadow Non Smudging Eyeliner Glue Butterfly Pen Beginner,40000,128 Đã bán,0,Trang điểm
Phấn Mắt Hai Màu Lâu Trôi Chống Thấm Nước Không Phai Màu Trang Điểm Cho Người Mới Bắt Đầu Màu Trơn Trơn Dạng Bút,63000,128 Đã bán,0,Trang điểm
Phấn phủ trang điểm ZEESEA kiềm dầu chống thấm nước phong cách Anh Quốc 8g,179000,3.6K Đã bán,848,Trang điểm
West Tháng 3 Trong 1 Màu Chỉnh Sửa Kem đốm đen tông da Kem phục hồi Phai đốm đen S Sửa Chữa Trên Khuôn Mặt Đỏ Giữ Ẩm Làm Trắng Sáng tông da Giảm nhược điểm Sản Phẩm Dưỡng Da,110500,,0,Trang điểm
SHEGLAM Pout-Perfect Shimmer Lip Plumper,159500,,2,Trang điểm
"Eucerin Kem Chống Nắng Kiểm Soát Nhờn Trang điểm Sun Oil Control Dry Touch CC SPF50+ 50ml - SẢN PHẨM ĐƯỢC YÊU THÍCH TRÊN THỊ TRƯỜNG HIỆN TAY, DÙNG RẤT TỐT LUÔN Ạ, ĐẢM BẢO DÙNG RẤT THÍCH, KHÁCH YÊU TRẢI NGHIỆM ỦNG HỘ SHOP NHÉ",459900,,0,Trang điểm
Eelhoe Làm Trắng Kem dưỡng da Bìa vết thâm Giữ Ẩm Sửa Chữa Lỗ Chân Lông Lười Biếng Người che khuyết điểm trên khuôn mặt trẻ hóa da Kem dưỡng da Lỗ Chân Lông kem lót trang điểm Thắt Chặt Da chống lão hóa Sáng Da (50G),99224,,0,Trang điểm
"Phấn Mắt 9 Màu Lấp Lánh, Chìm Vào Màn Ảnh, Biểu Diễn Sinh Viên, Mỹ Phẩm Mắt Chuyên Dụng, Không Độc Hại, Trang Điểm",91000,48 Đã bán,0,Trang điểm
"Multifunctional Makeup Palette, Gilded Comprehensive Makeup Tray, Eye Shadow, Powder Blusher, High Light, Sleeping Silkworm, Brighten A Multi-purpose Makeup Plate, All-in-one Makeup Set",320259,,0,Trang điểm
JIUQI | Màu Hồng Lỏng Nổi Bật Đường Viền,101000,,0,Trang điểm
12 PC/bộ màu hỗn hợp Make Up Eye-Liner Eyeshadow Feabrow Beaut,61000,,0,Trang điểm
Kem Chống Nắng Trang Điểm Nhẹ Màu Sắc Của Hoa Tây Zhi Kinh Nghiệm Sử Dụng Gói Trang Điểm Nhẹ Trang Điểm Phù Hợp Với Da Trang Điểm,153000,198 Đã bán,0,Trang điểm
Eelhoe 20g Kem trang điểm BB Mặt kem nền dạng lỏng chống lão hóa bền lâu Kem che phủ toàn bộ,140441,,0,Trang điểm
Handaiyan chất lỏng che khuyết điểm thẩm mỹ bút tự nhiên màu đỏ cao bóng sáng mờ mờ 6 màu bột màu DBS-VN,36000,,0,Trang điểm
Bộ Sản Phẩm SK-II PITERA™ Thiết Yếu Cho Làn Da Tươi Trẻ,2450000,77 Đã bán,17,Trang điểm
"Bộ trang điểm mắt lỏng nhũ 10 màu, chống nước, lâu trôi, nhũ kim loại sáng bóng cho tiệc tùng và lễ hội (1)",576444,,0,Trang điểm
Kem chống nắng trang điểm Canmake Mermaid UV Gel SPF 50 PA++++,215000,6 Đã bán,0,Trang điểm
Đạo Cụ Trang Điểm Mắt Màu Nâu Lâu Trôi Lấp Lánh Cho Phụ Nữ Trang Điểm Mắt Trang Điểm Thường Ngày Trang Điểm Mắt Màu Sắc,106000,54 Đã bán,0,Trang điểm
Benew Kem nền trang điểm ma thuật Collagen B.B BB Cream 50ml chính hãng chống nắng kiềm dầu che khuyết điểm phù hợp mọi loại da,265000,,0,Trang điểm
Kem nền Lancome Teint Idole Ultra Wear bền màu suốt 24h SPF 48/PA ++,1850000,265 Đã bán,48,Trang điểm
FOCALLURE Phấn phủ 12g kiểm soát dầu lâu trôi không bết dính - INTL,83257,4.7K Đã bán,568,Trang điểm
[NEW]Flower Knows The Sweetie Bear Collection Silk Satin Blush má hồng Kết cấu nhẹ và mượt Tươi tắn và dịu dàng Phù hợp để sử dụng hàng ngày makeup,475640,46 Đã bán,1,Trang điểm
"JIUQI | Bảng Màu Mắt Đa Năng với Má Hồng, Tạo Khối và Highlight 2025 Bản Mới",255000,,0,Trang điểm
"FOCALLURE Mascara chải lông mày, lâu trôi và chống thấm nước, trọng lượng 4g - INTL",44247,3.4K Đã bán,481,Trang điểm
[Chính Hãng] Kem Chống Nắng Son Cosmetic Dưỡng Trắng Da 50g,189000,,0,Trang điểm
"Kem Dưỡng Trắng và Nâng Tông Da Mặt VACCI Double Whitening Magic Face Cream SPF36 PA++ 50ml (kem lót trang điểm, cấp ẩm, dưỡng da rắng sáng, chống nắng, bảo vệ da) 2Trucos",649000,,0,Trang điểm
Hkho Khỏa Thân Mắt Bút tạo khối Cil Bộ 4 Màu Sắc Trong 1 bền lâu nhũ lấp lánh Bút phấn mắt Bút tạo khối Kit Highlighter Stick Combo trang điểm mắt Công Cụ,26818,,0,Trang điểm
[Phòng khám 3W] khối tia UV mặt trời Kem trang điểm BB 50ml,80593,31 Đã bán,109,Trang điểm
Bút kẻ mắt FOCALLURE lâu trôi không thấm nước nét mảnh nhanh khô - intl,35222,17.7K Đã bán,2267,Trang điểm
"JIUQI | Bộ Trang Điểm Hoàn Chỉnh với Son, Bảng Mắt, Má Hồng, Kem Che Khuyết Điểm, Tạo Dáng và Highlight",217000,,1,Trang điểm
XỊT KHÓA NỀN GIỮ LỚP TRANG ĐIỂM MILANI MAKE IT LAST MATTE FINISH 60ML NHẬP KHẨU,299900,,0,Trang điểm
Đạo Cụ Trang Điểm Hai Màu Định Hình Khối Hai Màu Một Mảnh Sáng Bóng Cho Chuyên Gia Trang Điểm Nước Hoa Mỹ Phẩm Trang Điểm Mặt,189000,48 Đã bán,0,Trang điểm
CHUBEISHI | Bảng Phấn Trang Điểm Đa Màu,76000,,0,Trang điểm
(Miễn Phí Vận Chuyển Trên 50K)Pinkcoco Son Kem Lì Bột satin nhẹ bóng Dưỡng Ẩm Mềm Môi Chống Thấm Nước Lâu Trôi,13300,,0,Trang điểm
(Miễn Phí Vận Chuyển)SHEDELLA ản phẩm mới Giá thấp 10 màu Bảng Fantasy Nhiều Màu Sắc Bảng Phấn Mắt Mư 10g,88300,40 Đã bán,8,Trang điểm
"【3CE】 Mood Recipe Phấn Má Hồng 5.5g -  Bộ Sưu Tập Phấn Má Hồng Đa Dạng Màu Sắc Tươi Sáng Sống Động & Chất Phấn Mịn Độc Đáo ，Bám Màu Cực Tốt Suốt Ngày Dài, Tạo Hiệu Ứng Hồng Hào Tự Nhiên Đầy Sức Sống, Phù Hợp Cho Mọi Phong Cách Trang Điểm",166320,8 Đã bán,0,Trang điểm
[CAM KẾT CHÍNH HÃNG] HỘP 5G Kem chống nắng làm trắng che khuyết điểm Nangfa Sunscreen Thái Lan-(Chính Hãng) Kem Chống Nắng NANGFA Dưỡng Da Che Khuyết Điểm Thái Lan 5g,94123,7 Đã bán,2,Trang điểm
Sữa chống nắng trang điểm Biore UV màng nhung che phủ lỗ chân lông SPF50+ PA++++ 30ml (bao bì thay đổi),110400,4.2K Đã bán,606,Trang điểm
Phấn Ngừa Mụn Phấn Nụ Hoàng Cung,115000,508 Đã bán,96,Trang điểm
"Phấn Tươi Essence Soft Touch Mousse Đức 16g Che Phủ Mịn Màng, Kiềm Dầu, Dưỡng Da shop Cosin Store",183000,28 Đã bán,9,Trang điểm
Phấn nước Kiềm Dầu Che Khuyết Điểm SPF 50+ PA+++ MOI Premium Baby Skin Cushion 12g,599000,290 Đã bán,67,Trang điểm
"Thỏi phấn mắt làm nổi bật chống nước, bút phấn mắt kem, phấn mắt lấp lánh, làm nổi bật mắt, trang điểm phấn mắt (1-Hồng)",451458,,0,Trang điểm
"Bán sỉ Combo 100 Gói / 50 Gói Tăm Bông Thân Gỗ SAFEMALL cao cấp, Bông Gòn Mềm Mại An Toàn Thân Thiện Môi Trường, Đa công dụng hỗ trợ trang điểm, Vệ Sinh - Hàng Chính Hãng SAFEMALL OFFICIAL",181687,556 Đã bán,138,Trang điểm
[HCM]Phấn Phủ Mịn Lì Fit Me Maybelline Fit Me Matte + Poreless Powder 9g,181650,78 Đã bán,8,Trang điểm
"Bút phấn mắt highlighter chống nước, bút kẻ mắt nhũ, bút kẻ mắt, nhũ ngọc trai, bộ trang điểm 2 trong 1 cho phụ nữ và trẻ em gái (01 màu trắng ngọc trai)",420568,,0,Trang điểm
Ohui | Whoo Day Shield Perfect Sun Red Special Set 2 Sản phẩm kosmetik/parfum chăm sóc da mặt kem chống nắng,419400,,0,Trang điểm
"Serum dưỡng ẩm trước khi trang điểm Neutrogena Hydro Boost Glow Booster Primer 30ml USA - SẢN PHẨM CHẤT LƯỢNG CAO, ĐƯỢC YÊU THÍCH SĂN ĐÓN TRÊN THỊ TRƯỜNG HIỆN NAY, HÀNG ĐẢM BẢO DÙNG SIÊU THÍCH MỜI KHÁCH YÊU TRẢI NGHIỆM",849900,,0,Trang điểm
Medicube Salicylic Acid Toner Pad Shrink Pore Beauty Tool Face Makeup Tool Any Skin Type Korean Brand Medici Cube,684000,72 Đã bán,0,Trang điểm
Hkho 9 màu sắc bút vẽ mắt Palette Pearlescent mắt tấm dễ thương Bảng trang điểm nữ mỹ phẩm kéo dài thiên nhiên vẻ đẹp,93804,,0,Trang điểm
SHEGLAM Snatch 'n' Blush Stick- Cream Blush Waterproof Long Lasting High Pigment Non-Fading Non-Greasy Glowing Lasting Women Beauty Makeup Black Friday Party Blush,195969,,1,Trang điểm
Kem Trang Điểm Mày Dạng Bọt Khí Lâu Trôi Không Thấm Nước Hai Trong Một Cho Nữ Màu Nâu Tự Nhiên Kem Trang Điểm Mắt Chống Thấm Nước,85000,174 Đã bán,0,Trang điểm
Bảng màu trang điểm chuyên nghiệp TF-Uni-VN,79000,,0,Trang điểm
[3W phòng khám] chuyên sâu Dr. Kim Sun Kem trang điểm BB 50ml,95060,10 Đã bán,66,Trang điểm
"Đầu Bút Mềm, Khô Nhanh, Chống Thấm Nước, Chống Trôi, Mịn Màng, Lâu Trôi, Màu Sắc, Kẻ Mắt, Trang Điểm Mắt, Mỹ Phẩm",159000,156 Đã bán,0,Trang điểm
Phấn Đánh Bóng Dạng Khối Hoàn Chỉnh Hoàn Thiện Mờ Che Khuyết Điểm Che Khuyết Điểm Mắt Cá Chân Phấn Má Hồng Phấn Bóng Bột Phấn Nền Dạng Bột,110000,90 Đã bán,0,Trang điểm
"Phấn Nước Dưỡng Ẩm Che Phủ Hoàn Hảo OHUI Ultimate Cover Cushion Moisture 15g - Kiềm Dầu, Lớp Nền Căng Bóng",168000,5 Đã bán,1,Trang điểm
"Kem chống nắng nâng tông Skin Aqua Tone up Rose cho da trắng, khuyết điểm xanh hoặc tái xanh, dạng tinh chất Sunplay Skin Aqua Tone Up UV Essence Rose SPF 50+ PA++++ 50g",160000,3.2K Đã bán,554,Trang điểm
"Kem chống nắng nâng tông Skin Aqua Tone up Rose cho da trắng, khuyết điểm xanh hoặc tái xanh, dạng sữa Sunplay Skin Aqua Tone Up UV Milk Rose  SPF 50+ PA++++ 50g",160000,4.4K Đã bán,806,Trang điểm
[VC 15% tối đa 70K đơn 399K] Combo Simple Tẩy trang Micellar 200ml + Sữa rửa mặt 150ml + Nước hoa hồng 200ml ngừa mụn hiệu quả [CHÍNH HÃNG ĐỘC QUYỀN],238000,101.8K Đã bán,16985,Trang điểm
"Kem chống nắng nâng tông Skin Aqua Tone up  Mint Green cho da trắng có khuyết điểm đỏ, dạng tinh chất Sunplay Skin Aqua Tone Up UV Essence Mint Green SPF 50+ PA++++ 50g",160000,6.0K Đã bán,993,Trang điểm
Zeesea Mascara Mascara không thấm nước bền lâu 36h Smudge-Proof kéo dài lông mi sợi điền quăn trang điểm mắt chống mồ hôi Đen,89000,43.2K Đã bán,8008,Trang điểm
CHUBEISHI | Bảng Mắt Màu Sắc Bóng Stage Makeup,120000,,0,Trang điểm
KEM LÓT NỀN TRANG ĐIỂM CHỐNG NẮNG L’OCEAN MÀU DA SPF50/PA+++ 25ML,308000,,0,Trang điểm
"GICOSOO | Kem Nền BB 5D VC Tái Tạo, Che Khuyết Điểm, Tự Nhiên Không Trắng Bệch, Chống Mồ Hôi",437000,,2,Trang điểm
"Phấn Mày Màu Đơn Không Thấm Nước, Không Thấm Mồ Hôi, Không Phai Màu, Màu Đen, Xám, Khói, Nâu, Tự Nhiên, Phụ Nữ Mang Thai Có Thể Sử Dụng",174000,150 Đã bán,0,Trang điểm
Zeesea Kem chống nắng nhỏ gọn bột SPF 25 PA ++++ mặt bột kiểm soát dầu nhỏ gọn không thấm nước Phấn phủ nén dạng bột trang điểm bền màu,99000,717 Đã bán,309,Trang điểm
Kem Trang Điểm Lâu Trôi Dạng Gel Kiểm Soát Dầu Chống Thấm Nước Mịn Màng Kem Trang Điểm Dạng Bột Không Có Cảm Giác Bột,183000,18 Đã bán,0,Trang điểm
"Kem chống nắng nâng tông Skin Aqua Tone up  Mint Green cho da trắng có khuyết điểm đỏ, dạng sữa Sunplay Skin Aqua Tone Up UV Milk Mint Green SPF 50+ PA++++ 50g",160000,11.3K Đã bán,2002,Trang điểm
[THE WHOO OFFICIAL] Kem BB trang điểm chống nắng The Whoo Gongjinhyang Brightening UV Protective BB Cream SPF50+ PA+++ 40ml,1200000,495 Đã bán,72,Trang điểm
Dòng sản phẩm mỹ phẩm di động màu sắc màu sắc màu sắc sắc tố cao Dành cho phụ nữ cung cấp mỹ phẩm TF-Uni-VN,51000,,0,Trang điểm
MONLEYTA | Bút Tô Mắt Highlight & Contour với Bóng Nhũ,51000,,0,Trang điểm
Mềm mịn tự nhiên hightlighter Bột làm sáng và trang điểm bền màu mỹ phẩm trang điểm khuôn mặt,79200,40 Đã bán,20,Trang điểm
Kem dưỡng da cải thiện nếp nhăn vượt trội ELIXIR RETINOL POWER WRINKLE SMOOTHING CREAM 22g,1682000,299 Đã bán,47,Trang điểm
Sáp chống nắng đa năng dưỡng da trang điểm chống lão hóa The Face Shop Power Long Lasting Sunscreen Stick SPF50+PA++++,327200,193 Đã bán,56,Trang điểm
Combo 10 hộp Bông trang điểm Silcot 82 miếng/hộp,294000,3.3K Đã bán,243,Trang điểm
"[CHÍNH HÃNG] Xịt khoáng Saffron nhuỵ hoa nghệ tây - Saffron Mist 3in1 hlt14 (sáng da dưỡng ẩm cấp nước, thải chì, giữ lớp trang điểm được lâu) BS cosmetics  saffrontaya.hoailetran",490000,,0,Trang điểm
Phấn Nền Dạng Bột Gella's Highlight Contour Palette Phấn Bóng Mờ Sáng Mắt Mũi Che Phủ Đa Năng Màu Xám Nâu Sản Phẩm Trang Điểm Mặt,106000,600 Đã bán,0,Trang điểm
Bộ Trang Điểm Học Sinh Dễ Sử Dụng Bộ Trang Điểm Toàn Diện Cho Người Mới Bắt Đầu Bộ Trang Điểm Trang Điểm Không Thấm Nước,134000,98 Đã bán,0,Trang điểm
Bộ Bột Trang Điểm Đa Năng Bốn Màu Cho Chuyên Gia Trang Điểm Bộ Phấn Má Hồng Và Mắt Có Kết Cấu Nhung Mờ Màu Nâu,105000,48 Đã bán,0,Trang điểm
Bảng phấn mắt siêu mịn Carslan 4 màu kết hợp nhũ lấp lánh bền màu lâu trôi 6g,149000,549 Đã bán,159,Trang điểm
"Phấn má Kaleidos,Mono Blushes Soft-Matte Finish Face Blusher 5g",414000,99 Đã bán,20,Trang điểm
"Phấn Mắt Gel Lấp Lánh Màu Vàng Lớn, Lấp Lánh, Nhiều Màu Sắc, Trang Điểm Sân Khấu, Trang Điểm Mặt, Phụ Kiện Trang Điểm, Chống Thấm Nước, Chống Mồ Hôi",69000,60 Đã bán,0,Trang điểm
Chính hãng Eucerin Kem Chống Nắng Kiểm Soát Nhờn Trang điểm Sun Oil Control Dry Touch CC SPF50+ 50ml,518018,,0,Trang điểm
"Thỏi phấn mắt kem, bút phấn mắt kem chuyển sang bột, phấn mắt lì và nhũ, chống nước, lâu trôi (bộ 12 màu)",400077,,0,Trang điểm
Phấn trang điểm,640000,,0,Trang điểm
Kem dưỡng trắng đêm Zidi,500000,8 Đã bán,2,Trang điểm
Phấn Nền Dạng Bột 3 Màu Đa Năng Cho Nữ Phấn Phủ Che Khuyết Điểm Phấn Bóng Mờ Phấn Nền Nâng Che Khuyết Điểm,224000,66 Đã bán,0,Trang điểm
"Bộ trang điểm, bảng màu đa chức năng có gương, 90 màu phấn mắt/phấn nén/phấn nhũ/phấn tạo khối/phấn highlight/màu môi, bộ trang điểm đầy đủ cho phụ nữ # A(Màu hồng)",703798,,0,Trang điểm
Phấn Mắt Màu Đơn Pearl Diamond Bling Smoke Purple Brown Earthly Gold Brown Cement Gray Eyeshadow Cho Phụ Nữ,181000,78 Đã bán,0,Trang điểm
CHUBEISHI | Màu Mắt Lỏng Bóng Cho Trang Điểm Sân Khấu Vàng Bạc,108000,,0,Trang điểm
Ink Tattoo Orifesh Original Blue Series Makeup Beauty Tools Tattoo Ink Any Skin Type World Famous Tattoo Color Pigment,448000,378 Đã bán,0,Trang điểm
Kem Chống Nắng Trang Điểm Phục Hồi Da Sau Tổn Thương Easydew Rx Post Laser Mineral BB Cream SPF46 40ml,1033000,,0,Trang điểm
Phấn Mắt Hai Màu Dạng Bút Lấp Lánh Che Khuyết Điểm Chống Thấm Nước Làm Sáng Màu Tự Nhiên Dạng Bút Chì Cho Mọi Loại Da,157000,54 Đã bán,0,Trang điểm
CHUBEISHI | Bảng Mắt Sân Khấu Cho Trẻ Em Ngày Hội Thiếu Nhi,107000,,0,Trang điểm
Phấn Trang Điểm Thẩm Mỹ Tăng Cường Màu Sắc 18g Ba Thế Hệ Phân Tử Nhỏ Cao Cấp Màu Mày Mắt Môi Đổi Màu Đỏ Xanh Đen,388000,600 Đã bán,0,Trang điểm
CHUBEISHI | Trang Điểm Sân Khấu Đa Màu có Bóng cho bé vào Ngày Hội Thiếu Nhi,141000,,0,Trang điểm
"Phấn Trang Điểm Sân Khấu Chống Nhăn, Định Hình, Chống Nhăn, Phẳng, Mềm Mại, Bền, Chống Thấm Nước, Chống Thấm Mồ Hôi, Chống Thấm Nước",311000,72 Đã bán,0,Trang điểm
Kem Chống Nắng Deoproce Original Fresh Non-Sticky Không Làm Trôi Trang Điểm Làm Đẹp Toàn Thân Chăm Sóc Da Thường Ngày Hàn Quốc,309000,37 Đã bán,0,Trang điểm
"Kem Lười Make Up Nâng Tone NUOWEIYA FIVE FIRMING  - Kem Five Firming Giúp Xóa Nhăn, Che Khuyết Điểm, Làm Trắng - SẢN PHẨM CHUẨN, CỰC KÌ TỐT, ĐẢM BẢO SỬ DỤNG ƯNG Ý, ĐƯỢC ƯA THÍCH TRÊN THỊ TRƯỜNG HIỆN NAY, ỦNG HỘ SHOP NHÉ",279900,,0,Trang điểm
JIUQI | Bảng Màu Mắt Matte Shimmer Highlight Contour Blush,111000,,0,Trang điểm
"Florasis ( Hoa Tây Tử) Phấn Nén Lì Mịn – Finish Lì, Mịn & Lâu Trôi 9g",574000,8 Đã bán,2,Trang điểm
Eelhoe Đồng Bằng kem dưỡng da Bảo Hiểm Đầy Đủ kem lót trang điểm Làm Trắng Làm Sáng kem dưỡng da ban ngày Giữ Ẩm Lười Biếng Trang Điểm kem che khuyết điểm trang điểm tông nude kem dưỡng da hyaluronic axít Huyết Thanh ngừa nếp nhăn kem dưỡng da ban ngày Ch,83300,,0,Trang điểm
"[ƯU ĐÃI 15-17.10] Phấn Phủ Dạng Bột Bobbi Brown Sheer Finish Loose Powder / phấn phủ lâu trôi với Vitamin E để trang điểm cho da dầu - mỏng nhẹ, không chứa dầu",1430000,199 Đã bán,28,Trang điểm
"Son kem Powder Kiss Liquid Lipcolour cho hiệu ứng màu mịn màng, làm mờ vân môi và dưỡng ẩm môi suốt 10H",880000,31.2K Đã bán,3008,Trang điểm
"Phấn Mắt Kẻo Lông Mày Hai Màu Mới 2023 Pen Kẻ Mắt Dễ Sử Dụng, Dạng Bột, Chống Thấm Nước, Lâu Trôi, Màu Đất, Dùng Cho Mọi Loại Da",136000,150 Đã bán,0,Trang điểm
MONLEYTA | Son lì không cần keo Eyeshadow Bling Bling không cần keo Chăm sóc da mặt Trang điểm sân khấu cho trẻ em Phụ kiện tóc,85000,,0,Trang điểm
YINSHANG | Tổng Hợp Đồ Trang Điểm Sang Trọng,360000,,0,Trang điểm
Hkho 4 Màu Sắc Kem má hồng Đa-Mục Đích Bảng trang điểm Matte Cheek Lip trang điểm mắt nâu đỏ Phấn Má Hồng Bột mỹ phẩm chăm sóc da mặt,55000,,0,Trang điểm
CHUBEISHI | Trang Điểm Lấp Lánh cho Girls Diễn Trò Chơi Sân Khấu,68000,,0,Trang điểm
Phấn nước trang điểm mỏng nhẹ Sulwhasoo Perfecting Cushion Airy 15G - kèm 1 lõi thay thế 15G,1799000,1.4K Đã bán,243,Trang điểm
Beautyglazed68 Màu Phấn Mắt Chơi Trang Điểm Nhiều Màu Sân Khấu Trang Điểm Macaron Bão Hòa Cao Âu Mỹ Lớn,387000,,0,Trang điểm
"Viên uống Thơm Cơ Thể, Thơm Hoa Hồng ROSE DHC Nhật Bản",205000,50 Đã bán,8,Dưỡng thể
Sữa dưỡng thể dịu nhẹ như bông Johnson's baby cotton touch 200ml,66360,269 Đã bán,66,Dưỡng thể
Nước lột da Hiệu Quả Trong 2-7 Ngày Khử Mùi Hôi Bỏ Lớp Da Thô Cứng Hỗ Trợ Làm Sáng Body Peling Oil thay da sinh học,66810,837 Đã bán,200,Dưỡng thể
"Muối tắm tẩy da chết vị hoa quả Heyxi cực thơm, Muối tẩy tế bào chết body Heyxi sạch mịn giúp da trắng sáng - BUM STORE",36000,3.5K Đã bán,490,Dưỡng thể
"TẮM TRẮNG BÔNG ONAYA Siêu Trắng sau 7 Phút Set 130g tắm được 2 lần Làm sạch da,trắng sáng da toàn thân Giúp da mịn màng,dưỡng giữ ẩm da Mờ thâm,đồi mồi,săn chắc da Ngừa lão hoá,chống nhăn da Tẩy tế bào chết,phục hồi",26730,10 Đã bán,2,Dưỡng thể
KEM BODY BONG DA tái tạo toàn thân thơm mịn bong nhanh từ 7-10 ngày Loại bỏ da chai lì đen nhẻm kem thơm mịn an to sạch thâm nám sạch mụn lưng ket hợp body dưỡng phân tử nước dưỡng da hàng ngày trắng,58752,1.9K Đã bán,412,Dưỡng thể
"[MUA 3 GIẢM 50%] Dầu dưỡng trắng da toàn thân MOAW MOAWS - làm sáng da, mềm da, giảm thâm",159000,483 Đã bán,89,Dưỡng thể
TẮM TRẮNG THÁI_ tẩy mạnh Trắng da toàn thân trắng cấp tốc sau 5’,85000,14 Đã bán,1,Dưỡng thể
Viên uống Vitamin 3B Hộp 100 viên giúp bồi bổ cơ thể nâng cao sức đề kháng,62000,508 Đã bán,124,Dưỡng thể
"Vitamin 3B B1 B6 B12 HV bổ sung dưỡng chất cho cơ thể, nâng cao thể lực, người suy nhược cơ thể, chán ăn,mệt mỏi ml no",85000,,0,Dưỡng thể
Combo Bộ Ở Cữ Sau Sinh Cho Mẹ Chăm Sóc Cơ Thể Tiết Kiệm Và Toàn Diện | Bách Hóa Thảo Mộc,389000,38 Đã bán,9,Dưỡng thể
Dưỡng thể trắng da Lotion 3+ Plus,185000,,0,Dưỡng thể
"Applied Nutrition Body Fuel 330ml - Nạp năng lượng, Tăng sức mạnh và khả năng vận động - SẢN PHẨM RẤT TỐT, SỬ DỤNG CỰC THÍCH, SHOP CHỌN LỌC ĐƯỢC ƯA CHUỘNG TRÊN THỊ TRƯỜNG, KHÁCH YÊU CÓ THỂ TRẢI NGHIỆM VÀ PHẢN HỒI CHO SHOP",249900,,0,Dưỡng thể
Huyết Thanh Dưỡng Thể Toàn Thân Gluta Primme Body Booster Serum 50ml,100000,,0,Dưỡng thể
"JELLYGIN CAP Viên uống bồi bổ cơ thể Người suy nhược cơ thể, ăn uống kém, mệt mỏi Người già yếu, mới ốm dậy ml no",208000,,0,Dưỡng thể
"Kem Tẩy Trắng Da, Dưỡng Ẩm Kem Tẩy Trắng Body Thái Lan Chuyên Spa Hũ Xanh 500GR giá sỉ",55500,401 Đã bán,119,Dưỡng thể
Bồi bổ cơ thể Vitamin 3b viphar hộp 100viên năng cao thể trạng,65000,,0,Dưỡng thể
"Siro VITAMINC THYMO NBK hỗ trợ tăng cường sức khỏe, nâng cao sức đề kháng cơ thể, hộp 20 ống",145000,,0,Dưỡng thể
"Vitamin 3B Gol Extra bổ sung dưỡng chất cho cơ thể, nâng cao thể lực, người suy nhược cơ thể, chán ăn, mệt mỏi",64000,,0,Dưỡng thể
"JELLYGIN CAP Viên uống bồi bổ cơ thể Người suy nhược cơ thể, ăn uống kém, mệt mỏi Người già yếu, mới ốm dậy ml",207000,,0,Dưỡng thể
kem tẩy tế bào chết tẩy tế bào chết body 250g Tẩy tế bào chết body toàn thân tắm trắng toàn thân kem body trắng làm trắng dưỡng thu nhỏ lỗ chân lông，làm trắng dưỡng thu nhỏ lỗ chân lông Dưỡng ẩm và cấp nước cho da,74800,11 Đã bán,3,Dưỡng thể
"Body bong da tẩy sạch da chay sạm, da xỉn màu, bong nhanh mạnh và hieu quả",96200,,0,Dưỡng thể
"Body dưỡng da Lúa mạch PROTEIN (200ml) Quê Skin chiết xuất từ sữa lên men, Dưa lưới và Yến Mạch dưỡng toàn thân hương hoa hỗ trợ chai sần",109000,6 Đã bán,3,Dưỡng thể
"Xà phòng làm trắng cơ thể, sữa tắm trắng da, trắng da toàn thân Mịn Da Ngừa Mụn Trứng Cá Viêm Tắc Lỗ Chân Lông Chống Rôm Sẩy Mẩn Ngứa SAO",43550,,1,Dưỡng thể
"Chăm sóc cơ thể giọt 60ml-Thành phần tự nhiên, không biến đổi gen, chăm sóc nhẹ nhàng cho cơ thể",141277,,0,Dưỡng thể
CÔNG THỨC KEM BODY DƯỠNG TRẮNG SIÊU THẮM,210000,,0,Dưỡng thể
"il BỒI BỒ CƠ THỂ TC Vita trái cây, bồi bổ cơ thể, hỗ trợ người suy nhược cơ thể viên",85000,,0,Dưỡng thể
"kem body bong tái tạo toàn thân Hộp 200gr, cải thiện làn da đen sạm, khô sần, mịn màng thơm tho sau khi dùng",129000,,0,Dưỡng thể
"Gel tẩy tế bào chết cam, gel dưỡng ẩm cho mặt và body, tẩy tế bào chết sâu, tẩy tế bào chết tự nhiên cho mặt (5 cái)",429432,,0,Dưỡng thể
"Gel tẩy tế bào chết cam, tẩy da chết dưỡng ẩm sâu với enzyme, gel tẩy tế bào chết mặt và body hữu cơ, tẩy tế bào chết cho mọi loại da (1 cái, 50g/1.76oz)",457546,,0,Dưỡng thể
"Xà phòng tắm cơ thể, Sữa Tắm Trắng Da Dưỡng Ẩm Tinh Chất Sữa & loại bỏ sạm nắng & dưỡng ẩm, tẩy tế bào chết cho cơ thể phù hợp cho mọi loại da",87100,,0,Dưỡng thể
Tẩy da Chết Toàn Thân Body Exfoliating 298g,48000,,0,Dưỡng thể
"Gel tẩy tế bào chết cam cho mặt và body, tẩy tế bào chết cam mới 2025, làm sạch sâu lỗ chân lông, loại bỏ mụn đầu đen, dưỡng ẩm, gel tẩy tế bào chết cho mọi loại da (1PCS, 3.52 Oz)",532176,,0,Dưỡng thể
"Gel tẩy tế bào chết thanh lọc, tẩy tế bào chết nhẹ nhàng, tẩy tế bào chết cho chăm sóc da, sữa rửa mặt tẩy tế bào chết, gel tẩy tế bào chết cho mặt và cơ thể (1 cái)",581931,,0,Dưỡng thể
Sữa rửa mặt Beestox Inner Cleanser 100ml Nữ Sinh Liệu Chăm Sóc Cơ Thể,829000,,0,Dưỡng thể
UNNY | Kem Chống Nắng Cho Mặt và Cơ Thể Bảo Vệ UV,286000,,0,Dưỡng thể
"Dầu dưỡng da bò, kem dưỡng ẩm bò cho da, kem dưỡng ẩm cho mặt và cơ thể, dầu dưỡng ẩm tự nhiên cho da khô nứt nẻ, sản phẩm chăm sóc da bò (1 cái)",323723,,0,Dưỡng thể
Kem dưỡng thể nam BoSqeen Jo Scrub Nam Tuyến Phối Mạnh Cải Thiện Tự Tin Chăm Sóc Nam,467000,,0,Dưỡng thể
50x Kem Chống Nắng Dưỡng Trắng Da Mặt & Cơ Thể dạng Xịt,350000,,0,Dưỡng thể
"Siro Thymoseryne Giúp Bồi Bổ Cơ Thể, Tăng Cường Sức Đề Kháng - Hộp 20 ống",155000,,0,Dưỡng thể
SUYANGIR | Kem Dưỡng Ẩm & Bổ Sung Nước Cho Cơ Thể dành cho Phụ Nữ,137200,,8,Dưỡng thể
Aveeno | Kem Dưỡng Thể Dưỡng Ẩm Làm Dịu,474600,,26,Dưỡng thể
Sữa Dưỡng Thể Mềm Mịn Da Enchanteur 200g,56000,178 Đã bán,38,Dưỡng thể
Lotion Vaseline Dưỡng Trắng Và Cấp Ẩm Cho Da 400ml,65000,79 Đã bán,22,Dưỡng thể
Kem body bạch ngọc liên xanh,55000,327 Đã bán,40,Dưỡng thể
Sữa Dưỡng Thể Trắng Da OLAY Body B3 Vitamin C Optic Glow Radiance 90g Siêu Trắng Sáng Chính Hãng,195975,45 Đã bán,7,Dưỡng thể
"Sữa Dưỡng Thể kích trắng, Dưỡng ẩm Alpha Arbutin 3 Plus Collagen Lotion 500ml Thái lan trắng hồng rạng rỡ (chính hãng)",72000,756 Đã bán,111,Dưỡng thể
Sữa Dưỡng Thể Chính Hãng Olay B3 - Dưỡng Trắng Da Toàn Thân Chai 250ml,83215,1.4K Đã bán,193,Dưỡng thể
Sữa Dưỡng Trắng Da Alpha Arbutin Collagen Lotion 500g - Chăm Sóc Cơ Thể Cao Cấp,107000,80 Đã bán,16,Dưỡng thể
"[FREESHIP] BODY COLLAGEN X3 ĐÔNG ANH Dưỡng Trắng, Dưỡng Ẩm Body",95000,7.4K Đã bán,1100,Dưỡng thể
Làm trắng nhanh Sữa dưỡng thể Niacinamide Kem body siêu trắng Kem dưỡng ẩm làm trắng da 300g Sữa dưỡng thể làm trắng da Kem body siêu trắng kem body trắng da cấp tốc niacinamide chăm sóc cơ thể cấp nước dưỡng ẩm làm sáng da,57155,31 Đã bán,15,Dưỡng thể
"Tẩy tế bào hương trái cây, tắm chăm sóc da tắm cơ thể sạch sẽ",29999,,1,Dưỡng thể
Sữa Dưỡng Thể Yanli 100g - Kem dưỡng nâng tone da Niacinamide Dưỡng Ẩm Làm Trắng Chăm Sóc Da Lâu Trôi,25200,60 Đã bán,23,Dưỡng thể
"Sữa Dưỡng Thể Vaseline Tinh Chất Vàng 500ML Ngăn Ngừa Lão Hóa, Trắng Da, Mềm Mại Hiệu Quả Whitening Body Cream",71880,293 Đã bán,93,Dưỡng thể
[ Chính hãng - Freeship ] BlueDulin Kid - hỗ trợ giúp tăng cường sức đề kháng cơ thể,96000,,0,Dưỡng thể
"Kem Ủ Trắng ,Tắm Trắng HUNMUI 300ml dưỡng trắng da toàn thân",25259,3.1K Đã bán,797,Dưỡng thể
"BỒI BỒ CƠ THỂ TC Vita trái cây, bồi bổ cơ thể, hỗ trợ người suy nhược cơ thể",85000,10 Đã bán,0,Dưỡng thể
"Sữa Dưỡng Thể Collagen Tinh Chất Vàng 300g Ngăn Ngừa Lão Hóa, Trắng Da, Mềm Mại Hiệu Quả, Giúp Da Trẻ Như Tuổi Whitening Body Cream",60588,999 Đã bán,275,Dưỡng thể
Vaseline Sữa dưỡng thể làm trắng da siêu trắng Kem Làm trắng Kem body siêu trắng Kem dưỡng ẩm làm trắng da 500ML,62215,85 Đã bán,55,Dưỡng thể
"Viên uống  Bosmaton - Bổ sung vitamin tổng hợp , hỗ trợ tăng sức đề kháng, tăng cường thể lực, chống suy nhược cơ thể - Hộp 60 viên",135570,,0,Dưỡng thể
"(SIÊU LÂU) Xịt KBW Bền bỉ Tăng Cường Sinh Lý, Trì Hoãn Xuất Sớm, Kéo Dài Thời Gian Q Hệ Bền Bỉ Đến 60 Phút.",80000,102 Đã bán,11,Dưỡng thể
"Combo Body + Tắm Trắng Collagen X3 Mix Saffron Làm Trắng Da Toàn Thân, Mờ Thâm Công Ty Mỹ Phẩm Đông Anh",60000,,2,Dưỡng thể
"Máy massage cầm tay(MÀU TRẮNG), máy mát xa 16 đầu thông minh, massage toàn thân giúp giảm nhức mỏi cơ. PINKY PLUS",490000,91 Đã bán,24,Dưỡng thể
Tẩy Tế Bào Chết Toàn Thân Organic Shop Organic Coffee & Sugar Body Scrub 250ml cung cấp các dưỡng chất cần thiết cho làn da toàn thân trở nên mịn màng và sáng mịn hơn sau mỗi lần sử dụng,115000,,0,Dưỡng thể
"THỰC PHẨM BẢO VỆ SỨC KHỎE AKERO KARELA KIỂM SOÁT LƯỢNG ĐƯỜNG TRONG CƠ THỂ - 15 GÓI/HỘP – 2,5GR/GÓI",250000,,0,Dưỡng thể
"[SALE SALE] SỮA TẮM TRUYỀN TRẮNG COLLAGENX12 Dùng cho toàn thân: DA TRẮNG LÊN 70% sau lần đầu thải độc, mình ủ thải độc 3 lần là da sẽ NHẢ NẮNG và TRẮNG MỊN Giảm mụn, xóa thâm, da căng bóng và trắng mịn sau 3 lần ủ thải độc",37000,5 Đã bán,1,Dưỡng thể
"Vitamin  MUL DAVITA Vinaphar  - Cung cấp vitamin thiết yêu cho cơ thể - Tăng Sức Đề Kháng , Chống Suy Nhược Cơ Thể Chai 500 Viên",89000,7 Đã bán,1,Dưỡng thể
"Vitamin 3B B1 B6 B12 HV bổ sung dưỡng chất cho cơ thể, nâng cao thể lực, người suy nhược cơ thể, chán ăn,mệt mỏi ml",85000,,1,Dưỡng thể
"Kem body Sắc Hương dưỡng thể,",80000,,0,Dưỡng thể
[HCM]Sữa dưỡng thể dưỡng ẩm Enchanteur Charming 200g,58000,432 Đã bán,93,Dưỡng thể
Lotion Tự Tanner - Kem Thuộc da Cơ thể Cho Mặt da Sâu Màu,143000,,0,Dưỡng thể
Sữa dưỡng thể Vaseline Healthy Bright Gluta HYA Serum Burst Lotion 10X Thái Lan 330ml,85358,1.6K Đã bán,337,Dưỡng thể
"Combo Body Tẩy Trắng Thái Lan - Tắm Trắng Khô Khử Thâm Siêu Trắng Sáng 💖💖

💯 Trắng bất chấp mọi cơ địa, ko trắng hoàn tiền lại nhé 


TRẮNG LÀ ĐẸP - TRẮNG LÀ SANG"" dễ mặc đồ nào cũng đẹp dưỡng trắng da bằng kem là",39000,10 Đã bán,3,Dưỡng thể
"[Mua 2 tặng1] Tẩy Tế Bào Chết Exfoliating Body Polish,Tẩy da chết giúp dưỡng da mịn màng tươi sáng,Tẩy Tế Bào Chết Chiết Xuất Bơ,Bơ và trái cây Tẩy tế bào chết Làm sạch lỗ chân lông Làm trắng Kem dưỡng da cơ thể Toàn thân tẩy d",74035,,0,Dưỡng thể
Sữa Dưỡng Thể Vaseline 70ml - Dưỡng Ẩm Sáng Da Mờ Thâm Da Căng Mịn,13065,20 Đã bán,2,Dưỡng thể
"Serum giảm mỡ thon gọn cơ thể, giảm béo cấp tốc đánh bay 5kg trong 1 tuần , săn chắc giảm béo toàn thân, càng béo càng giảm",90000,,1,Dưỡng thể
Kem body siêu trắng nhanh chính hãng toàn thân Chống nắng Giá rẻ Toàn thân Nicotinamide Thành phần tự nhiên An toàn và không gây kích ứng Làm săn chắc da Dưỡng ẩm da Trắng da cấp tốc/300g,55165,1.1K Đã bán,287,Dưỡng thể
Vaseline Sữa Dưỡng Kem ủ trắng da toàn 500ml trình dưỡng trắng Siêu trắng mịn da Whitening Body Cream,73266,135 Đã bán,64,Dưỡng thể
"dy dưỡng Trắng sáng toàn thân tinh thể cấp ẩm dưỡng da mềm mịn tối ưu thẩm thấu nhanh, không gây nhờn rít.hương nước hoa-Body Gold White căng bóng, dưỡng ẩm cho da",58900,8 Đã bán,2,Dưỡng thể
Sữa dưỡng thể trắng da Collagen Alpha Arbutin 500ml Thái Lan cao cấp,55000,86 Đã bán,13,Dưỡng thể
Sữa Dưỡng Thể Ginbi 237ml Body Lotion Không Bết Dính Trắng Sáng Trẻ Hoá Và Làm Đều Màu Da Zu Cosmetics,19500,,0,Dưỡng thể
"Dừa Sữa Dưỡng Thể Trắng Da Body lotion Dưỡng Da Trắng Hồng, Nâng Tone Da Toàn Thân Hàng 300ml",72438,45 Đã bán,28,Dưỡng thể
"Sữa Dưỡng Thể Hatomugi Dưỡng Sáng Da Ban Đêm 250ml, 400ml Hasaki Sản phẩm chính hãng",80000,1.3K Đã bán,363,Dưỡng thể
Kem Body Hana New SPF 60+ Chính Hãng 100% 250g Trắng Mịn Da,65000,4.6K Đã bán,560,Dưỡng thể
"Kem Dưỡng Thể GlowCode Giúp Da Sáng Mịn, Mờ Thâm 30g Bright & Smooth Axillary Cream Hasaki Sản Phẩm Chính Hãng",86000,42 Đã bán,7,Dưỡng thể
Serum Dưỡng Thể Vaseline Healthy Bright Gluta-Hya Serum Burst Lotion Overnight Radiance Repair 300ml,112000,100 Đã bán,17,Dưỡng thể
Kem dưỡng thể làm trắng da thời đại trước đây của sữa dưỡng thể cho nam và nữ niacinamide dưỡng ẩm làm trắng da,57619,54 Đã bán,27,Dưỡng thể
Serum Chống Nắng Dưỡng Thể Kháng Bụi Bioré UV Anti-Pollution Body Care Serum Hasaki Sản phẩm chính hãng,70000,791 Đã bán,216,Dưỡng thể
VIÊN UỐNG THƠM CƠ THỂ DHC 40 VIÊN 20 NGÀY NHẬT BẢN (TINH DẦU HOA HỒNG BULGARIA),245000,32 Đã bán,1,Dưỡng thể
Dr.Melaxin Rice Ampoule 80ml/Soft Exfoliating Face and Body Scrub Dead Skin Cells Remover for All Skin Types korean skin care,520817,,0,Dưỡng thể
5 Loại Sữa dưỡng thể Grace and Glow Body Serum 300ml,99000,571 Đã bán,179,Dưỡng thể
Kem Tẩy tế bào chết body toàn thân dưỡng trắng toàn thân kem body tẩy da chết  làm mềm da cấp ẩm thu nhỏ lỗ chân lông,39500,179 Đã bán,71,Dưỡng thể
Vaseline Serum Dưỡng Thể Tức thì 4X 300ml-Thái,142000,,0,Dưỡng thể
Eelhoe dầu cơ thể giữ ẩm làn da mịn màng ẩm và tinh tế làm săn chắc da thư giãn cơ bắp cơ thể và làm giảm mệt mỏi 120ml,120353,,0,Dưỡng thể
CHAI DƯỠNG THỂ BODY SẮC HƯƠNG,100000,,0,Dưỡng thể
PLANTISM | Kem Dưỡng Ẩm & Bổ Sung Nước Cho Cơ Thể,82600,,4,Dưỡng thể
"Kem Body Cấy Trắng Arbutin x10 500g Kháng Nước 100% kem ủ siêu trắng, siêu thơm",55500,110 Đã bán,32,Dưỡng thể
Ủ trắng da toàn thân đào Collagen Body Mask Thái Lan,75000,8 Đã bán,0,Dưỡng thể
HUYẾT THANH SERUM KHỬ DA VÀNG KẾT HỢP & TINH CHẤT BỐC TẨY ĐEN BODY . TẨY TRẮNG NHANH. DÀNH CHO DA MỎNG YẾU.DA CHAI LỲ . CHẤT KEM ĐẶC TẨY TRẮNG BODY CẤP TỐC 250ML,98900,,0,Dưỡng thể
"Vitamin 3B B1 B6 B12 HV bổ sung dưỡng chất cho cơ thể, nâng cao thể lực, người suy nhược cơ thể, chán ăn,mệt mỏi ml no dang ni",85000,,0,Dưỡng thể
Googeer trao đổi chất thúc đẩy giảm nhanh chóng giảm nâng tạ làm săn chắc cơ thể định hình giọt cho cơ thể định hình chăm sóc sức khỏe giảm béo dầu giảm béo đốt cháy bụng mất chất béo giảm cân trọng lượng xuống thực vật tự nhiên mỏng Essential mất chiết x,76500,,0,Dưỡng thể
"Viên uống VISTA-B B12 (Chai 100 viên) Bổ sung vitamin nhóm B cho cơ thể, giúp tăng sức đề kháng, giảm mệt mỏi.",50000,,0,Dưỡng thể
"BỒI BỒ CƠ THỂ Phariton TVP bồi bổ cơ thể, hỗ trợ người suy nhược cơ thể vienn",105000,,0,Dưỡng thể
"Trivitamin B1-B6- B12 bổ sung vitamin dưỡng chất cho cơ thể,  nâng cao thể lực, người suy nhược cơ thể, chán ăn, mệt mỏi",22000,23 Đã bán,0,Dưỡng thể
Cốt sâm triều tiên Oricoe tăng cường sức khỏe thể lực cho cơ thể chai nhỏ 30ml,524000,,0,Dưỡng thể
Googeer sự trao đổi chất giảm nhanh chóng giảm nâng tạ làm săn chắc cơ thể định hình giọt cho cơ thể hình chăm sóc sức khỏe giảm béo dầu giảm béo đốt cháy chất béo bụng mất chất béo giảm cân trọng lượng xuống thực vật tự nhiên mỏng Essential mất chiết xuấ,77350,,0,Dưỡng thể
"BỒI BỒ CƠ THỂ TC Vita trái cây, bồi bổ cơ thể, hỗ trợ người suy nhược cơ thể dạng vi",85000,,0,Dưỡng thể
"Siêu ủ body trắng da, căng mịn màng, cải thiện da chay sạm, cấp ẩm, cân bằng da",133000,,0,Dưỡng thể
"Siro THYMO VITAMINC NBK hỗ trợ tăng cường sức khỏe, nâng cao sức đề kháng cơ thể, hộp 20 ống",145000,,0,Dưỡng thể
Vaseline 50x Serum chống nắng cơ thể SPF50 + dưỡng da sáng khoẻ 30ml/ 70ml,25000,21 Đã bán,5,Dưỡng thể
Sữa Dưỡng Thể Chống Nắng Reihaku Hatomugi 250ml Hasaki Sản Phẩm Chính Hãng,160000,303 Đã bán,76,Dưỡng thể
SUYANGIR | Kem Dưỡng Ẩm và Cấp Nước Cho Cơ Thể,137200,,4,Dưỡng thể
"Gói Ủ Tắm Trắng Body Sữa Non Kích Trắng, Làm Sáng Da Sau Khi Ủ",27000,,0,Dưỡng thể
"Kem trắng da toàn thân cấp tốc,ủ trắng da toàn thân Kem body siêu trắng da dưỡng ẩm làm trắng 30g Kem thể dưỡng ẩm chống nắng,tẩy da chết,mịn da Toàn thân có sẵn",55970,,0,Dưỡng thể
"SỮA DƯỠNG BODY Làm mờ thâm, sạm, rạn da, cấp ẩm",99000,,0,Dưỡng thể
"Gel Tẩy Tế Bào Chết Toàn Thân 200g Hương Mâm Xôi Đen, Chai Tẩy Da Chết Body Dịu Nhẹ Dưỡng Ẩm Da Trắng Sáng Mịn Màng.",25000,24 Đã bán,3,Dưỡng thể
"[MUA LÀ CÓ QUÀ] Serum Dưỡng Thể Nivea Sáng Da, Mờ Thâm Nám Extra Bright 10 Super Vitamins & Skin Foods Glow Perfection Body Serum Hasaki Sản Phẩm Chính Hãng",124000,43 Đã bán,10,Dưỡng thể
Serum chống nắng dưỡng thể Biore UV Anti-pollution Body Care Serum - Age Defense 50ml,60000,,0,Dưỡng thể
SỮA DƯỠNG THỂ  ENCHANTEUR CHARMING 200GR,72750,,0,Dưỡng thể
Sữa Dưỡng Thể Hỗ Trợ Sáng Da Chuyên Sâu Vaseline Healthy Bright Gluta-Hya Dewy Radiance 330Ml,118000,1.4K Đã bán,439,Dưỡng thể
Serum chống nắng cơ thể Vaseline  SPF50 + dưỡng da sáng khoẻ 30ML,9000,49 Đã bán,11,Dưỡng thể
Serum Dưỡng Thể Vaseline Healthy Bright Gluta Hya Burst Lotion Dewy Radiance 300ml,113000,1.3K Đã bán,176,Dưỡng thể
[Hàng Chuẩn] tẩy kỳ hạt tẩy tế bào chết cơ thể Body Gel Gold Whitening 350ml giúp loại bỏ bụi bẩn da chết diệt khuẩn làm da trắng mịn mờ vết thâm loại bỏ lớp da sần sùi,79000,250 Đã bán,40,Dưỡng thể
[MUA LÀ CÓ QUÀ] Sữa Dưỡng Thể Nivea SPF30 Dưỡng Trắng Phục Hồi Chống Nắng 200ml,79000,79 Đã bán,14,Dưỡng thể
[MUA LÀ CÓ QUÀ] Sữa Dưỡng Thể Nivea Dưỡng Ẩm Chuyên Sâu Intensive Moisture 600ml,142000,447 Đã bán,91,Dưỡng thể
[Voucher 12%] Dầu Xả PANTENE Pro-Vitamin Ngăn Rụng Tóc/ Phục Hồi Hư Tổn/ Suôn Mượt Óng Ả Chai 650ML,165000,50.3K Đã bán,3563,Dưỡng thể
KEM BODY TẨY TRẮNG THÁI LAN & TẮM TRẮNG KHÔ THÁI LAN - CHUYÊN DÙNG CHO SPA,30214,,0,Dưỡng thể
Combo 2 Serum chống nắng cơ thể Vaseline 50x bảo vệ da với SPF 50+ PA++++ giúp da sáng hơn gấp 2X 300ml,284000,4.4K Đã bán,920,Dưỡng thể
"Sữa dưỡng thể trắng da, tăng cường độ ẩm",75000,,0,Dưỡng thể
Serum kích trắng AHA white body 30ml Thái Lan,25000,7 Đã bán,1,Dưỡng thể
Ximonth dầu tắm nhẹ nhàng làm sạch cơ thể tẩy tế bào chết và giữ ẩm Đấu Thầu mịn và làm săn chắc da tắm nuôi dưỡng da mềm hydrat làm sạch dầu tắm nhẹ nhàng làm trắng nuôi dưỡng cấp ẩm làm sáng cải thiện chăm sóc da khô gel tắm làm sạch cơ thể (100ml),105400,,0,Dưỡng thể
[HOT]HUYẾT THANH SERUM KHỬ DA VÀNG KẾT HỢP & TINH CHẤT BỐC TẨY ĐEN BODY . TẨY TRẮNG NHANH. DÀNH CHO DA MỎNG YẾU.DA CHAI LỲ . CHẤT KEM ĐẶC TẨY TRẮNG BODY CẤP TỐC 250ML,89500,,0,Dưỡng thể
Tẩy Da Chết Body Đào Heyxi Peach Clear Body Scrub 200ml.,75000,,0,Dưỡng thể
Oceaura Gel tắm làm sạch cơ thể hoa hồng hương thơm lâu trôi cho da sẫm màu làm sạch sâu mùi cơ thể Tẩy Tế Bào Chết Làm mịn cả bọt thơm lâu nam nữ sức mạnh làm sạch dày dưỡng ẩm làm sáng mạnh mẽ cải thiện da mềm thô (100ml),85850,,0,Dưỡng thể
JIUQI | Kem Dưỡng Thể Hương Thơm Làm Dịu,75000,,0,Dưỡng thể
Tinh Chất Dưỡng Thể Trắng Da & Chống Nắng Nivea Extra White Body Serum,109000,,0,Dưỡng thể
Kem Đánh Bóng Cơ Thể Dưỡng Ẩm Làm Mịn Da Toàn Thân Loại Bỏ Tế Bào Chết Làm Trắng Da Cho Da Mềm Mại Và Mịn Màng,90000,1.9K Đã bán,0,Dưỡng thể
Gel Làm Đẹp Giảm Béo Toàn Thân Đa Năng 200ml,478200,,0,Dưỡng thể
"[Dr.Melaxin Chính thức] Ampoule tẩy tế bào chết gạo Peel Shot Glow, tẩy tế bào chết mềm mại cho mặt và cơ thể, loại bỏ mụn đầu đen cho mọi loại da, ampoule chăm sóc da 80ml Comfort ampoule-ong60",691176,,0,Dưỡng thể
Viên uống Multi-Vitamin Complex (Chai 500 viên) Bổ sung vitamin nhóm B cho cơ thể giúp tăng cường sức đề kháng.,120000,,0,Dưỡng thể
"BỒI BỒ CƠ THỂ TC Vita trái cây, bồi bổ cơ thể, hỗ trợ người suy nhược cơ thể 100v",85000,,0,Dưỡng thể
[MUA LÀ CÓ QUÀ] Sữa Dưỡng Thể Vaseline Dịu Mát Sáng Da 350ml Healthy Bright Fresh & Bright Cooling UV Niacinamide Lotion Hasaki Sản Phẩm Chính Hãng,117000,307 Đã bán,62,Dưỡng thể
"JELLYGIN CAP Viên uống bồi bổ cơ thể Người suy nhược cơ thể, ăn uống kém, mệt mỏi Người già yếu, mới ốm dậy ml no dang",205000,,0,Dưỡng thể
Combo 2 Sữa Dưỡng Thể Dưỡng Ẩm Vaseline Sáng Da Chống Nắng Toàn Spf24pa++ & Sáng Da Perfect Youth Cải Thiện Nếp Nhăn 350ml,221000,11.7K Đã bán,2148,Dưỡng thể
Oceaura làm sạch cơ thể Tẩy Tế Bào Chết Làm Sáng mụn làm sạch sâu nuôi dưỡng thu nhỏ lỗ chân lông Gel tắm sửa chữa chăm sóc da toàn thân gà làm sáng chăm sóc dưỡng ẩm nước thơm sữa tắm kéo dài da cơ thể nữ (80ml),85850,,0,Dưỡng thể
[LOẠI 1 chính hãng] .TẮM TRẮNG BODY BÔNG ONAYA.SIÊU TRẮNG SAU 7 PHÚT.DỮỠNG TRẮNG DA TOÀN THÂN 💯,35000,,0,Dưỡng thể
"[✅Chính hãng] Bổ sung vitamin cho cơ thể, tăng cường sức khỏe và sức đề kháng",59000,,0,Dưỡng thể
Kem bong da body tái tạo toàn thân mịn bong nhanh từ 7 đến 10 ngày loại bỏ da chai lì đen không đều màu kem thơm mịn an toàn sạch thâm mụn lưng tay chân hũ 250gr,189000,211 Đã bán,35,Dưỡng thể
kem ủ tẩy trắng da toàn thân cấp tốc tinh chất tế bào gốc - collagen sau 2 ngày sử dụng thái lan hủ 330 gram,180000,242 Đã bán,60,Dưỡng thể
Sữa dưỡng ẩm mềm mịn Johnson's Cottontouch 200ml,68000,6.3K Đã bán,951,Dưỡng thể
Làm sạch cơ thể dưỡng ẩm nuôi dưỡng đại dương làm sạch sâu dưỡng ẩm cho da giàu thành phần dưỡng ẩm duy trì độ ẩm cho da trong khi tắm ngăn ngừa khô da hiệu quả làm sạch da kiểm soát nước và cân bằng dầu làm cho da rạng rỡ (100ml),87550,,0,Dưỡng thể
Tẩy Tế Bào Chết Body Hữu Cơ 20g Dưỡng Da Body,20000,,0,Dưỡng thể
Peach Kem Tẩy Tế Bào Chết Làm Sáng Da Toàn Thân Kem Tẩy Tế Bào Chết Chăm Sóc Cơ Thể Trẻ Hóa Mịn Màng 100G,109000,,9,Dưỡng thể
Bổ sung chế độ ăn uống tăng cường thư giãn căng thẳng về thể chất và tinh thần tăng cường năng lượng của nam giới bổ sung chăm sóc cơ thể giàu khoáng chất tăng cường năng lượng tổng thể tăng cường tinh thần tập trung làm cho cơ thể thoải mái hơn tràn đầy,105167,,0,Dưỡng thể
Muối Tắm Tẩy Tế Bào Chết Toàn Thân HEYXI Mango Fresh 350g Dưỡng Ẩm Da Sáng Mịn Hương Xoài Thơm NgọtHeyxi Mango Fresh Bath Salt Body Scrub,25694,,0,Dưỡng thể
"[Trắŉg da toàn thân] Ống Serum ƙích trắŉg da Alpha Arbutin collągen Super Brightening Body Thái Lan - SẢN PHẨM RẤT CHẤT LƯỢNG, KHÁCH YÊU TRẢI NGHIỆM NHÉ, ĐẢM BẢO HÀNG HOT TRÊN THỊ TRƯỜNG HIỆN NAY",139900,,0,Dưỡng thể
"[TẶNG nước hoa] Sữa tắm gội nam hương nước hoa cao cấp 3in1 KING MONSTER 350ml, sữa tắm dầu gội nam",181060,2.8K Đã bán,981,Dưỡng thể
PLANTISM | Kem Dưỡng Thể Làm Sáng Da Chống Nắng,117600,,24,Dưỡng thể
[MUA LÀ CÓ QUÀ] Sữa Tắm Lifebuoy Detox Và Bảo Vệ Khỏi Vi Khuẩn Hasaki Sản Phẩm Chính Hãng,169000,13.9K Đã bán,1384,Dưỡng thể
"Kem massage cơ thể nam + kem massage cơ thể nữ, thành phần tự nhiên, nhẹ nhàng và không gây kích ứng",34760,46 Đã bán,14,Dưỡng thể
Sữa dưỡng thể Vaseline hồng Heathy White dưỡng ẩm làm sáng và mềm mịn da 600ml - 725ml - TD Shop,169000,2.0K Đã bán,475,Dưỡng thể
Nhật Bản Kem dưỡng thể làm trắng da thời đại trước đây của sữa dưỡng thể cho nam và nữ niacinamide dưỡng ẩm làm trắng da-Kem ủ trắng toàn thân giúp làm trắng da body cấp tốc 100g - Whitening Body Cream,42892,4.9K Đã bán,1163,Dưỡng thể
CỐT GỪNG TRÀM KHUYNH DIỆP 500ML tắm - ngâm chân giữ ấm cơ thể,89000,85 Đã bán,15,Dưỡng thể
【Free shipping for orders over 50k】Sữa Dưỡng Thể Dưỡng Ẩm Vaseline Body Lotion Toàn Thân Làm Sáng Da Hương Thơm Nữ,19000,23 Đã bán,4,Dưỡng thể
"Cây Chà Lưng, Cọ Kì Lưng 2 Đầu Bông Vải Lưới và Lông Bàn Chải, Cây Cọ Tắm 2 Đầu, Cọ Chà Lưng Vệ Sinh Cơ Thể Mềm Mại Tramanhshop",18100,3.5K Đã bán,990,Dưỡng thể
Sáp dưỡng Vaseline Orginal Protecting Jelly nhiều size Bí quyết làn da mềm mịn khỏe mạnh Cosin Store,53000,1.2K Đã bán,378,Dưỡng thể
Kem dưỡng mặt và Body Lotion  Vitamin E With Evening Primrose Oil 400ML,73120,247 Đã bán,42,Dưỡng thể
Kem body ủ trắng mix,22440,5.4K Đã bán,947,Dưỡng thể
"Body Mist Bath And Body Works Nam Nữ Chính Hãng, Xịt Thơm Khử Mùi Toàn Thân Hương Nước Hoa 236ml M01",269000,71 Đã bán,12,Dưỡng thể
Kem Ủ Trắng Da Gluta White Thái Lan 600gr,62000,1.2K Đã bán,169,Dưỡng thể
"Kem làm trắng, kem khử thâm vùng kín, có thể làm trắng vùng nách, đùi trong, nhũ hoa, mông, khớp và các bộ phận khác, loại bỏ melanin, cho da hồng hào và rạng rỡ",118800,31 Đã bán,10,Dưỡng thể
"Phấn lạnh Snake brand giúp làm mát cơ thể, ngăn mô hôi, dưỡng ẩm da Thái Lan - Phấn rôm lạnh- Size to 140gr",39000,33 Đã bán,4,Dưỡng thể
Sữa Tắm Muối Hồng Himalaya Làm Sạch và Dưỡng Ẩm Purify and Nourish 500g,88000,533 Đã bán,113,Dưỡng thể
Bộ Sữa Tắm Dưỡng Thể Dưỡng Sáng Da Cỏ Mềm,365000,139 Đã bán,26,Dưỡng thể
Kem Body Lotion Dưỡng Trắng & Chống Lão Hoá Mincer Pharma Vita C Infusion Body Lotion 250ml,299000,9 Đã bán,2,Dưỡng thể
[SIÊU GIẢM GIÁ] Sữa Tắm Hatomugi Dưỡng Ẩm Chiết Xuất Ý Dĩ 800ml Moisturizing & Washing The Body Soap Hasaki Sản Phẩm Chính Hãng,87000,21.9K Đã bán,5567,Dưỡng thể
"[MUA 3 GIẢM 50%] Kem Tím Ủ Trắng Body MOAW MOAWS - Body Lotion Dưỡng Ẩm Hương Nước Hoa - Sữa Dưỡng Thể Thơm Lâu - Kem Body Trắng Da Niacinamide , Glutathione, Vitamin C -",139000,56 Đã bán,11,Dưỡng thể
"Sữa Dưỡng Thể Body Lotion Bath And Body Works Chính Hãng, Lotion Dưỡng Ẩm Lưu Hương Mịn Da 236ml L01",269000,45 Đã bán,12,Dưỡng thể
[MUA LÀ CÓ QUÀ] Sữa Dưỡng Thể Vaseline Hỗ Trợ Sáng Da Rạng Rỡ 350ml Healthy Bright Insta Radiance UV Tone-Up Lotion Hasaki Sản Phẩm Chính Hãng,110000,455 Đã bán,125,Dưỡng thể
Tẩy Tế Bào Chết Toàn Thân Spa,33000,,0,Dưỡng thể
Eelhoe Sakura làm sạch cơ thể Cherry Blossom chiết xuất hoa Gel tắm sâu nuôi dưỡng làn da khắc phục da khô dưỡng ẩm Gel tắm hương thơm lâu dài,107726,,0,Dưỡng thể
Sữa tắm Lifebuoy 800g Chăm sóc da dưỡng ẩm mềm mịn giúp bảo vệ khỏi 99.9% vi khuẩn và ngăn ngừa vi khuẩn lây lan trên da (Túi),149237,17.4K Đã bán,3569,Dưỡng thể
Dầu lạnh xoa bóp Hàn Quốc Glucosamine 150ml shop Cosin Store Catus Glucosamine Massage Body Cream giảm nhức mỏi,58000,492 Đã bán,97,Dưỡng thể
Chất xơ bổ sung chất xơ bổ sung giọt giàu khoáng chất tăng cường năng lượng tổng thể tăng cường tinh thần tập trung rõ ràng làm cho cơ thể thoải mái hơn tràn đầy năng lượng giúp đàn ông tăng ham muốn đam mê và năng lượng tăng tốc lưu lượng máu và tăng cườ,65231,,0,Dưỡng thể
Oceaura làm sạch cơ thể dừa nướng Sữa tắm thơm dưỡng ẩm làm sạch cơ thể làm trắng làm sạch cơ thể chăm sóc cơ thể dầu dừa nguyên chất làm trắng Gel tắm thơm làm sạch cơ thể dưỡng ẩm chăm sóc da làm trắng da tạo tác (100ml),85850,,0,Dưỡng thể
"[MUA 1 TẶNG 1] Tẩy tế bào chết SPA Hàn Quốc 350ml - Gel tẩy tế bào chết toàn thân, dưỡng da trắng sáng, tẩy da chết body",46750,,1,Dưỡng thể
Sữa Tắm Dưỡng Trắng Mịn Da Ajola White Naturally Shower Vitamin E 1200ml hương nước hoa Hàng Việt Nam Chính Hãng 100%,36900,5.0K Đã bán,1300,Dưỡng thể
Googeer Epa-3 Giảm Béo Giọt Cao Cấp thảo dược dành cho cơ thể Hỗ Trợ chăm sóc cơ thể Sản Phẩm Hỗ Trợ Trọng Lượng Quản Lý Hàng Ngày Chất Dinh Dưỡng Bổ Sung Tập Thể Dục Giảm Béo Sức Khỏe Giọt (50Ml),64466,,0,Dưỡng thể
Oceaura bóng đường tẩy tế bào chết cơ thể làm sạch cơ thể tẩy tế bào chết da chết làm sáng tông da sửa chữa cải thiện thô toàn bộ chăm sóc da cơ thể loại bỏ cơ thể da chết mụn cải thiện thô bóng tắm tẩy tế bào chết làm sạch cơ thể tẩy tế bào chết (60g),107950,,0,Dưỡng thể
Cơ thể giữ ẩm cho cơ thể tự đào bỏ cơ thể bản chất tự tắm để tạo ra làn da rám nắng quyến rũ,61000,,0,Dưỡng thể
Chăm sóc cơ thể giọt cho sức mạnh thể chất sức sống niềm vui thể chất bí mật hạnh phúc giọt cải thiện năng lượng cơ thể tăng cường kinh nghiệm và làm cho cả hai bên hạnh phúc hơn góp phần vào sức khỏe tổng thể và cân bằng các cơ chế giúp tăng cường sự phấ,82450,59 Đã bán,47,Dưỡng thể
Ximonth magiê Kem đau cơ giảm chống lão hóa nhược điểm giữ ẩm nhẹ nhàng làm mới sửa chữa làm mịn mặt cơ thể Kem dưỡng da cơ thể giữ ẩm nhẹ nhàng làm mới chăm sóc mùi hoa oải hương ngủ cơ thể Lotion chống lão hóa (120g),85201,,0,Dưỡng thể
Eelhoe Dầu tắm rửa Dưỡng Ẩm Da Da Làm Sạch Gream Cho Cơ Thể dầu tắm làm sạch cơ thể tinh dầu Bọt Làm Dịu Giữ Ẩm Hương Thơm Tắm Dầu Làm Trắng Da tắm dưỡng ẩm dầu tắm Cơ Thể làm sạch dưỡng ẩm nuôi dưỡng làn da Hương Thơm,113561,,0,Dưỡng thể
Muối tẩy tế bào chết Milk & Lemon Body Bath Scrub Thái Lan,86500,,0,Dưỡng thể
Sữa tắm_Dưỡng thể trắng da,150000,,0,Dưỡng thể
Sữa Tắm Lifebuoy Detox Diệt Khuẩn 800G chiết xuất từ thiên nhiên ngừa mùi cơ thể và sạch sâu khỏi bụi mịn (Chai) (bao bì tùy lô nhập hàng),193000,64.0K Đã bán,13766,Dưỡng thể
"Bổ thận tráng dương thang, hỗ trợ mạnh gân xương, khỏe gân cốt, bồi bổ cơ thể - Chợ Thảo Dược Việt",520000,,0,Dưỡng thể
"Gel tắm bí đao Cocoon 300ml giúp làm sạch da toàn thân, giảm mụn lưng, loại bỏ mùi cơ thể mang lại làn da mịn màng và tươi mới",199000,,0,Dưỡng thể
Sữa Dưỡng Thể Chống Nắng Naturie Reihaku Hatomugi UV Milky Gel  SPF31 SPF50+ ý dĩ Nhật Bản 250ml UV Care & Moisturizing Cosin Store,152000,571 Đã bán,156,Dưỡng thể
[MUA LÀ CÓ QUÀ] Sữa Dưỡng Thể Nivea Trắng Mịn Extra White Radiant & Smooth 550ml,142000,130 Đã bán,36,Dưỡng thể
Sữa Dưỡng Thể Hatomugi Dùng Cho Ban Đêm Không Mùi Naturie Reihaku Hatomugi Moisturizing & Conditioning The Body Milk 400ml Cosin Store,102000,235 Đã bán,97,Dưỡng thể
Sữa dưỡng thể trắng hồng rạng rỡ Garnier Body Lotion 400ml,168000,,0,Dưỡng thể
[MUA LÀ CÓ QUÀ] Sữa Dưỡng Thể Vaseline Gluta-Hya Nâng Tông Tức Thì 300ml Healthy Bright Gluta-Hya Body Tone-Up UV Lotion Hasaki Sản Phẩm Chính Hãng,155000,81 Đã bán,21,Dưỡng thể
"JELLYGIN CAP Viên uống bồi bổ cơ thể Người suy nhược cơ thể, ăn uống kém, mệt mỏi Người già yếu, mới ốm dậy ml no dang ni",205000,,1,Dưỡng thể
Dưỡng thể chống nắng White Body Magic Flower 150ml chống nắng SPF 70++ không hộp giấy,98000,,0,Dưỡng thể
Tẩy tế bào chết SPA Hàn Quốc 350ml - Gel tẩy tế bào chết toàn thân dưỡng da trắng sáng tẩy da chết body,39195,,1,Dưỡng thể
COMBO 2 Tuýp Gel tẩy tế bào chết body toàn thân scrub da mặt dầu mụn Hàn Quốc có hạt dưỡng làm trắng exfoliate Spa moisturizer 300ml,49404,26 Đã bán,6,Dưỡng thể
Muối Tắm Tẩy Da Chết Body Vị Hoa Quả Heyxi Làm Trắng Da Làm Giảm Mụn Lưng 4 Mùi Hương Trái Cây,35000,477 Đã bán,54,Dưỡng thể
"Sữa Dưỡng Ẩm Xoá Nhăn Tay và Toàn Thân Body Phục Hồi Làn Da Trắng Sáng Căng Mịn, Đánh Bay Các Lớp Da Khô Sần Sùi 500g",39195,5 Đã bán,3,Dưỡng thể
"Vitamin 3B B1 B6 B12 HV bổ sung dưỡng chất cho cơ thể, nâng cao thể lực, người suy nhược cơ thể, chán ăn,mệt mỏi ml no dang",85000,,0,Dưỡng thể
"Sữa Dưỡng Ẩm Toàn Thân Body Phục Hồi Làn Da Trắng Sáng Căng Mịn, Đánh Bay Các Lớp Da Khô Sần Sùi 300g",86229,,4,Dưỡng thể
Serum Dưỡng Thể Trắng Da Chống Lão Hóa Niaciaamide 10% Whitening Body Serum Thái Lan 35ml,120000,,1,Dưỡng thể
"Kem Body Tẩy Trắng Thái Lan Siêu Trắng,Kháng Nước Cao Cấp Chuyên Spa (Hộp 400gr-450gr)",23516,28 Đã bán,2,Dưỡng thể
Gel tẩy tế bào chết spa toàn thân,38800,,0,Dưỡng thể
Kem dưỡng trắng Body Olee 1 hủ,190000,,1,Dưỡng thể
Aloe Vera Gel Loofah Gel Tẩy Tế Bào Chết Dưỡng Ẩm Mặt Và Cơ Thể Đánh Giá Của Học Sinh Unisex Chất Lỏng 3 Năm Bảo Quản,61000,570 Đã bán,0,Dưỡng thể
"Kem body bong da thay da sinh học, an toàn, không chất tẩy lành tính, hàng chuẩn VIP, Chất kem siêu mịn - thấm cực nhanh, tẩy sạch da chết toàn thân trắng mịn da",113000,,1,Dưỡng thể
"Kem body tái tạo da sạch thâm, xoá da chết, tẩy tế bào mảng bám, cải thiện da chay sạm",109000,,0,Dưỡng thể
Huyết Thang lào Mát 10ml Cơ thể,52000,,0,Dưỡng thể
Kem Tắm Dưỡng Ẩm Thơm Cơ Thể Kích Thước Nhỏ Dùng Thử Cho Chuyến Công Tác Kem Dưỡng Ẩm Cho Da Mềm Mại Và Mịn Màng,68000,84 Đã bán,0,Dưỡng thể
tắm trắng khô khử thâm serum body kích trắng Khử Thâm - Tắm Trắng Khô hũ 500gr SIÊU HOT - có tặng kèm muỗng trộn [Dùng Là Mê],45000,,0,Dưỡng thể
Sữa tắm làm trắng，kem làm trắng，Tẩy Tế Bào Chết Toàn Thân 250ml tẩy tế bào chết dưỡng ẩm Dưỡng trắng da toàn thân nhanh chóng dưỡng ẩm cơ thể chăm,165000,,0,Dưỡng thể
Kem body dưỡng Trắng - Chống Nắng Body ( mua 1 tặng 3),130000,14 Đã bán,7,Dưỡng thể
Docteat hỗ trợ dinh dưỡng cho sức khỏe thần kinh giúp hỗ trợ chăm sóc dây thần kinh tọa và sức khỏe khớp cho nam giới và phụ nữ Viên nang chay Hỗ trợ chức năng miễn dịch xương chức năng cơ bắp và thần kinh và sức khỏe tổng thể (60 viên nang),107780,,0,Dưỡng thể
"Mặt nạ ủ trắng da đất sét tắm trắng body Niacinamide giữ ẩm Hunmui 300ml Kallynbeauti - SẢN PHẨM RẤT CHẤT LƯỢNG, KHÁCH YÊU TRẢI NGHIỆM NHÉ, ĐẢM BẢO HÀNG HOT TRÊN THỊ TRƯỜNG HIỆN NAY",129900,,1,Dưỡng thể
Kỳ tế bào chết toàn thân spa kỳ da chểt,30000,6 Đã bán,0,Dưỡng thể
Fulvic Acid - 77 Khoáng Chất - Tăng Hấp Thu Dinh Dưỡng - Dọn Sạch Cơ Thể - Superior - SẢN PHẨM RẤT ĐƯỢC ƯA CHUỘNG TRÊN THỊ TRƯỜNG KHÁCH YÊU TRẢI NGHIỆM THỬ NHÉ SẢN PHẨM TỐT CHẤT LƯỢNG CAO,2199900,,0,Dưỡng thể
Tẩy da chêt toàn thân hàn quốc,29000,13 Đã bán,1,Dưỡng thể
Dưỡng thể trắng sáng mướt da toàn thân,189000,,0,Dưỡng thể
Sữa dưỡng thể nước hoa DABO Perfume Body Lotion 200ml,195000,,0,Dưỡng thể
"Tẩy tế bào chết body Organic thành phần tự nhiên giúp làm sạch cơ thể, giảm mụn, mồ hôi cơ thể 300ml",165000,,0,Dưỡng thể
Sữa Rửa Mặt On The Body Rice Therapy Cleanser Cleanser 150g Hàn Quốc,135000,8 Đã bán,2,Dưỡng thể
Dưỡng Thể Dưỡng Trắng NIVEA Ban Ngày Giúp Phục Hồi & Chống Nắng SPF30 (350ml) & Ban Đêm Săn da & Phục Hồi (350ml),105000,4.0K Đã bán,920,Dưỡng thể
"BỒI BỒ CƠ THỂ Pharkanton bồi bổ cơ thể, hỗ trợ người suy nhược cơ thể li",59000,,0,Dưỡng thể
[Mini] Sữa Dưỡng Thể Vaseline Sáng Mịn Da 70ml (Màu Ngẫu Nhiên) Hasaki Sản Phẩm Chính Hãng,47000,718 Đã bán,179,Dưỡng thể
Serum Dưỡng Thể Chống Nắng Vaseline Healthy Bright Gluta-Hya Serum Burst Lotion SPF50 PA+++ 260ml,159000,52 Đã bán,5,Dưỡng thể
Dead Skin Exfoliating Mud Bath Bar 350ml Full Body Scrubbing Dead Sea Salt Mud Soap for Softening And Moisturizing Skin,93000,,0,Dưỡng thể
"Kem Body Miss Thái Lan Dưỡng Trắng, Makeup, Chống Nắng Hũ Nhỏ 170g, hũ lớn 400g.",100165,2.7K Đã bán,480,Dưỡng thể
Sữa Dưỡng Thể Johnson Aroma Milk Dưỡng Ẩm Trắng Da Cực Thơm Nhật Bản 200ml,150000,6 Đã bán,1,Dưỡng thể
Kem dưỡng thể Instituto Espanol Tây Ban Nha hỗ trợ dưỡng ẩm da Instituto Espanol Urea Crema Reparadora Extra Hidratante,239319,17 Đã bán,7,Dưỡng thể
"Combo Vaseline Dưỡng Thể Sáng Da, Bảo Vệ Da, Chống Nắng, Nâng Tông 2x300ml Hasaki Sản Phẩm Chính Hãng",236000,,1,Dưỡng thể
"[MUA LÀ CÓ QUÀ] Sữa Dưỡng Thể Vaseline Bảo Vệ, Dưỡng Da Sáng Mịn Serum Vaseline Gluta-Hya 330ml Hasaki Sản Phẩm Chính Hãng",111000,346 Đã bán,77,Dưỡng thể
Tẩy da ch ết toàn thân Spa 350ml Nữ Dưỡng Body,100000,,0,Dưỡng thể
"Viên uống GINGSENG OMEGA- Bổ sung acid amin, vitamin và kẽm- Bồi bổ cơ thể, giảm mệt mỏi, suy nhược cơ thể",169000,,0,Dưỡng thể
"Gel tẩy tế bào chết Euuest, Gel tẩy tế bào chết Tanrewsis, Tẩy tế bào chết Tanrewsis, Tẩy da chết nhẹ nhàng cho mặt và cơ thể cho làn da mịn màng, rạng rỡ - Làm sạch, dưỡng ẩm - 1PCS",432669,,0,Dưỡng thể
Eelhoe Huyết Thanh Cơ Thể Làm Trắng Cơ Thể Kem làm trắng da Bộ Phận Tư Nhân Nách Huyết Thanh Tẩy Trắng Làm Trắng Giữ Ẩm Da Tối Kem dưỡng thể Đầu Gối Bên Trong Đùi Knuckle Khuỷu Tay Làm Trắng Sáng Tinh Chất (100Ml),108640,,0,Dưỡng thể
"[Chính Hãng] Muối Tắm Sữa Bò Tẩy Tế Bào Chết Body A Bonne 350gr - Giúp Da Sáng Mịn, Mềm Mại, Không Sần Sùi, Giảm Mụn Lưng, Giảm Viêm Nang Lông, Da Khô Nứt Nẻ, Mờ Thâm Mụn, Thông Thoáng Lỗ Chân Lông, Tăng Độ Đàn Hồi Cho Da, Tuần Hoàn Máu Cho Da | Moska",41760,,0,Dưỡng thể
"Serum Tinh Thể Vàng 24K USUMY, Serum phục hồi, trị nám, nâng cơ",295000,,0,Dưỡng thể
Tẩy da chết toàn thân,130650,,0,Dưỡng thể
Eelhoe Làm Trắng Cơ Thể Huyết Thanh Hyaluronic axít Vitamin C làm săn chắc cơ thể tinh chất chăm sóc da Làm Mịn Cơ Thể Huyết Thanh Corrector Làm Trắng Giữ Ẩm Sáng Cơ Thể Huyết Thanh Phát Sáng Và chăm sóc cơ thể Huyết Thanh,151432,,0,Dưỡng thể
Muối Tắm Tẩy da chết body HEYXI 350g Tẩy tế bào chết làm sạch da sáng da và cấp ẩm body,38000,18.7K Đã bán,478,Dưỡng thể
Tẩy Tế Bào Body Hương Đào Peach Clear 200ml Loại Bỏ Mụn Thâm,21000,19 Đã bán,3,Dưỡng thể
Ouhoe Hữu Cơ Balm làm săn chắc cơ thể Balm kem giảm béo Eo Cánh Tay Đùi Trọng Lượng Giảm Cân Đốt Cháy Chất Béo làm săn chắc da Mỏng thanh mát xa cơ thể Thắt Chặt Cơ Thể Balm đồ đốt mỡ Mỏng Kem gel mát-xa Chống Cellulites Kem Và Dạ Dày đồ đốt mỡ Mỏng Kem,98600,,0,Dưỡng thể
30g keratosis tự nhiên pilaris điều trị cơ thể dưỡng ẩm & tẩy tế bào chết cho nam giới người lớn PAlight-VN,51000,,0,Dưỡng thể
Combo 2 Chai Tẩy Tế Bào Chết Body Spa Exfoliating Shower Hàn Quốc 300gr.,49171,64 Đã bán,17,Dưỡng thể
TẮM Ủ TRẮNG BODY,250000,,0,Dưỡng thể
Sản Phẩm Chăm Sóc Da Toàn Thân Cho Nam Và Nữ Của Thương Hiệu Lâu Đời Nước Nhà Hydrating Cleaning Exfoliating Body Care Lotion,80000,54 Đã bán,0,Dưỡng thể
"Kem Tẩy Trắng Da, Dưỡng Ẩm Kem Tẩy Trắng Body Thái Lan Chuyên Spa 500g",59000,,0,Dưỡng thể
"Tẩy da chết cho cơ thể Organic Shop giúp da mềm mướt, bóng khoẻ, sáng mịn",83000,14 Đã bán,1,Dưỡng thể
Cơ thể giữ ẩm cho cơ thể tự đào bỏ cơ thể serums tự tan của cơ thể cho nữ da nam màu da,44000,,0,Dưỡng thể
"Kem Dưỡng Trắng Da Thành Phần Niacinamide, Alpha- Arbutin Dưỡng Body Cấp Ẩm, Thơm Lâu Loliem 150ml",178500,,0,Dưỡng thể
[MUA LÀ CÓ QUÀ] Tinh Chất Dưỡng Thể Trắng Da Phục Hồi Chống Nắng Nivea 180ml,129000,181 Đã bán,9,Dưỡng thể
Kem Chống Nắng Cơ Thể Mizumi UV Body Serum 30ml | Guardian Việt Nam,39000,,0,Dưỡng thể
"Sữa Tắm Dưỡng Ẩm Và Sữa Dưỡng Thể on Ab Dành Cho Nam Và Nữ, Phục Hồi Hương Thơm Tự Nhiên Của Vườn, Cấp Ẩm Lâu Dài",179000,252 Đã bán,0,Dưỡng thể
"Mặt Nạ Vi Tinh Thể SEOMOKU Nâng Cơ Vline, Chống Lão Hóa, Xóa Nhăn, Căng Da, Thon Gọn Mặt hộp 5 miếng - Green Pharma",59000,17 Đã bán,1,Dưỡng thể
Lotion Chống Nắng Dưỡng Thể Trắng Mịn Skin Aqua UV Body Whitening Lotion 150Gr,196560,,0,Dưỡng thể
Eelhoe chăm sóc da làm mịn cơ thể huyết thanh định hình và làm săn chắc bụng cánh tay và chân giữ ẩm và trẻ hóa làn da da cơ thể tinh chất chăm sóc (100ml),155743,,0,Dưỡng thể
Kem dưỡng thể trắng da,193666,,0,Dưỡng thể
Sữa Dưỡng Thể Trắng Sáng Da Mistine White Spa Lotion Collection Nâng Tone An Toàn Hiệu Quả Thái Lan 400ml LEEBANGKOK,129000,,0,Dưỡng thể
2 Chai Gel Tắm Hương Thơm Lâu Dài Giặt Sạch Sâu Chống Khuẩn Giảm Gàu Chăm Sóc Da Mềm Mại Cho Da Thường Dùng Tại Nhà,130000,468 Đã bán,0,Dưỡng thể
"Hũ 500g Serum ƙích trắŉg da toàn thân AHA Body Booster Bright - SẢN PHẨM RẤT CHẤT LƯỢNG, KHÁCH YÊU TRẢI NGHIỆM NHÉ, ĐẢM BẢO HÀNG HOT TRÊN THỊ TRƯỜNG HIỆN NAY",289900,,0,Dưỡng thể
"Xà bông tắm toàn thân BODY SOAP từ thảo mộc thiên nhiên dưỡng da, giảm mụn, sáng da",55000,,0,Dưỡng thể
Sữa dưỡng thể Vaseline Gluta-Hya Dưỡng Da Sáng Mịn Sau 7 Ngày 70ml,25000,193 Đã bán,13,Dưỡng thể
"[Hàng Mỹ] Sữa Dưỡng Thể Vaseline Healthy White UV Lightening Body Lotion 725ML Giúp Dưỡng Trắng, Giữ Ẩm - Wincy Mart",155000,61 Đã bán,12,Dưỡng thể
[MUA LÀ CÓ QUÀ] Sữa Dưỡng Thể Nivea Dưỡng Da Sáng Mịn 350ml,127000,63 Đã bán,15,Dưỡng thể
[MUA LÀ CÓ QUÀ] Tinh Chất Dưỡng Thể Nivea Vitamin Body Serum Extra Bright Super C+ 170ml,111000,1.1K Đã bán,103,Dưỡng thể
Sữa dưỡng thể trắng da White Conc Body White CC Cream Nhật Bản 200g Cosin Store,212000,192 Đã bán,43,Dưỡng thể
Sữa Dưỡng Thể Trắng Da Toàn Thân Vaseline Bản Mỹ 725ml,168000,590 Đã bán,138,Dưỡng thể
[Bill US] Kem dưỡng da mặt & cơ thể Gold Bond Age Renew Retinol Overnight Body & Face Lotion 7oz,365000,,1,Dưỡng thể
Sữa dưỡng thể Matsukiyo hương hoa hồng/ hương hoa/ không mùi 400ml,127820,117 Đã bán,20,Dưỡng thể
[MUA 2 TÍNH 1] Sữa Dưỡng Thể Ban Đêm Reihaku Hatomugi Body Milk 400ml,220000,202 Đã bán,34,Dưỡng thể
Combo 2 Vaseline Gluta-Hya Dưỡng Thể Nâng Tông Tức Thì Gấp 4x 300ml x 2,284000,1.8K Đã bán,322,Dưỡng thể
Combo 4 tuýp Gel tẩy tế bào chết body toàn thân scrub da mặt dầu mụn Hàn Quốc có hạt dưỡng làm trắng exfoliate Spa moisturizer 300ml,88771,18 Đã bán,4,Dưỡng thể
Sữa dưỡng ẩm toàn thân cho da khô  NOURISHING BODY MILK ROYAL JELLY DRY SKIN 500ml,153000,18 Đã bán,9,Dưỡng thể
[Voucher 12%] Sáp OLD SPICE Nhập Khẩu Mỹ Khử Mùi Hương Original/ Pure Sport/ Stick Fresh Chai 85G,139000,11.9K Đã bán,2412,Dưỡng thể
[MUA LÀ CÓ QUÀ] Serum Dưỡng Thể Vaseline Chống Nắng Sáng Da 300ml (Mới) Healthy Bright Daily Protection & Brightening Serum SPF 50+ PA++++ Hasaki Sản Phẩm Chính Hãng,155000,388 Đã bán,97,Dưỡng thể
Laikou Nhật Bản sakura dầu cơ thể cơ thể Huyết thanh dưỡng ẩm sâu tăng cường độ đàn hồi rạng rỡ giảm xỉn 50ml,119000,,0,Dưỡng thể
[MUA LÀ CÓ QUÀ] Sữa Dưỡng Thể Nivea Sáng Da Từ 8 Super Food 350ml Nivea Extra Bright 8 Super Food Body Lotion Hasaki Sản Phẩm Chính Hãng,128000,300 Đã bán,67,Dưỡng thể
Sữa Dưỡng Thể Dưỡng Ẩm Dưỡng Sáng Mịn Màng Toàn Thân Evoluderm Moisturizing Body Milk 500ml,149820,29 Đã bán,12,Dưỡng thể
"Lotion chốnǥ nắng dưỡng thể 4K Plus CC Body Sunscreen Lotion Thái Lan - SẢN PHẨM RẤT CHẤT LƯỢNG, KHÁCH YÊU TRẢI NGHIỆM NHÉ, ĐẢM BẢO HÀNG HOT TRÊN THỊ TRƯỜNG HIỆN NAY",289900,,0,Dưỡng thể
Eelhoe cơ thể khử mùi nách mồ hôi phun chất chống mồ hôi chất chống mồ hôi khử mùi cơ thể lâu dài nách chân mồ hôi khử mùi loại bỏ mùi hôi chất chống mồ hôi nách mồ hôi khử mùi tẩy lông loại bỏ chăm sóc da mùi hôi,79050,,0,Dưỡng thể
"Xịt Chống Nắng Body WellDerma Super Glutathione Whitening Sun Spray SPF50+ 180ml - SẢN PHẨM CHẤT LƯỢNG CAO, ĐƯỢC YÊU THÍCH SĂN ĐÓN TRÊN THỊ TRƯỜNG HIỆN NAY, HÀNG ĐẢM BẢO DÙNG SIÊU THÍCH MỜI KHÁCH YÊU TRẢI NGHIỆM",289900,,0,Dưỡng thể
"BỘT LÚA NON BỔ SUNG CHẤT XƠ VITAMIN CHO CƠ THỂ GRASS BARLEY (HỘP 44 GÓI) - CHÂT LƯỢNG HÀNG ĐẦU, SẢN PHẨM ĐẠT CHUẨN ĐƯỢC KHÁCH HÀNG ĐÁNH GIÁ CAO, ƯA CHUỘNG TRÊN THỊ TRƯỜNG MỜI KHÁCH YÊU TRẢI NGHIỆM",479900,,0,Dưỡng thể
Sữa Tắm Dưỡng Da Hương Thơm Lâu Dài Dành Cho Nam Và Nữ Sữa Tắm Dưỡng Da Sâu Cho Mọi Loại Da Sản Phẩm Chăm Sóc Cơ Thể,156000,55 Đã bán,0,Dưỡng thể
Sữa Dưỡng Thể NIVEA 8 Super Fooods Dưỡng Sáng Da | Mịn Da (350 ml),139576,7.4K Đã bán,2211,Dưỡng thể
"Bộ Sữa Tắm Trà Xanh Giúp Làm Sạch Sâu, Kiểm Soát Dầu, Dưỡng Ẩm Lâu Dài, Hương Thơm Lâu Dài, Chăm Sóc Da Toàn Thân, Sữa Tắm Cho Da Khô",106000,72 Đã bán,0,Dưỡng thể
Sữa Dưỡng Thể Trắng Da Vaseline Healthy Bright Dưỡng Da Nâng Tông Tức 50X Spf50+ Pa++++ 300ML dưỡng da/ nâng tông,150000,28.2K Đã bán,5093,Dưỡng thể
JIUQI | Kem Dưỡng Ẩm Cho Cơ Thể,246000,,0,Dưỡng thể
Gel Exfoliator Toàn Thân Aloe Vera Dành Cho Nam Và Nữ Học Sinh Làm Sạch Sâu Mặt Và Cơ Thể Loại Bỏ Tế Bào Chết,19000,36 Đã bán,0,Dưỡng thể
pechoin | Nước Xịt Khử Mùi & Loại Bỏ Hôi Thân Thể,92400,,0,Dưỡng thể
ROUCAOGANGMU | Kem Dưỡng Ẩm Cho Cơ Thể,105000,,0,Dưỡng thể
Sữa dưỡng thể Nivea Premium body milk Nhật bản,270000,,0,Dưỡng thể
"Tẩy Tế Bào Chết Body Exclusive Cosmetics Dưỡng Trắng Mịn Da Nga - Hộp 380g - CHÂT LƯỢNG HÀNG ĐẦU, SẢN PHẨM ĐẠT CHUẨN ĐƯỢC KHÁCH HÀNG ĐÁNH GIÁ CAO, ƯA CHUỘNG TRÊN THỊ TRƯỜNG MỜI KHÁCH YÊU TRẢI NGHIỆM",149900,,0,Dưỡng thể
[DATE 11/2026] Dầu dưỡng khô đa năng Hương Hoa Huile Prodigieuse Florale Multi-purpose Dry Oil 100ml,628650,58 Đã bán,12,Dưỡng thể
Sữa Dưỡng Thể Trắng Da Hương Nước Hoa Quyến Rũ,199000,34 Đã bán,9,Dưỡng thể
HÀNG NHẬP KHẨU - Sữa Dưỡng Thể Sữa Tắm Trắng Da Chống Già Lão Hoá Tẩy Tế Bào Chết The Perfect Body Lotion / Body Wash - DuocmyphamDrAn,1124000,224 Đã bán,34,Dưỡng thể
GICOSOO | Kem Dưỡng Ẩm Cho Cơ Thể 500g,445000,,9,Dưỡng thể
Serum Chống Nắng Dưỡng Thể Kháng Bụi Cho Cơ Thể Mát Lạnh Body Biore UV Age Defense Xanh Hồng SPF50+,172000,,0,Dưỡng thể
Kem Dưỡng Ẩm Cho Cơ Thể,153000,,0,Dưỡng thể
GUEKK | Kem Dưỡng Ẩm Chống Ngứa Cho Cơ Thể,238000,,7,Dưỡng thể
Eelhoe cơ thể huyết thanh sáng da giữ ẩm chống tại chỗ cải thiện ngu si đần độn melanin nuôi dưỡng làn da làm sáng sắc tố làm trắng tinh chất chăm sóc nách đầu gối mông ngu si đần độn làm sáng cải thiện kem dưỡng ẩm môi chăm sóc làm đẹp cho mặt,96900,,0,Dưỡng thể
Perfect Aloe Vera Body Wash 500ml Nước Rửa Cơ Thể Dưỡng Ẩm Dưỡng Ẩm Dưỡng Ẩm Loại Bỏ Tế Bào Chết Nước Hoa Hương Thơm,466000,,0,Dưỡng thể
Sữa dưỡng thể Aveeno Baby Daily Moisture Lotion 100g,142000,13 Đã bán,4,Dưỡng thể
Sữa dưỡng thể Eucerin Advanced、INTENSIE、ROUGHNESS Repair Body Lotion ( 500ml ) - Hàng nhập Mỹ,333244,,1,Dưỡng thể
Tinh Chất Dưỡng Thể Nivea Vitamin Body Serum Extra Bright Super C+ 300ml,238000,798 Đã bán,65,Dưỡng thể
[Auth - Nhiều Mùi] Sữa Dưỡng Thể Lưu Hương Mịn Da Bath & Body Works Body Lotion (8fl Oz - 236ml),210000,247 Đã bán,40,Dưỡng thể
Sữa Dưỡng Thể Naturals By Watsons Hương Lavender True Natural Lavender Body Lotion 490ml,159000,118 Đã bán,14,Dưỡng thể
Sữa Dưỡng Thể Dưỡng Ẩm Vaseline Healthy Bright 350ml Sáng Da Chống Nắng Toàn Spf24pa++ Sun Protection,118000,16.5K Đã bán,2396,Dưỡng thể
Tẩy Da Chết Toàn Thân Organic Shop Body Scrub 250ml Đủ Mùi Mẫu Mới - UKmart,91000,1.4K Đã bán,265,Dưỡng thể
Combo 2 Sữa Dưỡng Thể Vaseline Dưỡng Ẩm Fresh & Bright 10x Niacinamide Da Sáng Khỏe Mịn Căng Tinh Chất Menthol Mát Lạnh 350ml x 2,227000,3.1K Đã bán,683,Dưỡng thể
Combo 2 Sữa dưỡng thể Vaseline Gluta-Hya Serum Burst Lotion Dewy Radiance Lotion dưỡng sáng ẩm mượt 330ML/300ML (dung tích tùy đợt nhập hàng),236000,6.3K Đã bán,1601,Dưỡng thể
Sữa Dưỡng Thể Chống Nắng UV Mizumi Bright Body Serum SPF50+PA++++ 180ml,159000,5 Đã bán,2,Dưỡng thể
"Gel dưỡng ẩm thân mật hương trái cây 200ml – 6 mùi lựa chọn (Chanh, Bưởi, Cherry, Dâu, Đào, Chanh dây)",39000,,0,Dưỡng thể
[MUA LÀ CÓ QUÀ] Serum Chống Nắng Biore UV Aqua Rich Dưỡng Thể Nâng Tông Body Tone Up Lilac Luster SPF50+ PA+++ 130ml,169000,37 Đã bán,8,Dưỡng thể
"Gel tẩy tế bào chết Tanrewsis, Gel tẩy tế bào chết enzyme, Gel tẩy tế bào chết sâu Tanrewsis, tẩy da chết cho mặt và body, dưỡng ẩm và trẻ hóa (1 cái)",451458,,0,Dưỡng thể
SỮA DƯỠNG THỂ BODY SERUM BOOTS THÁI LAN 200ML - CHỨA 40X' NIACINAMIDE GIÚP DƯỠNG TRẮNG & LÀM ĐỀU MÀU DA - CUNG CẤP COLLAGEN & Q10 CHO DA,330000,,0,Dưỡng thể
"Antot IQ (Hộp 20 ống) - Giúp bồi bổ cơ thể, tăng sức đề kháng, giúp ăn ngon miệng, tăng hấp thu dưỡng chất",65000,,0,Dưỡng thể
Sữa Dưỡng Thể Vaseline Dưỡng Ẩm Fresh & Bright 350ml 10x Niacinamide Da Sáng Khỏe Mịn Căng Tinh Chất Menthol Mát Lạnh,118000,11.9K Đã bán,2561,Dưỡng thể
Tinh dầu Slimming Care Body Oil 100ml,459000,,0,Dưỡng thể
ROUCAOGANGMU | Kem Dưỡng Ẩm Cơ Thể với Hương thơm Dài lâu,105000,,0,Dưỡng thể
(Tặng set tắm trắng) Kem body dưõng trắng tinh thể cấp ẩm dưỡng da mềm mịn tối ưu  250gr,259000,,0,Dưỡng thể
"Toner Tinh Thể Bạc Hà Dr.lacir - Cấp ẩm, co nhỏ lỗ chân lông, sáng da",299000,,0,Dưỡng thể
Pozitilan | Kem Dưỡng Ẩm & Bổ Sung Nước Cho Cơ Thể,277000,,32,Dưỡng thể
[CHÍNH HÃNG] Kem Body Dưỡng Trắng Da Rmon - Hàn Quốc,365000,11 Đã bán,2,Dưỡng thể
PLANTISM | Kem Dưỡng Ẩm Cho Cơ Thể,286000,,14,Dưỡng thể
"Serum Chống Nắng Body Biore Dưỡng Da Trắng Hồng Intensive Aura SPF50 PA+++ Tuýp 150ml - CHÂT LƯỢNG HÀNG ĐẦU, SẢN PHẨM ĐẠT CHUẨN ĐƯỢC KHÁCH HÀNG ĐÁNH GIÁ CAO, ƯA CHUỘNG TRÊN THỊ TRƯỜNG MỜI KHÁCH YÊU TRẢI NGHIỆM",289900,,0,Dưỡng thể
"Dầu cơ thể 120ml, tăng cường độ đàn hồi cho da, giữ ẩm và nuôi dưỡng, không nhờn",160831,,0,Dưỡng thể
"UNI VTC BODY- Viên uống tăng cân VTC - Bổ sung protein, và các thiết bị axit amin cho cơ thể, hỗ trợ tăng cường tiêu hóa, giúp ăn ngon, hỗ trợ bổ sung sức khỏe, nâng cao sức đề kháng giúp cơ thể khỏe mạnh",260000,,0,Dưỡng thể
Serum Vaseline Gluta-Hya Dưỡng Da Sáng Mịn Sau 7 Ngày 330ML/ 300ML (dung tích và bao bì tùy vào đợt nhập hàng),126000,16.1K Đã bán,3932,Dưỡng thể
Tẩy tế bào chết ''Facetheory'' Glycolic Acid Face & Body Scrubs 170ml,450000,,0,Dưỡng thể
QUANXIYI | Kem Dưỡng Ẩm & Bổ Sung Nước Cho Cơ Thể,135000,,0,Dưỡng thể
Kem Dưỡng Ẩm Cho Cơ Thể dành cho Nam và Nữ,273000,,0,Dưỡng thể
Dưỡng thể dưỡng trắng và chống nắng Beauty Buffet Scentio Milk Plus SPF25 250ml,283338,80 Đã bán,23,Dưỡng thể
XWNG | Kem Dưỡng Ẩm & Cấp Nước Cho Cơ Thể với Tác Dụng Làm Trắng và Hương Thơm Dài Lâu,135000,,0,Dưỡng thể
"Sữa Dưỡng Thể, Sữa Tắm The Perfect Body Lotion / Body Wash Trắng Da Chống Già, Lão Hoá, Tẩy Tế Bào Chết",1100000,,0,Dưỡng thể
Pure VC Powder Body Whitening External Use Brightening Vitamin C Body Exfoliating Cream SERKIS Brand Face Serum Liquid Essence,308000,6 Đã bán,0,Dưỡng thể
COLOR LEARN | Kem Dưỡng Ẩm & Giảm Ngứa Cho Cơ Thể,323000,,1,Dưỡng thể
COLOR LEARN | Kem Dưỡng Ẩm Cho Cơ Thể Với Hương Thơm Dài Lâu,323000,,1,Dưỡng thể
Bột Giải Khát Thể Thao Không Đường Energy NoE Electrolyte Haisi Haino 6 Hộp 48 Gói Vitamin Hỗ Trợ Cơ Thể Sau Khi Tập Luyện,454000,,0,Dưỡng thể
XWNG | Kem Dưỡng Ẩm & Bổ Sung Nước Cho Cơ Thể,135000,,0,Dưỡng thể
Combo Vaseline dưỡng ngày đêm chống nắng & nâng tông gấp 4 lần 300ml/chai,288000,6.7K Đã bán,1170,Dưỡng thể
Vaseline | Gel trị mụn Pure Skin 50ml 4 Chai Lotion chăm sóc cơ thể và tóc,261000,,0,Dưỡng thể
Vaseline 50x Serum chống nắng cơ thể SPF50 + dưỡng da sáng khoẻ,9000,134 Đã bán,24,Dưỡng thể
"Gel tẩy tế bào chết Tanrewsis, tẩy tế bào chết cho mặt và body, gel tẩy tế bào chết chăm sóc làm sạch, kem tẩy tế bào chết nhẹ nhàng, sữa dưỡng ẩm tẩy tế bào chết cho mọi loại da (1 cái)",581692,,0,Dưỡng thể
"Dầu tràm khuynh diệp Ích Nhi, lọ 30ml, Giúp làm ấm da cơ thể, tránh nhiễm lạnh",65553,449 Đã bán,73,Dưỡng thể
"Pharmeragel  bổ sung Vitamin b1 b6 b12 bổ sung dưỡng chất, nâng cao thể lực, người suy nhược cơ thể, chán ăn, mệt mỏi",105000,,0,Dưỡng thể
[QUÀ TẶNG] Tẩy tế bào chết cơ thể,150000,,1,Dưỡng thể
Kem Dưỡng Trắng Toàn Thân Rmon,400000,320 Đã bán,65,Dưỡng thể
"MizuMi Dưỡng Thể Sáng Da B3 AHA Intense White Body Booster 250g Trắng Khỏe, Mịn Màng , Niacinamide, AHA, Ceramide",275000,389 Đã bán,99,Dưỡng thể
"Central Vita-Plus Bổ Sung Vitamin Và Muối Khoáng Cho Cơ Thể, Tăng Sức Khỏe Cho Người Suy Nhược Cơ Thể",370000,,0,Dưỡng thể
A THOUSAND WISHES | Sữa Dưỡng Thể Lưu Hương Mịn Da Bath & Body Works Body Lotion (236ml),260000,104 Đã bán,13,Dưỡng thể
Combo 2 sữa dưỡng thể thiên nhiên Yves Rocher Body Lotion 390ml (Cùng Mùi),477400,188 Đã bán,34,Dưỡng thể
On the body | Sữa Rửa Mặt Tẩy Tế Bào Chết On The Body Rice Therapy Scrub Cleansing 150g x 2 Chiếc,260400,5 Đã bán,0,Dưỡng thể
"Bọt tắm tẩy tế bào chết, bọt tắm siêu mềm cho tắm, bọt tẩy tế bào chết 2025, loại bỏ da chết cho cơ thể, bọt chà mềm tái sử dụng cho phụ nữ (Xanh dương + Trắng)",528520,,0,Dưỡng thể
COLOR LEARN | Kem Dưỡng Ẩm & Hương Thơm Cho Cơ Thể,280000,,1,Dưỡng thể
Parnell cicamanu cân bằng pH nước hoa dưỡng thể 150ml,425000,,0,Dưỡng thể
SUYANGIR | Kem Dưỡng Ẩm Cho Cơ Thể với Hương Thơm Dài Lâu,195000,,1,Dưỡng thể
COLOR LEARN | Kem Dưỡng Ẩm & Làm Dịu Cơ Thể,365000,,2,Dưỡng thể
Kem dưỡng toàn thân,490000,,0,Dưỡng thể
C2U | Dầu Dưỡng Thể Hương Thơm Chứa Lactobacillus,195000,,0,Dưỡng thể
GICOSOO | Kem Dưỡng Ẩm & Bổ Sung Nước Cho Cơ Thể,444000,,0,Dưỡng thể
Dầu Dưỡng Ẩm Cơ Thể Nhẹ Nhàng,641250,,0,Dưỡng thể
"Muối Tắm Tẩy Tế Bào Chết Body HEYXI Bath Salt Scrub Hủ 350g – Chiết Xuất Từ Trái Cây Giúp Làm Sạch Da Chết, Giảm Mụn Lưng, Dưỡng Sáng Da",56615,5 Đã bán,2,Dưỡng thể
On the body | Sữa Tắm Hương Thơm Trên Cơ Thể Sweet Love 900g Gói 2,387600,,0,Dưỡng thể
Plu | Sữa tắm tẩy tế bào chết toàn thân hương hoa gỗ Flu Perfumed Spa 500g X 3 Gói Chăm Sóc Da Toàn Thân,573600,,0,Dưỡng thể
"Tặng kèm bột thảo dược tẩy tế bào toàn thân , Kem body bong tái tạo toàn thân thách thức mọi lan da chai lỳ đen sạm",109000,9 Đã bán,4,Dưỡng thể
On the body | Sữa Rửa Thảo Mộc Lành Mạn On The Body Hương Hoa Bưởi Thơm Thuần Khiết 1000g X 2 chai,399600,,0,Dưỡng thể
On the body | Sữa Rửa Mặt Làm Sạch Mụn Trên Cơ Thể Rice Therapy Với Hoa Oải Hương 300g,258600,,0,Dưỡng thể
On the body | Sữa Rửa Mặt Tẩy Da Chết Trên Cơ Thể Rice Therapy Scrub Foam Cleansing 150g x 2,291000,,0,Dưỡng thể
[Body lotion] Dưỡng thể sáng da toàn thân Scentio Double Milk Triple Bright Body Lotion 250ml,259000,1.3K Đã bán,230,Dưỡng thể
TTOUCHME Gel Tắm Lâu Trôi Hương Thơm Dưỡng Ẩm Hương Hoa Cho Da Nam Và Nữ Gel Tắm Làm Sạch Cơ Thể Toàn Thân,523000,54 Đã bán,0,Dưỡng thể
On the body | Gel Rửa Thịt Hương Lemon Verbena Trên Cơ Thể Super Botanic 900g 3 Chiếc,298200,,0,Dưỡng thể
LAOZHONGYI | Kem Dưỡng Ẩm & Bổ Sung Nước Cho Cơ Thể với Hương Thơm Dài Lâu và Cảm Giác Sảng Khoái,401000,,0,Dưỡng thể
On the body | Sữa Tắm Dưỡng Ẩm Real Moisture On The Body Hương Peony Bouquet Warm Cotton Coconut Almond 900gx3,420000,,0,Dưỡng thể
"DOMELAY Dưỡng Ẩm Hương Nước Ôm Vừa Vặn Cảm Giác Sang Trọng Cho Nam Và Nữ Làm Sạch Thân Thể, Làm Mềm, Làm Trắng, Làm Ẩm",314000,36 Đã bán,0,Dưỡng thể
"Xịt dưỡng cấp tốc cho da khô, kích ứng đỏ Eucerin Aquaphor Body Balm Spray - SẢN PHẨM CHẤT LƯỢNG CAO, ĐƯỢC YÊU THÍCH SĂN ĐÓN TRÊN THỊ TRƯỜNG HIỆN NAY, HÀNG ĐẢM BẢO DÙNG SIÊU THÍCH MỜI KHÁCH YÊU TRẢI NGHIỆM",589900,,0,Dưỡng thể
"🔰 Kem body LIVY’S hộp đen hàng Thái Lan chính hãng - 03449003541

📌 𝖦ιá lẻ: 150k

☘ 
Kem dưỡng trắng body LiVy’s hộp đen được nhập từ Thái Lan có tác dụng dưỡng trắng da trắng hồng và mịп màng từ sâu bên trong, вảо vệ da không bị khô hay mất nước.
Kem",150000,,0,Dưỡng thể
Dưỡng thể chiết xuất vitamin E và dầu hoa anh thảo  Redwin Vitamin E Body 400ML,320000,,1,Dưỡng thể
"Muối Tắm Toàn Thân Abonne Thái Lan Đủ Loại (Sữa Bò, Yogurt, White C) - 350g",25480,15 Đã bán,2,Dưỡng thể
On the body | Sữa Rửa Mặt Tẩy Da Chết Trên Cơ Thể Rice Therapy 150g x 2 Chiếc,282600,,0,Dưỡng thể
On the body | Sữa Rửa Mặt Chàm Rice Therapy Trên Cơ Thể 150g x2,258600,,0,Dưỡng thể
Bơ đậm đặc ngăn ngừa và giảm rạn da cuối thai kỳ Palmer's 125g,381593,1.5K Đã bán,363,Dưỡng thể
"Bộ Dụng Cụ Chăm Sóc Móng Chân Tay 6 Món Kèm Bao Da Sang Trọng, Bộ Bấm Móng Tay Cắt Dũa Thiết Kế Nhỏ Gọn An Toàn Tại Nhà",33000,13 Đã bán,5,Chăm sóc móng
Tattielove eelhoe phục hồi dạng lỏng móng tay loại bỏ nấm nuôi dưỡng làm sáng chăm sóc móng chân dụng cụ làm móng mới,25000,533 Đã bán,48,Chăm sóc móng
Tinh chất sửa chữa móng tay nấm móng Chống nấm móng 10ml chống nhiễm trùng tinh chất chăm sóc huyết thanh nấm tay chân loại bỏ nấm móng tay,57970,2.1K Đã bán,578,Chăm sóc móng
Sửa chữa nấm móng tay 7 ngày tinh chất huyết thanh chống nấm dung dịch chân gừng sửa chữa loại bỏ nấm móng tay (50Ml) chống nhiễm trùng tinh chất chăm sóc huyết thanh nấm tay chân loại bỏ nấm móng tay,54483,445 Đã bán,124,Chăm sóc móng
Sửa chữa nấm móng tay 7 ngày tinh chất huyết thanh chống nấm dung dịch chân gừng sửa chữa loại bỏ nấm móng tay (10Ml) chống nhiễm trùng tinh chất chăm sóc huyết thanh nấm tay chân loại bỏ nấm móng tay,48911,2.4K Đã bán,672,Chăm sóc móng
"Kìm cắt móng Bằng Thép không gỉ Living CTẩy Da Chết, Dụng cụ làm móng chân Kìm mũi đại bàng Làm Nail",32000,2.1K Đã bán,617,Chăm sóc móng
Serum sửa chữa móng tay nấm móng Loại bỏ nấm móng Dưỡng móng Chăm sóc tay và chân/50ml dùng cho móng chân tay hiệu quả nhanh dùng cho cả nam và nữ,59398,265 Đã bán,122,Chăm sóc móng
7 ngày tinh chất huyết thanh chống nấm dung dịch chân gừng sửa chữa loại bỏ nấm móng tay (50Ml) chống nhiễm trùng tinh chất chăm sóc huyết thanh nấm tay chân loại bỏ nấm móng tay Sửa chữa nấm móng tay,57420,147 Đã bán,58,Chăm sóc móng
Serum nấm móng móng tay chăm sóc Nấm móng tay 10ml Cải thiện vết nứt móng tay giảm nhiễm nấm kích thích,54252,72 Đã bán,32,Chăm sóc móng
(Duy nhất ngày 15-17.10)Bộ dụng cụ chăm sóc móng cho bé Elmich BabyCare EL0753,80000,380 Đã bán,118,Chăm sóc móng
CMGF | Bộ Kéo Tỉa Móng Tay với que lấy ráy tai và dụng cụ chăm sóc chân,84700,,1,Chăm sóc móng
CMGF | Bộ Dụng Cụ Cắt Móng Chăm Sóc Móng Và Móng Mọc Vào Nhục,70000,,19,Chăm sóc móng
"CMGF | Bộ Chăm Sóc Móng Tay với Kéo Cắt Móng, Kéo Cắt Móng Nhúng, Dụng Cụ Đánh Bóng Móng và Dụng Cụ Chăm Sóc Chân",102900,,2,Chăm sóc móng
CMGF | Bộ Kềm Cắt Móng Chân với Dụng Cụ Móng Mọc Vào,101500,,13,Chăm sóc móng
Bộ 3 Đầu Kéo Cắt Manicure - Đa Nhiệm Cho Mọi Nhu Cầu Chăm Sóc Móng,25000,180 Đã bán,42,Chăm sóc móng
XIZ 60 miếng dán chỉnh sửa móng mọc ngược miếng dán chỉnh sửa móng chân dụng cụ sửa chữa phục hồi điều trị paronychia dụng cụ chăm sóc móng chân móng chân,23452,,0,Chăm sóc móng
"Bộ Bấm Móng Tay MANICURE Cao Cấp, Dụng Cụ Chăm Sóc Móng Tay, Chân, Lấy Ráy Tai",36000,29 Đã bán,0,Chăm sóc móng
"Official MI Bộ chăm sóc móng toàn diện XM 5 Món Mijia MJZJD002QW - Thiết Kế Nam Châm Chống Văng, Thép Không Gỉ",145302,,1,Chăm sóc móng
Sửa chữa nấm móng tay 7 ngày tinh chất huyết thanh chống nấm dung dịch chân gừng sửa chữa loại bỏ nấm móng tay (30Ml) chống nhiễm trùng tinh chất chăm sóc huyết thanh nấm tay chân loại bỏ nấm móng tay,57429,27 Đã bán,8,Chăm sóc móng
"Bộ Dụng Cụ Chăm Sóc Móng Tay, Móng Chân 12 Món Gego – Hàng Chính Hãng",135000,42 Đã bán,36,Chăm sóc móng
"Bộ kiềm : 12/ 16 món  dụng cụ làm móng chăm sóc chuyên dụng , tiện lợi,full box, đẹp mắt",48000,,3,Chăm sóc móng
【Mua 2 tặng 1 】Dung dịch chăm sóc móng tay phục hồi nấm móng 25ml Dung dịch kháng nấm Tinh chất chăm sóc móng kháng khuẩn dung dịch khảng khuẩn Thảo dược tự nhiên loại bỏ nấm hiệu quả Loại bỏ Paronychia phục hồi bệnh nấm móng,207600,,1,Chăm sóc móng
"Bộ 4 dụng cụ chăm sóc móng Animo (Cú xanh, GH-JC6602)",115000,,2,Chăm sóc móng
Kem Mềm Da LAFUCO MINI Chứa Tinh Dầu Và Các Loại Vitamin Chăm Sóc Da Bảo Vệ Móng,5000,66 Đã bán,5,Chăm sóc móng
Bộ chăm sóc móng 9 món tại nhà tặng kèm 1 chai dầu dưỡng móng và 1 sơn mềm móng tẩy da chết móng tay Maycreate,180000,,0,Chăm sóc móng
1 Bộ Kéo Chăm Sóc Bàn Chân Và Móng Tay Thiết Kế Dễ Thương - Dụng Cụ Chải Lông Mini Dễ Dàng Sử Dụng Cho Mọi Lứa Tuổi,10000,23.8K Đã bán,5879,Chăm sóc móng
"Bấm móng tay, cắt móng tay TRIM (MỸ) chăm sóc móng tay chân",24000,496 Đã bán,80,Chăm sóc móng
MeiYanQiong tinh dầu kích thích mọc móng nhanh chăm sóc móng khỏe mạnh phù hợp cho mọi người,69000,462 Đã bán,108,Chăm sóc móng
Gel Loại Bỏ Nấm Móng Tay Chân Tạo móng mới NAIL TREATMENT REPAIR GEL 20ml CHĂM SÓC DƯỠNG ẨM SÁNG BÓNG MÓNG,89554,475 Đã bán,140,Chăm sóc móng
"Tinh Chất Nấm Móng KANNEDO - Serum Nấm Móng Nhật Bản KANNEDOGiúp Cải Thiện Móng Hỏng, Phục Hồi Và Chăm Sóc Móng",179000,59 Đã bán,12,Chăm sóc móng
The Herb Nail Repair Cream Nail Treatment Nail Anti Fungus Removal Soft Care Foot Long-term Protection/30mlSerum sửa chữa móng tay nấm móng Loại bỏ nấm móng Dưỡng móng Chăm sóc tay và chân,53716,109 Đã bán,25,Chăm sóc móng
Bấm Móng Trim USA- Mẫu Full Inox 2 Loại Lớn nhỏ,28000,36 Đã bán,8,Chăm sóc móng
"Kem Phục Hồi Móng Chân Kháng Khuẩn ELAIMEI THE HERB – Tinh Chất ELAIMEI Loại Bỏ Nấm Móng, Phục Hồi Tự Nhiên, Chăm Sóc Hiệu Quả.",169000,,4,Chăm sóc móng
"Combo ( 1chai dưỡng+1 chai đánh baynấm) dưỡng cứng, hồng móng và đánh bay nấm móng, hư khoé",65000,238 Đã bán,49,Chăm sóc móng
Prorance | Sản Phẩm Chăm Sóc Móng Chuyên Nghiệp Pháp - Bộ Làm Móng Tròn 01-313,125100,,0,Chăm sóc móng
"(Duy nhất ngày 15-17.10)Bộ dụng cụ chăm sóc móng,tai cho bé Elmich BabyCare EL3041",108000,,1,Chăm sóc móng
Bộ Kìm Da 12 Món Inox Cao Cấp - Kềm Móng Chân - Phụ Kiện Làm Móng Cao Cấp - Phụ Kiện Làm Đẹp - Bộ Bấm Móng Tay 12 Món Tiện Dụng - Bấm Móng Tay - Kìm Cắt Móng Tay - Kềm Cắt Da - Dụng Cụ Chăm Sóc Sắc Đẹp,15000,20 Đã bán,2,Chăm sóc móng
"Bộ Cắt Móng Tay 19 Món Đa Năng – Dụng Cụ Làm Móng, Tỉa Lông Mày, Làm Đẹp Cao Cấp  Bộ Kềm Cắt Móng 19 Món Tiện Lợi – Bộ Dụng Cụ Chăm Sóc Móng Tay Chân Toàn Diện  Bộ Cắt Móng Tay 19 Món Cao Cấp – Full Combo Dụng Cụ Làm Móng, Tỉa Lông, Làm Đẹp",60000,587 Đã bán,125,Chăm sóc móng
Hailicare sửa chữa móng tay Tinh chất chống móng tay loại bỏ nấm móng tay chống nấm mốc chống nhiễm trùng bàn chân sửa chữa chăm sóc móng móng mọc,39000,42 Đã bán,8,Chăm sóc móng
"Kem làm mềm da khoé móng tay, móng chân 75g",20000,62 Đã bán,14,Chăm sóc móng
CMGF | Bộ Dụng Cụ Chăm Sóc Chân Chuyên Nghiệp để Loại Bỏ Móng Trúng Vào Da và Tẩy Tế Bào Chết,57400,,1,Chăm sóc móng
Kasi | Dầu Dưỡng Móng Chăm Sóc Da Xung Quanh Móng Chống Móng Nghiêng Phục Hồi Cạnh Móng,44100,,14,Chăm sóc móng
Ooolala Meijia | Đèn Chăm Sóc Móng Di Động cho Sơn Gel và Gel UV,73500,,34,Chăm sóc móng
Cắt Lớp Biểu Bì Chuyên Nghiệp Biểu Bì Móng Tay Kềm Cắt Móng Tay Bằng Thép Không Gỉ Tông Đơ Tẩy Da Chết Kìm Cắt Kéo Dụng Cụ Đẩy,15000,246 Đã bán,26,Chăm sóc móng
"Máy cắt móng tay điện đa năng cho bé,dũa móng tay cho bé,cắt dũa móng an toàn không cảm giác đau",56900,152 Đã bán,56,Chăm sóc móng
Thép không gỉ cắt móng tay kìm/móng tay cắt móng chân kìm/móng tay chết da công cụ/Eagle Mouth kìm,20900,40 Đã bán,7,Chăm sóc móng
Serum Đánh Bay Nấm Móng Hư Khóe Bọng Móng Nặng Nước Ăn Chân tay,76440,229 Đã bán,21,Chăm sóc móng
"Hộp đựng 4 chiếc bấm móng tay,  bộ làm đẹp, dễ sử dụng, sạch sẽ chất lượng",11600,20.4K Đã bán,5717,Chăm sóc móng
hộp 3 chiếc bấm móng tay  ĐỨC cao cấp,148500,226 Đã bán,105,Chăm sóc móng
"Dưỡng Móng Tay Độc Quyền , Dưỡng dài móng, giúp móng chắc khoẻ,  bọng móng",38000,7.3K Đã bán,923,Chăm sóc móng
Serum Loại Bỏ nấm móng Móng Chân Mọc Ngược Làm Mềm Trắng Móng Và Giảm Đau Đồng Thời Phòng Ngừa Viêm Và Khử Trùng 10ml,64000,345 Đã bán,91,Chăm sóc móng
OCTAVA 210ml Chất lượng cao Sửa Móng An toàn Dầu cứu trợ paronychia Dầu phục hồi móng tay làm móng Dầu chăm sóc móng chân mọc ngược,60000,8 Đã bán,1,Chăm sóc móng
"Bộ bấm móng tay, móng chân cao cấp 16 món G01 tiện dụng bằng thép không gỉ sắc bền",54351,12 Đã bán,4,Chăm sóc móng
"Bộ dụng cụ bấm móng tay dễ thương 18 món để chăm sóc móng, làm móng, lấy ráy tai, mụn kèm hộp cao cấp tiện dụng",25000,103 Đã bán,24,Chăm sóc móng
"Nấm Móng Cô Ba Tuyết chuyên tri nấm móng, hư khóe, nước ăn tay chân, dưỡng móng 2 chai 3 ml",80000,44 Đã bán,13,Chăm sóc móng
Serum sửa chữa móng tay  nấm móng Loại bỏ nấm móng Dưỡng móng Chăm sóc tay và chân/30ml tay chân loại bỏ nấm móng tay,65100,65 Đã bán,51,Chăm sóc móng
Sỉ 2 Lọ Dưỡng Móng Collagen Giúp Móng Cứng Và Nhanh Dài Phục Hồi Móng Yếu Và Hư Tổn Dùng Cho Các Tiệm Nail Chăm Sóc Móng,40000,1.4K Đã bán,313,Chăm sóc móng
"Bộ cắt móng tay, Dụng cụ cắt tỉa móng, Bộ cắt tỉa móng 18 món, bộ dụng cụ chăm sóc móng 18 chi tiết loại to, đủ phụ kiện cắt sửa móng, kiềm cắt móng inox dày dặn kèm kéo cắt lông mũi. Nhỏ gọn tiện dụng.",37500,275 Đã bán,57,Chăm sóc móng
Elbbkg Portable Baby Nail Trimmer Electric With Lamp Fingernail Cutter Polishing Nail Clippers Manicure Filer With 3 Adjustable Speeds,31025,,0,Chăm sóc móng
Combo 2 Bấm móng tay Cắt móng tay Trim MỸ Chăm sóc móng tay chân người lớn trẻ em,48000,23 Đã bán,2,Chăm sóc móng
Serum Đánh Bay Nấm Móng Tay Chân Tái Tạo Móng Chắc Khỏe Sáng Bóng 30ml,79220,288 Đã bán,95,Chăm sóc móng
Bút dưỡng viền móng 5 hương - chăm sóc móng - phụ kiện nail,11900,37 Đã bán,6,Chăm sóc móng
[SALE 50%] Bộ Bấm Móng Chăm Sóc Móng 7 Đến 18  Món Màu Hồng,28800,,1,Chăm sóc móng
"Serum Nấm Móng MIKO Nhật Bản - Tinh Chất Thảo Dược MIKO Dưỡng Chăm Sóc Móng, Làm Mới Móng Bị Hư Tổn",149000,12 Đã bán,7,Chăm sóc móng
Serum Nấm Móng Nước Ăn Hư Móng( mẫu mới),25000,6 Đã bán,0,Chăm sóc móng
"Serum Nấm Móng, Hư Bọng Móng hiệu quả sau 7 ngày sử dụng",23000,,0,Chăm sóc móng
"2 chai serum dưỡng móng NT 5ml ,giải pháp loại bỏ nấm móng,phục hồi móng",59000,,0,Chăm sóc móng
Serum Nấm Móng Hư Móng Nước Ăn Khoé Móng,19000,52 Đã bán,5,Chăm sóc móng
"Bộ chăm sóc móng, cắt móng tay 7 món kèm hộp đựng da PU cao cấp",45500,,0,Chăm sóc móng
Cây Dũa Móng 6 Mặt 7 Bước Chăm Sóc Móng Tiện Lợi (giao màu ngẫu nhiên) QT755,10000,,2,Chăm sóc móng
"Bộ Cắt, Bấm Móng Tay 18 MÓN-Bộ cắt móng 18 món-Bộ kìm cắt móng tay - Bộ kìm bấn móng tay 18 chi tiết-Bộ cắt móng tay đa dụng 18 món, đầy đủ các phụ kiện chăm sóc cho cả gia đình",56826,26 Đã bán,6,Chăm sóc móng
"Kem Dưỡng Da Tay Và Móng Vaseline Deep Moisture 60ml, giúp bạn chăm sóc da tay mềm mại hơn",79000,51 Đã bán,15,Chăm sóc móng
"Bộ kiềm 16 món chuyên dụng chăm sóc móng, làm đẹp - Full Box",47300,,1,Chăm sóc móng
"Dưỡng móng CND - Dưỡng Móng, Phục Hồi Móng 3,7 ml",55000,,0,Chăm sóc móng
"Serum đánh bay nấm móng, hư khóe, bọng móng nặng, nước ăn hư móng chân tay, chai 4ml",41160,91 Đã bán,12,Chăm sóc móng
"Serum đánh bay nấm móng, hư khoé, bọng móng, nước ăn tay chân gia truyền 4ml",40000,38 Đã bán,6,Chăm sóc móng
Kem loại bỏ nấm móng Tinh chất phục hồi móng 20g Kem phục hồi móng Móng kháng khuẩn chân loại nấm móng gãy móng chốn,57176,55 Đã bán,33,Chăm sóc móng
Nail Fungus làm dịu tinh chất Tea Tree Oil Nails Chăm sóc chất lỏng cho bùn làm dày S1-9LA-HOS-VN,40000,,1,Chăm sóc móng
Kem bôi nấm móng nấm tay chân CLOTHASONE D CREAM THÁI LAN,58500,42 Đã bán,5,Chăm sóc móng
"Bộ Cắt Móng Tay, Bộ Làm Móng Tay, Bộ Bấm Móng 19 Món Đa Năng, Bấm Dũa Móng Tay 3DM, Dụng Cụ Làm Nail, Nail Care Cao Cấp Nhiều Dụng Cụ Tiện Lợi, Bo kiem cat mong tay cao cap.",36000,2.8K Đã bán,567,Chăm sóc móng
GEL TT NHẬT BẢN CHÍNH HÃNG 300ML ĐỤC TRONG,42385,32 Đã bán,4,Chăm sóc móng
[HCM]Nước rửa móng tay cao cấp Quyên (40ml-125ml-500ml),12000,1.1K Đã bán,235,Chăm sóc móng
"[HCM] Bộ Móng Tay Ngắt Rau, Hái Rau Dành Cho Nam Và Nữ Gồm 5 Ngón-Cozy520",13500,196 Đã bán,21,Chăm sóc móng
"Tinh chất  Nấm Móng Tay Chân Hết Sạch Nấm, Bọng Móng, Hư Khoé, Nước Ăn Tay Chân, Dưỡng Cứng Móng",59174,68 Đã bán,35,Chăm sóc móng
[CHÍNH HÃNG]kem loại bỏ nấm móng Tinh chất phục hồi móng 20g Kem phục hồi móng Móng kháng khuẩn chân loại nấm móng gãy móng chống,71100,428 Đã bán,131,Chăm sóc móng
"Bộ 4, 6, 10 Món Bấm Móng Tay Chuyên Dụng Living C, Kềm Cắt Móng Kèm Hộp Đựng, Túi Đựng Bằng Da PU",47000,17 Đã bán,3,Chăm sóc móng
"Bộ 4, 6, 10 Món Bấm Móng Tay Homek, Dụng Cụ Cắt Móng Tay Siêu Bén Bằng Thép Không Rỉ",42800,28 Đã bán,5,Chăm sóc móng
"(LL) Kem Bôi Nấm Móng Tay Chân CLOTHASONE D Cream 15g Khử nấm , móng kẻ tay Chân",57000,,0,Chăm sóc móng
"Phào dũa móng chà mịn (buffer cam), phào 3 mặt",4500,23 Đã bán,2,Chăm sóc móng
SHENHAO2🎀 Dụng cụ cắt móng tay móng chân dày chỉnh sửa móng tay móng chân mọc ngược Kềm da chết móng tay nghệ thuật chăm sóc móng chân Kìm cắt dụng cụ cắt kéo,30559,,1,Chăm sóc móng
Prorance | Sơn Móng Tay Oval Prorance 316 Top Coat Base Coat Chăm Sóc Móng,127800,,0,Chăm sóc móng
"Tinh chất loại bỏ nấm móng EELHOE phục hồi móng chắc khỏe kháng khuẩn quyết vấn đề viêm móng ức chế vi khuẩn chống nhiễm nấm phục hồi móng bị hư tổn chăm sóc nấm móng hôi chân, lang ben tay chân, mụn cóc, mụn mắt cá",101205,20 Đã bán,3,Chăm sóc móng
Hydrating Nail Repair Cuticle Oil Pen Leak-proof Healthy Strengthen Nail Care Oil for Hand Foot Nail Repairing AA1-VN,13000,18 Đã bán,1,Chăm sóc móng
"Kem Đặc Hiệu Nấm Móng CLOTHASONE-D Thái Lan – Kem CLOTHASONE-D Làm Dịu, Bảo Vệ & Hỗ Trợ Chăm Sóc Móng Yếu Tổn Thương",219000,,4,Chăm sóc móng
Tinh chất bôi nấm móng WEST&MONTH - Serum nấm móng,78000,6 Đã bán,2,Chăm sóc móng
"TUÝP 20G GEL NANO BẠC LÀM SẠCH , NGỪA SẸO , THÂM , BẢO VỆ LÀM DỊU DA : ZONA , THUỶ ĐẬU , BỎNG , MỤN NHỌT , RÔM SẢY",40000,,0,Chăm sóc móng
Kềm bấm móng cắt móng thép dày chất lượng cao,30000,18 Đã bán,2,Chăm sóc móng
Bộ chăm sóc móng Kềm Nghĩa MD-32,330000,,1,Chăm sóc móng
Móng tay phục hồi dạng lỏng huyết thanh móng tay Nấm điều trị loại bỏ nuôi dưỡng làm sáng chăm sóc móng chân phương pháp điều trị móng tay công cụ,48000,20 Đã bán,2,Chăm sóc móng
"Bộ cắt móng tay 16 món, dụng cụ kềm bấm nhặt da nặn mụn dũa nhíp làm đẹp siêu bền dieulinhshop",59200,57 Đã bán,17,Chăm sóc móng
"Combo [1 Serum và 1 Dưỡng Móng] Dứt Điểm Nấm Móng, Hư Khóe, Bọng Móng, Phục Hồi Móng Nước Ăn Tay Chân Da Truyền 4ml",49000,47 Đã bán,14,Chăm sóc móng
[CHÍNH HÃNG] Phá gel  VINIMAY - Chai 15ml  - Nail 937,15200,2.5K Đã bán,210,Chăm sóc móng
"Serum Gừng EELHOE NAIL FUNGUS - Tinh Chất Thảo Dược Gừng Già Nấm Móng, Phục Hồi Móng Hư Tổn",149000,22 Đã bán,5,Chăm sóc móng
"Dũa móng tay 6 mặt chuyên dụng SIZE TO, bao gồm 7 bước hướng dẫn, dụng cụ chăm sóc móng chuyên nghiệp.",6500,,1,Chăm sóc móng
Serum Đánh Bay Nấm Móng Hư Khóe Bọng Móng Nặng Nước ăn hư móng Chân tay,40000,61 Đã bán,8,Chăm sóc móng
Thép Không Gỉ Cong Kềm mũi Móng Tay Rãnh Đặc Biệt kềm cắt móng tay Chân cắt móng chân dao cắt móng chân Hộ Gia Đình Móng Chân Kéo,18000,53 Đã bán,11,Chăm sóc móng
"Combo 5 Serum Nấm Móng Tay Chân Nhỏ Khóe Móng, Hết Nấm Móng Bọng Móng",104000,9 Đã bán,1,Chăm sóc móng
"Nấm Móng , Dưỡng cứng móng ,gia truyền NT Giúp móng chắc khoẻ",29000,,0,Chăm sóc móng
"Tinh Chất Kháng Khuẩn Chữa Hết Sạch Nấm Móng, Vàng Móng, Ngứa Móng, Chống Nhiễm Trùng Móng, Dưỡng Móng Thêm Chắc Khỏe 11g",38925,311 Đã bán,66,Chăm sóc móng
Click Vào Mua Store  LazMall Chính Hãng (Hộp Lớn) Bộ Dụng cụ Chăm Sóc Móng 12 Món Inox Cao Cấp. Bộ Kìm Cắt  Da Làm Nail Tiện Dụng Hộp Đựng Sang Trọng . Hàng Cao Cấp Giá Rẻ .,80035,8 Đã bán,6,Chăm sóc móng
Jiauting Mọc ngược ngón chân sửa chữa móng tay dây Fixer móng chân paronychia phục hồi móng chân với các tập tin chỉnh sửa ngón chân chăm sóc bàn chân công cụ,24097,,0,Chăm sóc móng
"Dưỡng phục hồi móng CND 3.7ml hàng Mỹ  - Dưỡng móng cải thiện hư tổn, kích thích mọc móng NailBND",129750,45 Đã bán,13,Chăm sóc móng
Lebi kềm cắt móng tay điện tự động kéo cắt móng tay bàn tay và bàn chân dual-sử dụng móng tay Xuyên thiết bị người già trẻ em tông đơ kềm cắt móng tay,38000,,0,Chăm sóc móng
Tinh chất phục hồi móng Phục hồi móng Móng kháng khuẩn chân loại nấm móng gãy 10ml,79000,,0,Chăm sóc móng
Dụng cụ Cắt móng tay Nhật Bấm móng tay kèm dũa Cao Cấp,10000,165 Đã bán,36,Chăm sóc móng
Hailicare Nail Repair Essence Anti-nail Groove Fungus Removal Anti Onychomycosis Anti Foot Infection Repair Feet Nail Ingrown Nail Care,39000,495 Đã bán,106,Chăm sóc móng
"Nước phá gel Jnailsay chính hãng (15ml) - Loại bỏ móng gel an toàn, không gây hại cho móng, dành cho dân chuyên nghiệp",30400,118 Đã bán,17,Chăm sóc móng
Nước rửa móng tay cao cấp Năm Hiệp,37000,1.3K Đã bán,295,Chăm sóc móng
Tinh chất phục hồi diệt nấm móng phục hồi Loại bỏ nấm móng gãy dưỡng và kháng khuẩn cho móng tay giải quyết vấn đề viêm mé móng chân tay hiệu quả nhanh dùng cho nam và nữ,88482,2.4K Đã bán,601,Chăm sóc móng
"Combo 2 chai nấm móng hiệu SH phục hồi móng hư, sưng mủ, thúi",62000,436 Đã bán,97,Chăm sóc móng
Kem Bôi Nấm Móng Tay Chân CLOTHASONE D Cream 15g Thái Lan Chính Hãng,57000,438 Đã bán,85,Chăm sóc móng
Dưỡng móng collagen giúp móng hồng chắc khoẻ nhanh dài,19760,644 Đã bán,115,Chăm sóc móng
Kem đánh bay nấm móng hư khoé bọng móng nước ăn tay chân gia truyền/Loại Bỏ Móng Hư Tổn giải quyết vấn đề viêm mé móng chân tay Phục Hồi Và Bảo Vệ Móng Hiệu Quả,64567,129 Đã bán,71,Chăm sóc móng
Phao mịn chà móng (buffer cát mịn) nhiều màu sắc hình chữ nhật dễ cầm chuyên dụng cho dân làm móng,3500,807 Đã bán,3,Chăm sóc móng
Đầu mài móng cao cấp thép Titan chuẩn mỹ siêu êm không nóng rát phạm da TU NAIL,49191,29 Đã bán,5,Chăm sóc móng
Kem Dưỡng Da Tay Và Móng VASELINE 85g Thái Lan Chính Hãng,85000,35 Đã bán,6,Chăm sóc móng
"SERUM đánh bay nấm móng, bọng móng, hư khoé, nước ăn chân",50000,4.0K Đã bán,551,Chăm sóc móng
Kem loại bỏ nấm móng Tinh chất phục hồi móng 20g Kem phục hồi móng Móng kháng khuẩn chân loại gãy móng chống,66983,35 Đã bán,27,Chăm sóc móng
"Daynee Kẹo Ngăn Ngừa Rụng Tóc, Mọc Tóc Tua Tủa Sau Vitamin Biotin 2500MCG Kích Thích Mọc Tóc Dày Óng Mượt, Ngăn Ngừa Rụng Tóc, Trẻ Hóa Da, Chăm Sóc Móng Chắc Khỏe Hair Skin & Nails Gummies Nổi Tiếng Toàn Cầu Hộp",167400,178 Đã bán,80,Chăm sóc móng
"Bộ cắt móng tay 19 món bằng thép cao cấp, Bộ dụng cụ làm móng, bộ bấm móng tay cá nhân, tiện lợi",29000,,0,Chăm sóc móng
Thép không gỉ đôi Cuticle Pusher Dead Skin Push Remover cho Pedicure Manicure Móng tay nghệ thuật công cụ chăm sóc sạch hơn,6400,,0,Chăm sóc móng
Tinh dầu dưỡng móng/ làm mềm da hiếu COWSAR chính hãng chai 15ml,18164,24 Đã bán,4,Chăm sóc móng
"Bộ Cắt Móng Tay Chân,  Sét 12 Món Chăm Sóc Móng Tay Chân Cao Cấp - Kiềm Cắt, Bấm Móng Tay, Lấy Ráy Tai, Que Nặn Mụn, Kéo Tỉa Lông Mày",138969,188 Đã bán,49,Chăm sóc móng
Bộ Chăm Sóc Móng Tay Chuyên Nghiệp 7/10/12/18 Bộ Dụng Cụ Làm Móng Tay & Chân Bằng Thép Không Gỉ Với Hộp Du Lịch Cho Cắt Ngón Tay,54000,16.0K Đã bán,8,Chăm sóc móng
"Dụng Cụ Bấm Móng Tay, Cắt Móng Tay Móng Chân Cao Cấp Chính Hiệu Luxury Loại Tốt Siêu Bền",25085,9 Đã bán,3,Chăm sóc móng
NAIL FUNGUS Kem nấm móng chân móng tay loại bỏ chân móng tay nuôi duõng móng làm mềm móng,53353,9 Đã bán,1,Chăm sóc móng
"[LOẠI 1 CAO CẤP] Acetone, Axetone, Nước tẩy móng, nước chùi móng tay Acetone Quyên - 1000ml dụng cụ làm móng tay chuyên nghiệp nail",72000,128 Đã bán,31,Chăm sóc móng
"[FREESHIP Toàn Quốc] Serum đánh bay nấm móng, hư khoé, bọng móng, nước ăn tay chân gia truyền 4ml Date 2024",41580,35 Đã bán,11,Chăm sóc móng
"Dưỡng cứng móng collagen độc quyền-hủ 5g | Giúp cứng móng, nhanh dài và phục hồi móng mỏng yếu và hư tổn",19000,169 Đã bán,26,Chăm sóc móng
1 Máy Tính 2 Mặt Thép Không Gỉ Dũa Móng Tay Cho Móng Tay Chân Chuyên Nghiệp Ngón Tay & Ngón Chân Chải Lông Chăm Sóc Móng Tay Phụ Kiện,35400,299 Đã bán,118,Chăm sóc móng
"Dưỡng móng tay dài cứng ITANA Nails Repair Essence cứng móng, phục hồi móng Mỏng, Chẻ, Nấm Móng",64000,15 Đã bán,3,Chăm sóc móng
Sơn móng tay - Sơn gel thạch Cute godess _ Linnazo chai 7.3ml dùng chăm sóc trang trí móng làm đẹp nail HNnail shop,6900,90 Đã bán,33,Chăm sóc móng
"Thanh Dũa Móng Tay 6 Mặt Chuyên Dụng, làm sạch móng tay, làm nail",8650,,1,Chăm sóc móng
Combo 5 Chai Nấm Móng Hư Móng,120000,101 Đã bán,25,Chăm sóc móng
Kem phục hồi diệt nấm móng phục hồi Loại bỏ nấm móng gãy dưỡng và kháng khuẩn cho móng tay giải quyết vấn đề viêm mé móng chân tay hiệu quả nhanh dùng cho nam và nữ/20g,53886,274 Đã bán,89,Chăm sóc móng
"Dưỡng Móng Tay Collagen, Phục Hồi Móng, Kích Thích Mọc Móng, Chắc Khỏe, Cứng",20000,63 Đã bán,14,Chăm sóc móng
"Cây dũa móng tay chân 6 mặt mềm chà nhám và đánh bóng mài mịn móng, dụng cụ làm nail chăm sóc móng chuyên nghiệp tại nhà",6000,43 Đã bán,11,Chăm sóc móng
Dũa móng tay giấy chuyên dụng làm Nail,3000,,0,Chăm sóc móng
Deukio kềm cắt móng tay điện tự động kéo cắt móng tay bàn tay và bàn chân dual-sử dụng móng tay Xuyên thiết bị người già trẻ em tông đơ kềm cắt móng tay,39000,7 Đã bán,4,Chăm sóc móng
Kìm Cắt Móng Tay FREESHIP Bấm móng Chân Mũi Nhọn Chất Liệu Thép Không Gỉ Hàng Cao cấp,15000,,0,Chăm sóc móng
( 1 Bộ 10 cây ) Dũa/ Giũa Móng Tai Móng Chân Loại Dày Nhiều Màu Và Màu Đen,20000,38 Đã bán,8,Chăm sóc móng
"Dung dịch nấm móng JIAYULONG Tinh chất sữa chữa móng, nhanh chóng phục hồi móng hư tổn, loại bỏ nấm móng tổn thương, giải quyết nhanh chóng và hiệu quả vấn đề viêm móng, giúp tái tạo móng mới, giải quyết vấn đề móng chân mọc ngược.",149000,25 Đã bán,10,Chăm sóc móng
Cây Lấy Khoé Móng Chân Móng Tai Inox - Mẫu 10cm,17000,14 Đã bán,1,Chăm sóc móng
"[CHÍNH HÃNG] Nấm móng tay chân eelhoe, kích thích mọc móng, dưỡng móng chính hãng lọ 30ml",83900,35 Đã bán,3,Chăm sóc móng
Bấm Móng Tay Đa Năng MS708,9600,144 Đã bán,22,Chăm sóc móng
Bấm móng tay cao cấp QIANGREN,20400,242 Đã bán,54,Chăm sóc móng
"Serum Trị Nấm Móng Tay,Chân, Hư Khoé, Bọng Móng, Nước Ăn, Phục Hồi Móng Hư Gãy, Chính Hãng 4ml",45000,5 Đã bán,0,Chăm sóc móng
Kem dưỡng da tay và móng tay Vaseline Intensive Care 85g - mp chợ lớn,70000,186 Đã bán,39,Chăm sóc móng
"Tinh Chất Dứt Điểm Nấm Móng, Thối Móng Eelhoe Nail Fungus Ginger - Tinh Chất Gừng Già Thành Phần Thảo Dược Phục Hồi Móng",169000,23 Đã bán,12,Chăm sóc móng
"Chai Loại bỏ Nấm kháng Khuẩn, Giúp móng tay nhanh chóng và phục hồi móng tay",79000,26 Đã bán,5,Chăm sóc móng
Dũa Móng Tay Họa Tiết - 2 Mặt,1881,70 Đã bán,4,Chăm sóc móng
COMBO 2 LỌ  DƯỠNG MÓNG TAY ĐỘC QUYỀN THIÊN DI GIÚP CỨNG MÓNG NHANH DÀI BÓNG KHOẺ PHỤC HỒI MÓNG YẾU HƯ TỔN DỄ GÃY,40000,2.6K Đã bán,447,Chăm sóc móng
Kem Dưỡng Da Tay & Móng Vaseline Deep Moisture Hand & Nail Cream 60ml Bảng Hàn Quốc,34000,192 Đã bán,24,Chăm sóc móng
Phao Chà Móng Đánh Bóng Móng Tay,8500,170 Đã bán,6,Chăm sóc móng
"Hết nấm móng, hư khoé phục hồi móng hư tổn gia truyền",35000,70 Đã bán,7,Chăm sóc móng
Nước rửa móng tay QUYÊN axeton tẩy móng sơn thường chai nhỏ,17077,53 Đã bán,12,Chăm sóc móng
"Serum bôi hết nấm móng/SERUM đánh bay nấm móng, bọng móng, hư khoé, nước ăn chân10mlThe Herb Nail Repair Cream Nail Treatment Nail Anti Fungus Removal Soft Care Foot",52747,132 Đã bán,64,Chăm sóc móng
"Kem mềm da Rossy - Kem mềm móng, mềm da chuyên dụng, nhặt da, chà gót chân làm nail NailBND",10812,23 Đã bán,3,Chăm sóc móng
"Máy cắt móng điện Mijia với đèn, máy cắt móng tự động, công cụ chăm sóc móng sạc lại cho bé",280000,,0,Chăm sóc móng
"[Chính Hãng] Tinh chất nấm móng tay chân, Tái tạo móng, phục hồi dứt điểm nấm móng chỉ sau 2 tuần sử dụng, 30ml",85500,164 Đã bán,37,Chăm sóc móng
Thanh Dũa Móng Tay 6 Mặt Chuyên Dụng Làm Nail,12000,,0,Chăm sóc móng
Dũa dày OPI bản cong bầu 2 size 80/80 & 100/180 _ Dũa móng bột giá rẻ,5145,5 Đã bán,2,Chăm sóc móng
Dũa móng tay đánh bóng làm bằng pha lê thủy tinh tiện dụng chất lượng cao,14000,7 Đã bán,1,Chăm sóc móng
Keo dán móng úp 401 siêu chắc 20g Hàn quốc loại 1 để lâu không khô,35000,869 Đã bán,134,Chăm sóc móng
"[Hàng mới về] Kìm cắt móng tay, móng chân làm từ thép không gỉ hàng đẹp",18500,29 Đã bán,7,Chăm sóc móng
"Lẻ 5 hủ dưỡng móng tay chân 5g | Dưỡng cứng móng, bóng hồng móng, chắc khõe và nhanh dài( mua 1 cb tặng 3 hủ )",80000,19 Đã bán,2,Chăm sóc móng
"Bộ kìm, bấm móng tay màu xanh lá kèm ví siêu cute",44550,7 Đã bán,2,Chăm sóc móng
"Serum Nấm Móng Tay Chân Hết Sạch Nấm, Bọng Móng, Hư Khoé, Nước Ăn Tay Chân, Dưỡng Cứng Móng",64875,9 Đã bán,2,Chăm sóc móng
"Dụng cụ bấm móng, cắt móng tay Kichi cho bé",16910,712 Đã bán,149,Chăm sóc móng
"Combo 3 Hủ Dưỡng Móng Tay Thiên Di Dưỡng Dài Móng - Giúp Móng Tay Chân Bóng Hồng Nhanh Dài, Khỏe",35000,,1,Chăm sóc móng
"💅Nước AXITON Quyên 125ml, 500ml, Tẩy Sơn Gel, Nước Rửa Móng Tay Chính Hãng💅",25000,,0,Chăm sóc móng
"Gel định hình, gel nặn thú Huaxi màu trong và màu trắng hủ to 30ml - Gel khô đa năng chuyên dụng làm nail",39000,24 Đã bán,4,Chăm sóc móng
"Phá Gel Oyan chính hãng phá gel lạnh, không nóng, không gây bỏng rát chai 15ml(15g)",20751,85 Đã bán,17,Chăm sóc móng
"Kem Nấm Móng, Hư Khoé, Bọng Móng Sau 4 Tuần 20g",64161,52 Đã bán,49,Chăm sóc móng
Tinh chất  loại bỏ nấm móng Tinh chất phục hồi móng 50ML Kem phục hồi móng Móng kháng khuẩn chân loại gãy móng chống,59832,49 Đã bán,49,Chăm sóc móng
"Dầu tháo móng úp, chai xịt tháo móng đắp gel, đắp bột - Dầu dưỡng viền móng",20500,1.1K Đã bán,275,Chăm sóc móng
Mr. Green kềm cắt da Đổi Mới Lớp Biểu Bì Kéo Được Xây Dựng-Trong Mùa Xuân Cắt Tông Đơ Dụng cụ tẩy da chết Làm Móng Tay Công Cụ,233313,172 Đã bán,236,Chăm sóc móng
"Serum đánh bay nấm móng, hư khoé, bọng móng, nước ăn tay chân gia truyền",45000,16 Đã bán,1,Chăm sóc móng
Trắng/Đen Nấm Móng Tay Thiết Bị Laser Cho Nấm Móng Sửa Chữa Nấm Móng Tay Điện Chân Dụng Cụ Chăm Sóc Móng Tay Để Vệ Sinh Và Sửa Chữa Móng Tay,112800,82 Đã bán,0,Chăm sóc móng
Gel làm nail 6 in1 NAIL GLUE,35000,83 Đã bán,9,Chăm sóc móng
"NƯỚC RỬA MÓNG TAY XUÂN NGUYÊN 500ML(ACETONE), RỬA SẠCH NƯỚC SƠN NHANH",39000,10 Đã bán,1,Chăm sóc móng
Sơn Móng Tay - Sơn Gel THẠCH SIR chai 15ml dùng chăm sóc trang trí móng làm đẹp nail mi shop HNnail (son - móng tay giả),14900,996 Đã bán,85,Chăm sóc móng
"Kem Dưỡng Tay Và Móng Vaseline, Kem Chân Vaseline  60g",53388,139 Đã bán,72,Chăm sóc móng
[FREESHIP] Dụng Cụ Chà Gót Chân Móng Chân Tẩy Tế Bào Chết Hai Mặt Cao Cấp,17900,688 Đã bán,145,Chăm sóc móng
Lớp biểu bì loại bỏ Gel chuyên nghiệp lớp biểu bì làm giảm da chết tăng trưởng móng tay tăng cường exfolianting nhẹ nhàng hiệu quả làm mềm móng tay Gel,54000,7 Đã bán,5,Chăm sóc móng
"Dũa móng tay bán nguyệt OPI chuyên dùng trong spa, làm nails",1800,,1,Chăm sóc móng
"Dưỡng Móng Tay Chân Độc Quyền Thiên Di Dưỡng Cứng Móng Giúp Móng Nhanh Dài, Khoẻ, Bóng, Hồng tự nhiên",15000,410 Đã bán,59,Chăm sóc móng
"Dưỡng Móng Độc Quyền, Giúp Dài Móng, khoẻ, bóng,hồng",30000,970 Đã bán,263,Chăm sóc móng
"Nước rửa móng tay aceton Quyên chính hãng - Nước rửa axeton loại tốt tẩy mạnh, sạch nhanh, mùi dễ chịu (500ml và 1000ml)",35000,17 Đã bán,4,Chăm sóc móng
"[Combo 1 Serum Nấm Móng và 1 Kem Dưỡng Móng] Giúp Móng Tay Chân Chắc Khỏe, Phục Hồi Móng,Làm Móng Nhanh Dài Cứng",55000,283 Đã bán,92,Chăm sóc móng
Phá gel Jnailsay chính hãng - Dung dịch phá gel nhanh chóng an toàn không gây hại cho móng (15ml) Nailbnd,23410,75 Đã bán,8,Chăm sóc móng
"Diệt nấm, đánh bay ngứa, sưng khoé,dưỡng móng phục hồi hư tổn gia truyền HH",40000,109 Đã bán,12,Chăm sóc móng
Dung dịch bôi cai cắn móng tay ngậm tay mút tay WIIEEY 10ml nước đắng móng tay dứt điểm tình trạng cắn móng tay cho cả người lớn và trẻ em giải pháp hiệu quả ngăn chặn cắn móng tay,120000,160 Đã bán,52,Chăm sóc móng
Nước rửa móng tay QUYÊN cao cấp 500ml,39000,75 Đã bán,9,Chăm sóc móng
"Xịt tháo móng giả YOSI  100ml - Nước tháo móng úp bằng base, gel và keo không nóng móng nailbnd",32760,181 Đã bán,36,Chăm sóc móng
Nước lau Gel - Nước rửa móng tay Nail Sina chai 60ml,15843,260 Đã bán,56,Chăm sóc móng
[Danjinail Cuticle Oil Pen 2ml] Bút chăm sóc móng tay với 9 thành phần tinh dầu tự  nhiên giúp cấp ẩm và dinh dưỡng cho móng khỏe,65000,22 Đã bán,8,Chăm sóc móng
Kem hết nấm móng giúp tái tạo móng mới,102935,5 Đã bán,1,Chăm sóc móng
Bộ Đầu mũi khoan làm móng đầu giũa móng tay loại bỏ móng tay sơn móng gel móng tay làm móng tay móng chân đánh bóng móng tay phụ kiện máy,54962,8 Đã bán,18,Chăm sóc móng
Bộ Làm Móng Tay 16 Món Inox Không Gỉ. Bộ Dụng Cụ Cắt Móng Chân Tiện Ích,58000,,0,Chăm sóc móng
6 Lọ Nấm Móng ( Tặng 1 Hủ Collagen Dài Móng),139000,11 Đã bán,3,Chăm sóc móng
"Cây lấy khóe móng cán gỗ nhỏ gọn, dễ lấy khóe - Kitty Nails Supply",10000,96 Đã bán,12,Chăm sóc móng
"Kìm Nhặt Da Lưỡi Thép Không Gỉ, Kìm Cắt Da Cắt Móng Cắt Khóe Nail Nhỏ Gọn Có Nắp Đậy, Kiềm Cắt Móng",21000,,0,Chăm sóc móng
Phá gel lạnh COCOMINMO - Chai 15ml,15650,239 Đã bán,32,Chăm sóc móng
[ SET 3 CHAI ] Nấm Móng Tay Móng Chân Dạng Xịt Giúp Giảm Nấm Dưỡng Móng Tay Móng Chân Kháng Khuẩn Giảm Đau Nhức,69000,,0,Chăm sóc móng
Kem dưỡng da tay và móng Kamill nội địa Đức,54000,404 Đã bán,81,Chăm sóc móng
Nước làm mềm da Nail Blue Cross chính hãng - Kem mềm da Nail không cần ngâm nước 177ml,55919,291 Đã bán,79,Chăm sóc móng
Kem bôi ngoài da nấm móng tay chân Clothasone D Cream Thái Lan,55000,74 Đã bán,14,Chăm sóc móng
[HCM] Kềm Cắt Da Thép Không Gỉ KỀM NGHĨA  chuyên nghiệp xi mạ cao cấp Nail kềm đầu tròn -Cozy520,28000,352 Đã bán,78,Chăm sóc móng
Mới không gỉ bằng thép nhỏ lông mày nhỏ Mũi kéo cắt làm móng tay cắt tỉa mặt nhíp công cụ làm đẹp TF-Uni-VN,14000,5 Đã bán,0,Chăm sóc móng
[Bán Sỉ] Combo 6 Kem Làm Mềm Móng LaFuCo/Nett /Rossy,27000,33 Đã bán,7,Chăm sóc móng
Kềm Nghĩa cắt móng thép M306,74000,,1,Chăm sóc móng
Sơn Móng Tay - Sơn gel móng tay Linnazo chai 7.3ml dùng chăm sóc trang trí móng làm nail spa Shop HNnails (son - móng tay giả)a,6900,714 Đã bán,76,Chăm sóc móng
"Nước Rửa Móng Tay Không Aceton - 100ML Chính Hãng Cẩm Tú Darling, Tẩy Sạch, Không Hại Móng, Không Mùi Khó Chịu",28500,119 Đã bán,35,Chăm sóc móng
Serum Lành Nấm Móng Hư Bọng Nước Ăn Móng Khoé Tay Chân,28500,14 Đã bán,2,Chăm sóc móng
[HCM] KEM THOA NẤ.M MÓNG TAY CHÂN THÁI LAN,87900,32 Đã bán,6,Chăm sóc móng
Đầu mài móng Titan mạ vàng USA siêu bén bền - mài siêu êm thiết kế bo đầu không phạm da - Không nóng rát HÀNG CHUẨN TUNAIL,75208,8 Đã bán,0,Chăm sóc móng
"Chai xịt tháo móng úp gel, chai xịt Yosi tách móng úp keo nhanh chóng dễ dàng chai 100ml",27000,355 Đã bán,93,Chăm sóc móng
"Kềm bấm móng tay, móng chân QUYÊN",36000,10 Đã bán,4,Chăm sóc móng
Kìm Da Chết Bằng Thép Không Gỉ Của Đức Kéo Cắt Móng Tay Olecranon - Dụng Cụ Rãnh Móng Tay Đặc Biệt Để Chăm Sóc Móng Tay,49500,56 Đã bán,23,Chăm sóc móng
Kem bôi giúp hết nấm móng tay móng chân KM20,45000,28 Đã bán,7,Chăm sóc móng
[Thúy Hoa] Cây đẩy da chết do móng,13000,21 Đã bán,0,Chăm sóc móng
Jiashi Kềm Cắt Móng Tay điện tự động Kéo cắt móng tay bàn tay và bàn chân kép sử dụng thiết bị xỏ móng tay người già trẻ em tông đơ kềm cắt móng tay,33000,14 Đã bán,5,Chăm sóc móng
"Tinh Chất Dưỡng móng tay, chân, loại bỏ nấm móng, móng khô, thối móng, giúp móng chắc khỏe, sáng bóng",48280,28 Đã bán,19,Chăm sóc móng
KEM LÀM MỀM DA TAY CHÂN - KEM LÀM MÓNG NETT LOẠI TỐT,6000,552 Đã bán,100,Chăm sóc móng
Set 10 cây dũa móng tay 2 mặt bằng giấy ráp đen,15000,6 Đã bán,2,Chăm sóc móng
Tinh chất loại bỏ nấm móng tay chân nhanh chóng phục hồi móng bị hư hỏng loại bỏ nấm móng gãy quyết vấn đề viêm mé hiệu quả nhanh dùng cho nam và nữ dưỡng và kháng khuẩn cho móng nuôi dưỡng móng,65062,16 Đã bán,2,Chăm sóc móng
BÔNG GÒN BỊCH LỚN CHUYÊN DÙNG LÀM NAIL,56000,161 Đã bán,30,Chăm sóc móng
"Bộ Cắt Móng Tay, Bộ Làm Móng Tay, Bộ Bấm Móng 24 Món Đa Năng, Bấm Dũa Móng Tay 3DM, Dụng Cụ Làm Nail, Nail Care Cao Cấp Nhiều Dụng Cụ Tiện Lợi, Bo kiem cat mong tay cao cap.",39000,339 Đã bán,84,Chăm sóc móng
"[SALE HÀNG MỚI VỀ] Dưỡng Móng Tay Chân Độc Quyền Thiên Di Dưỡng Cứng Móng Giúp Móng Nhanh Dài, Khoẻ, Bóng, Hồng (CHÍNH HÃNG)",15000,813 Đã bán,131,Chăm sóc móng
(SIÊU BỀN) Cắt móng tay loại lớn TRIM,25000,13 Đã bán,2,Chăm sóc móng
Bấm móng tay kiêm móc khóa siêu bền và bén kiểu dáng đẹp,34560,,1,Chăm sóc móng
Siêu Mỏng 0.5Cm Di Động Có Thể Gập Lại Đa Năng Bấm Móng Tay Tẩy Tb Chết Kìm-Dụng Cụ Làm Móng Tay Chăm Sóc Ngón Tay,36000,612 Đã bán,266,Chăm sóc móng
"Kềm Cắt Da / Cắt Móng Tay Và Chân Chất Liệu Thép Không Rỉ Cao Cấp - Kềm Cắt Da Tay Bán Nguyệt, Kềm Cắt Da Tay Chân, Kềm Cắt Móng Tay Móng Chân, Dụng Cụ Nail, AONISU",39000,2.7K Đã bán,399,Chăm sóc móng
Combo 4 chai đánh bay nấm móng SH phục hồi móng hư tổn ở móng,120000,116 Đã bán,33,Chăm sóc móng
[HCM]Nước Sơn Dưỡng Móng Eveline 8in1,179000,117 Đã bán,29,Chăm sóc móng
"kem trị sạch nấm móng tay,chân, tạo móng mới sáng đẹp dưỡng ẩm móng tay chân",87000,,2,Chăm sóc móng
"Bộ Cắt Móng Tay Hoạt Hình 7 Món, Dụng Cụ Làm Móng Tại Nhà-NIEVE",35000,5 Đã bán,1,Chăm sóc móng
Kem Nấm Móng Tay Chân Giúp Tái Tạo Móng Mới Chỉ Sau 7 Ngày Loại Bỏ Móng Hư Tổn giải quyết vấn đề viêm mé móng chân tay Phục Hồi Và Bảo Vệ Móng Hiệu Quả,59598,31 Đã bán,25,Chăm sóc móng
6 lọ Serum Nấm Móng Tặng 1 hủ dưỡng móng collagen,123000,5 Đã bán,1,Chăm sóc móng
Dụng Cụ Chăm Sóc Nấm Móng Chân Bằng Tay Dung Dịch Điều Trị Móng Tay Chống Nấm Cho Nấm Ngón Chân & Móng Ngón Chân Mọc Thô Ứng Dụng Cơ Thể Chất Lỏng Kích Thước Trung Bình,104800,74 Đã bán,0,Chăm sóc móng
"Nấm móng tay chân varisi, dung dịch nấm móng tay chân varisi",45000,10 Đã bán,3,Chăm sóc móng
"[Bán sỉ] Lốc 10 cây dũa bông size lớn (Dụng cụ nail, làm đẹp móng tay, móng chân, vệ sinh móng)",20000,,0,Chăm sóc móng
Găng Tay Làm Móng Chống Tia UV Fiber Hở Ngón Tay Nhung,55000,,0,Chăm sóc móng
Nước tháo móng - Dung dịch tháo móng siêu tốc không nóng rát cực kì an toàn 80ml CHÍNH HÃNG TU NAIL,26718,9 Đã bán,0,Chăm sóc móng
Tinh dầu hoa khô dưỡng viền móng - Tinh dầu dưỡng móng tay Nail 15ml,19021,33 Đã bán,14,Chăm sóc móng
"Đầu Mài Da Mài Khóe XF, bột, gel, mài da Mỹ  làm móng",54900,,0,Chăm sóc móng
4 Cây Dũa Móng Tay Pha Lê Nhám Đánh Bóng - Dũa Móng Cao Cấp - Siêu Rẻ,30400,5 Đã bán,1,Chăm sóc móng
Bút dưỡng viền móng hoa quả OPI siêu thơm,9405,35 Đã bán,3,Chăm sóc móng
Đầu mài móng 5 in 1 đa năng chất liệu TiTan siêu bén bền không phạm da nóng rát mẫu HOT TU NAIL,69885,11 Đã bán,2,Chăm sóc móng
"Gel Thuỷ Tinh QS Hũ Lớn 20ml , Gel Định Hình , Vẽ Nổi Làm Móng",64000,,0,Chăm sóc móng
"Combo Serum SH đánh bay nấm móng, hư khoé, bọng móng, nước ăn tay chân viem móng gia truyền và dưỡng móng",15000,75 Đã bán,0,Chăm sóc móng
Dung dịch Acetol 1000ml,40000,56 Đã bán,10,Chăm sóc móng
Bộ Bấm Móng Tay 19 Món Thép Không Gỉ-Bộ Cắt Móng Tay Cao Cấp,85312,218 Đã bán,72,Chăm sóc móng
1 Chiếc Carbide Móng Mũi Điện Dao Phay Làm Móng Tay Chân Burr Khoan Dũa Móng Tay Bit Bộ Máy Chăm Sóc Móng Tay,86250,79 Đã bán,84,Chăm sóc móng
Q 10 cây Thanh dũa móng tay mini tiện dụng chất lượng cao Galit625 G,1881,1.1K Đã bán,279,Chăm sóc móng
"Dung Dịch Làm Mềm Da Thừa Móng Tay 30ml/60ml, Tẩy Tế Bào Chết, Dưỡng Da Cho Móng Tay Và Móng Chân, Làm Mềm Da Chết",34200,456 Đã bán,131,Chăm sóc móng
"Tinh Chất Nấm Móng Thảo Dược EELHOE - Serum Nấm Móng EELHOE Dứt Điểm Nấm, Dưỡng Và Phục Hồi Mô Móng",109000,19 Đã bán,10,Chăm sóc móng
"Gel đắp móng IBD 56g loại tốt không nóng không chảy, màu trong suốt không mùi hắc",70930,60 Đã bán,8,Chăm sóc móng
Dung dịch nước đắng bôi cai cắn móng tay ngậm tay mút tay WIIEEY 10ml  móng tay dứt điểm tình trạng cắn móng tay cho cả người lớn và trẻ em giải pháp hiệu quả ngăn chặn cắn móng tay,80000,,0,Chăm sóc móng
Dụng Cụ Bấm Móng Tay Móng Chân Living C Bằng Thép Không Gỉ Dày Cứng Bản Rộng Tiện Lợi,83000,,2,Chăm sóc móng
Bộ Dụng Cụ Làm Móng Nghệ Thuật 9/18 Cái Dụng Cụ Chải Chuốt Làm Sạch Lớp Biểu Bì Tai Dụng Cụ Cắt Móng Tay Bằng Thép Không Gỉ Bộ Dụng Cụ Làm Đẹp Làm Móng Tay Móng Chân,58441,303 Đã bán,204,Chăm sóc móng
"[Nội Địa Trung] Tuýp Bôi Ngứa, Nấm Móng Tay, Nấm Móng Chân Hiệu Bò Cạp Trắng",95000,,1,Chăm sóc móng
"Dũa nail đo form, dũa móng cao cấp 100/180",18000,,1,Chăm sóc móng
"Tinh chất nấm móng Eelhoe, Phục Hồi Móng Tay Chân Loại Bỏ Nấm Móng Nhập khẩu",99000,52 Đã bán,9,Chăm sóc móng
dung dịch mọc móng Nấm móng tay 20g Cải thiện vết nứt móng tay giảm nhiễm nấm kích thích mọc móng,67181,72 Đã bán,51,Chăm sóc móng
Bấm Móng Tay SIÊU BÉN Hoạ Tiết Dễ Thương L040,6132,,0,Chăm sóc móng
(COMBO 2) DƯỠNG MÓNG ĐỘC QUYỀN GIÚP MÓNG HỒNG CHẮC KHOẺ CỨNG CÁP NHANH DÀI,48412,167 Đã bán,59,Chăm sóc móng
Nước tẩy rửa sơn móng tay Quyên / axeton lau sơn thường và dùng để ủ phá sơn gel chai 1000ml,52900,125 Đã bán,47,Chăm sóc móng
[1 chai] Nước rửa móng tay cao cấp Năm Hiệp 125ml,9900,551 Đã bán,65,Chăm sóc móng
"Kem thoa nấm móng tay, phục hồi móng tay Thái Lan",75000,71 Đã bán,13,Chăm sóc móng
DƯỠNG MÓNG TAY ĐỘC QUYỀN GIÚP CỨNG MÓNG NHANH DÀI BÓNG KHOẺ PHỤC HỒI MÓNG YẾU HƯ TỔN DỄ GÃY,59598,76 Đã bán,43,Chăm sóc móng
"CMGF | Bộ Chăm Sóc Móng Nâng Cao với Kéo Móng, Dụng Cụ Lấy Ráy Tai, Kéo Móng, Dụng Cụ Chăm Sóc Chân",58800,,1,Chăm sóc móng
[HCM] Nấm Móng Varisi Chính Hãng,57600,129 Đã bán,20,Chăm sóc móng
Móng chân cắt móng chân cắt chuyên nghiệp dày & móng chân mọc ngược kềm cắt móng tay chăm sóc móng chân công cụ,73480,121 Đã bán,213,Chăm sóc móng
Kem mềm da nail Xina 200ml - Kem làm mềm da cải thiện tình trạng thô ráp,30000,9 Đã bán,4,Chăm sóc móng
"Nước rửa móng cao cấp Ebelin không Aceton, tẩy nhanh hương thơm dễ chịu, 125ml - Hàng nội địa Đức",129500,40 Đã bán,15,Chăm sóc móng
Oceaura dầu biểu bì chăm sóc móng dinh dưỡng bút dầu móng tay sửa chữa Làm Móng Tay Tay Điều Trị móng tay Tăng cường sản phẩm chăm sóc Bộ ngăn ngừa agnail sơn móng tay làm mềm dinh dưỡng móng tay bút dầu móng tay (12ml(3ml * 4)),82408,9 Đã bán,6,Chăm sóc móng
"Miếng vá sửa chữa móng tay Nấm 32 chiếc-Điều trị móng tay nấm móng chân, dày và đổi màu, chăm sóc móng chân mọc trong, phục hồi móng tay khỏe mạnh, dải cho ngón chân và ngón tay",114300,,0,Chăm sóc móng
Nutritional Oil Pen for Nail Care Moisturizing Cuticle Pen Prevents Dead Skin And Split Ends Repair Damaged Nail Edges Nail Oil,46000,604 Đã bán,0,Chăm sóc móng
"Gel đa năng 6in1 Born Pretty chính hãng 15ml - Sơn gel liên kết 6 trong 1 base, nối úp cứng móng, top loang, top coat",57300,175 Đã bán,25,Chăm sóc móng
"LazMall Siêu Sale Siêu Rẻ Thái Lan Super Kiềm Cắt Móng Chân Mọc Ngược Hạng Nặng Chính Xác Kìm Cắt Móng Tay, Móng Chân, Kìm Cắt Da Chết Bằng Thép Không Gỉ Siêu Sắc Dành Cho Chăm Sóc Móng Chuyên Dụng Hoàn Hảo",134000,19 Đã bán,16,Chăm sóc móng
Cứng móng Vinimay  chuyên dụng cho dân làm nail 15ml NailBND,45976,12 Đã bán,4,Chăm sóc móng
"Nước rửa cọ Li-nail (200ml) - Dung dịch rửa cọ nail sạch sẽ, tăng độ bền cho cọ chuyên dụng làm nail NailBND",54927,23 Đã bán,9,Chăm sóc móng
RtopR Gừng Kháng Khuẩn Móng Thiết Yếu Chống Nấm Viêm Ngón Chân Điều Dưỡng Chống Nhiễm Trùng Viêm Móng Chân 10Ml,52000,1.3K Đã bán,361,Chăm sóc móng
"Nước lau gel Li-nail chính hãng có mùi thơm - Cồn lau gel chuyên dụng làm móng nails chai 200ml, 500ml, 1000ml",62000,511 Đã bán,91,Chăm sóc móng
Myyeah 15ml ma thuật Remover Sơn móng Gel Làm Sạch Loại bỏ mạnh mẽ nổ Gel ngâm tắt đèn LED UV nhanh chóng Remover đánh bóng tự làm dụng cụ làm móng nghệ thuật,30476,99 Đã bán,104,Chăm sóc móng
Bao tay vải làm móng bảo vệ da chống tia UV khi sử dụng đèn hơ gel (găng tay làm móng)  - Sử dụng làm nail - TGN 937,15550,70 Đã bán,11,Chăm sóc móng
"Kem Trị Nấm Móng Tay Chân Amorolfine Nhanh Khô, Chống Nấm, Phục Hồi Nhanh, Làm Dày, Làm Vàng, Chăm Sóc Móng Tay, Dụng Cụ Cắt Móng",75000,445 Đã bán,0,Chăm sóc móng
Dũa tre - dũa móng thật - dũa form móng siêu bén DINGXI,5692,32 Đã bán,6,Chăm sóc móng
Nước rửa móng tay cao cấp,14500,,0,Chăm sóc móng
( Lốc 5-10 chai ) Nước Rửa Móng Tay Móng Chân Cao Cấp Nam Hiệp 40ml Làm Sạch Móng,27000,11 Đã bán,1,Chăm sóc móng
Sủi móng sủi da chết hai đầu inox 304 loại lớn và loại nhỏ - Kitty Nails Supply,32500,19 Đã bán,4,Chăm sóc móng
"Kìm bấm móng, kìm cắt móng mới 2in1 cả móng thật lẫn móng giả siêu bén",40000,,0,Chăm sóc móng
[ Nhật Bản ] Bấm móng tay người lớn hàng Nhật chuẩn,49000,,0,Chăm sóc móng
Oil Care for Nails And Skin Moisturizing Nutritious Nail Oil Smooths out Rough Edges And Hydrates Nails Professional Nail Care,52500,600 Đã bán,0,Chăm sóc móng
Dũa móng tay OPI (random),3600,403 Đã bán,12,Chăm sóc móng
"Kem dưỡng móng tay móng chân, kem dưỡng móng collagen phục hồi móng tay chân chắc khỏe",49000,,0,Chăm sóc móng
Dũa Móng Tay Chuyên Nghiệp Bộ 1/2 Chiếc Thép Không Gỉ Đánh Bóng Khối Chà Nhám Dụng Cụ Làm Móng Tay Cho Móng Tay Nghệ Thuật Chăm Sóc Sắc Đẹp 13CM/18CM,39000,475 Đã bán,145,Chăm sóc móng
"Combo 3 món bấm móng tay, dụng cụ cắt móng tay Trim, nhíp - bám móng tay lớn - bấm móng tay nhỏ",50000,5 Đã bán,2,Chăm sóc móng
Bộ Vòng Chà Nhám Móng Bộ Vòng Mài Nắp Chà Nhám Cho Máy Làm Móng Điện 180/120/80 Grit Bộ Dụng Cụ Mài Móng Bộ Dụng Cụ Làm Móng,37706,249 Đã bán,188,Chăm sóc móng
3 Kích Thước Dũa Móng Tay Inox Bộ Chuyên Nghiệp 2 Mặt Giấy Nhám Tẩy Tế Bào Chết Dụng Cụ Chăm Sóc Móng Tay Cho Ngón Tay & Ngón Chân,52500,102 Đã bán,143,Chăm sóc móng
"Base, Top, Cứng móng Hoa Hồng 15ml | Sơn liên kết móng chai 15ml",29000,14 Đã bán,1,Chăm sóc móng
Bấm móng tay Kềm Nghĩa thép không gỉ lưỡi bằng loại lớn B.901,67900,29 Đã bán,8,Chăm sóc móng
"Kem bôi dị ứng sơn gel, mẩn ngứa, viêm da cơ địa, nấm da, nấm móng.",90000,111 Đã bán,20,Chăm sóc móng
Tinh chất cho Nấm Móng Tay Chân Nail Fungal Solution 10ml EEHOE thẩm thấu nhanh khắc phục trong thời gian sớm,146185,295 Đã bán,56,Chăm sóc móng
"Keo dán móng tay giả 401 chai 20g , Loại 100% Stronger chính hãng",10500,13 Đã bán,2,Chăm sóc móng
Nước rửa móng 5 hiệp,50000,,1,Chăm sóc móng
"[Chính Hãng] Dưỡng Móng Tay Chân Cứng, Bóng, Hồng, Nhanh Dài, Kem Dưỡng Móng Tay Chân Chắc Khỏe Phục Hồi Móng Hư Tổn  4.8  6 Đánh Giá 24 Đã Bán",29000,68 Đã bán,11,Chăm sóc móng
"TEZKIN dạng xịt, hổ trợ sạch nấm ngứa ngoài da, móng tay, móng chân.",40000,6 Đã bán,0,Chăm sóc móng
"Tinh Chất Nấm Móng West Month – Serum West Month Dứt Điểm Nấm, Phục Hồi Mô Móng, Dưỡng Móng Khỏe Đẹp",129000,7 Đã bán,5,Chăm sóc móng
"Kìm cắt móng tay chân, chuyên cắt khoé của Đức",107180,55 Đã bán,21,Chăm sóc móng
"Combo(5 chai) đánh bay nấm móng, bọng móng, hư khoé nước ăn tay chân",150000,46 Đã bán,10,Chăm sóc móng
[dưỡng móng chính hãng lọ] Sửa chữa nấm móng tay 7 ngày tinh chất huyết thanh chống nấm dung dịch chân gừng sửa chữa loại bỏ nấm móng tay 25ml chống nhiễm trùng tinh chất chăm sóc huyết thanh nấm tay chân loại bỏ nấm móng tay,148780,,1,Chăm sóc móng
"Bộ Cắt Móng Tay, Bộ Làm Móng Tay, Bộ Bấm Móng 18 Món Đa Năng, Bấm Dũa Móng Tay 3DM, Dụng Cụ Làm Nail, Nail Care Cao Cấp Nhiều Dụng Cụ Tiện Lợi, Bo kiem cat mong tay cao cap",39000,,0,Chăm sóc móng
Cây giũa (dũa) móng tay 2 mặt giá rẻ,2460,,1,Chăm sóc móng
"(3 ngày để móng của bạn lành lại)Sửa chữa móng tay, Tinh chất phục hồi diệt nấm móng phục hồi, giải quyết vấn đề viêm mé móng chân tay, hiệu quả nhanh dùng cho nam và nữ",69200,14 Đã bán,3,Chăm sóc móng
"Cây làm sạch móng tay, đẩy da chết 2 đầu đa công dụng",9000,,1,Chăm sóc móng
Nâng cấp mới Nail kháng khuẩn Liquid khử trùng Thành phần thảo dược Tổng hợp móng chân Điều trị nấm Liquid Foot Care,55360,,2,Chăm sóc móng
"COMBO Bộ Dụng Cụ Bấm Móng 6 Món Kèm Hộp Đựng, Bộ Cắt Bấm Dũa Móng Tay Móng Chân Đa Năng",59200,13 Đã bán,8,Chăm sóc móng
Máy mài móng tích điện mã en101 làm nail chuyên nghiệp.,105000,6 Đã bán,1,Chăm sóc móng
"Dầu tháo móng úp SND Mỹ chính hãng, tháo móng cực nhanh, dễ dàng - Kitty Nails Supply",32000,31 Đã bán,5,Chăm sóc móng
Dầu oil dùng để tháo móng up móng bột - Dưỡng móng,35000,11 Đã bán,0,Chăm sóc móng
[100% hiệu quả] Kem phục hồi móng nấm móng viêm mé chân loại bỏ nấm móng gãy móng chống các bệnh nấm móng kháng khuẩn 20g dùng cho móng chân tay hiệu quả nhanh dùng cho nam và nữ,101000,18 Đã bán,2,Chăm sóc móng
Dụng cụ dũa móng tay thủy tinh pha lê dành cho chăm sóc móng chuyên nghiệp-INTL,19120,111 Đã bán,11,Chăm sóc móng
"Máy Mài Móng Dũa Móng Tay Bằng Điện Cho Trẻ Sơ Sinh Đến Người Lớn An Toàn Không Tổn Thương Tay, Tặng Kèm Pin",66196,42 Đã bán,10,Chăm sóc móng
Dụng Cụ Dũa Móng Tay 6 Mặt,9000,9 Đã bán,2,Chăm sóc móng
"Nước tháo móng úp Blue Place, dầu tháo móng siêu nha",21625,16 Đã bán,3,Chăm sóc móng
Serum nấm móng bọng móng SH phục hồi móng hư tổn nặng dưỡng móng nhanh mọc dài,51750,13 Đã bán,1,Chăm sóc móng
Nước phá gel Cocominmo chính hãng - phá gel lạnh không nóng móng (15ml),37000,2.6K Đã bán,388,Chăm sóc móng
Bột Ezflow đắp móng,35000,,1,Chăm sóc móng
Set 10 Dũa Móng Tay Hai Mặt Dùng Một LầnThanh dũa móng tay mini tiện dụng chất-NIEVE,1900,68 Đã bán,1,Chăm sóc móng
"[NHIỀU MÀU] Bộ Chăm sóc móng, dũa móng Combi - Đậu đỏ shop - Hàng nội địa Nhật",850000,,0,Chăm sóc móng
"Kem Mềm Da Xina 200ml Làm Nail, Làm Mềm Gót Chân (Màu Ngẫu Nhiên)",28000,13 Đã bán,2,Chăm sóc móng
Nailsxinh___đẹp mã 31,29500,19 Đã bán,5,Chăm sóc móng
"[ Dụng cụ làm móng ] VARISI loại bỏ nấm móng tay, nấm móng chân Varisi",65000,,0,Chăm sóc móng
Dung dịch loại bỏ nấm móng Varisi hỗ trợ tɾị nấm móng nhanh chóng chuyên dụng ngành nail TUNAIL,9985,,0,Chăm sóc móng
Nail Correction Tool Lever Principle Nail Corrector Professional Ingrown Toenail Corrector Kit Straighten Curved Nails with Stainless Steel Armor Buckle Effective Tool for Ingrown Nail Relief,58000,,0,Chăm sóc móng
"Bộ mài dũa móng tay an toàn cho bé, máy mài dũa móng tay , cắt móng tay cho bé",74000,,1,Chăm sóc móng
Bộ Dụng Cụ Cắt Móng Tay Bằng Thép Không Gỉ CMGF Dùng Cho Gia Đình Dụng Cụ Làm Móng Tay Chống Bắn Chân Với Kéo Cắt Tóc Mũi - Bộ Dụng Cụ Chăm Sóc Móng Tay Hoàn Chỉnh,311200,,0,Chăm sóc móng
Cắt móng tay Mother-K cho bé của Hàn Quốc,120000,,0,Chăm sóc móng
"Kiềm Cắt Da Lưỡi Bén – Màu Bạc/Vàng, Dụng Cụ Làm Móng Chuyên Dụng",23500,6.5K Đã bán,889,Chăm sóc móng
Dung dịch cải thiện nấm móng Fungus Killer nhập khẩu từ Mỹ chính hãng (7ml) - Nails Red,195000,13 Đã bán,1,Chăm sóc móng
Cây khóe móng chân cán gỗ  giá  sỉ,10000,114 Đã bán,20,Chăm sóc móng
"[HÀNG CHÍNH HÃNG] Dầu, Oil dưỡng viền móng tay cao cấp Vinimay 20ml chiết xuất trái cây dụng cụ móng tay - Nails Red",32000,14 Đã bán,1,Chăm sóc móng
Tinh Chất Nấm Móng GERMAN REMOVAL PARONYCHIA OIL - Serum GERMAN Kháng Khuẩn Phục Hồi Móng - Bảo Vệ Móng Loại Bỏ Nấm Móng,125000,28 Đã bán,12,Chăm sóc móng
"Dưỡng móng tay chân độc quyền thiên di dưỡng cứng móng giúp móng nhanh dài, khoẻ, bóng, hồng tự nhiên",15000,36 Đã bán,6,Chăm sóc móng
"Miếng tẩy sơn móng(aceton) Nail Polish Remover Sheet an toàn, tiện dụng, 50pcs",35000,37 Đã bán,8,Chăm sóc móng
Bộ Kéo Cắt Móng Tay 6 Món Cho Nam Và Nữ Thép Không Gỉ Cao Cấp Dụng Cụ Làm Móng Tay Di Động Làm Đẹp Bấm Chăm Sóc Ngón Tay Và Ngón Chân,45750,284 Đã bán,72,Chăm sóc móng
[HCM]Nước Sơn Dưỡng Móng Eveline 8in1 - Nga,154835,610 Đã bán,120,Chăm sóc móng
Kem dưỡng da tay và móng tay Vaseline Intensive Care 85g,70000,196 Đã bán,59,Chăm sóc móng
"Nam châm mắt mèo, nam châm hai đầu hơ mắt mèo, nam châm chuyên nghiệp dụng cụ tạo hình gel mắt mèo kim cương",6980,1.2K Đã bán,297,Chăm sóc móng
Bộ Chăm Sóc Cá Nhân 4 Sản Phẩm Thép Không Gỉ Cao Cấp KỀM NGHĨA MD.33,399000,535 Đã bán,118,Chăm sóc móng
Dũa móng tay 2 mặt,2625,49 Đã bán,9,Chăm sóc móng
Kềm Cắt Móng Tay / Chân Bằng Thép Không Gỉ Nhỏ Tiện Dụng,10000,107 Đã bán,21,Chăm sóc móng
"Gel trong QS siêu đặc Gel vẽ nổi chà tráng gương , đính cham đá móng đa năng hũ to 30ml cực HOT",35618,,0,Chăm sóc móng
Bấm Móng Tay Chân Thép Không Gỉ KỀM NGHĨA B.904 - Lưỡi Cong (Loại Nhỏ),58000,30 Đã bán,10,Chăm sóc móng
Gel Định Hình Gắn Móng Up Nặn Tạo Hình Nổi Siêu Chắc Hiệu HUAXI 10ml 30ml,49000,188 Đã bán,45,Chăm sóc móng
Kềm bấm móng tay móng chân inox kt :6x1.1cm,7400,,0,Chăm sóc móng
Nước sáng đá nail Debonder - tháo đá tháo móng nail chai 10ml,17077,15 Đã bán,2,Chăm sóc móng
Bấm Móng Tay Sửa Móng Gia Đình  Đen Tuyền - Thép Siêu Cứng - HoàngGiaDụng,6900,,0,Chăm sóc móng
"Bấm Móng Tay Cho Bé Sơ Sinh Họa Tiết Đáng Yêu, Thiết Kế Nhỏ Gọn, An Toàn Cho Bé, Tiết Kiệm Thời Gian Cho Mẹ",24750,23 Đã bán,5,Chăm sóc móng
Kềm cắt da tay Inox không gỉ cao cấp AAA IL-01 dụng cụ làm móng tay chuyên nghiệp nghệ thuật nail,120000,7 Đã bán,2,Chăm sóc móng
Combo 3 miếng bông tẩm cồn lau móng,1999,426 Đã bán,40,Chăm sóc móng
"Serum Phục Hồi Nấm Móng, Móng Hư Thối Tổn Thương Và Biến Dạng Giúp Móng Chắc Khỏe Trắng Hồng",135000,127 Đã bán,86,Chăm sóc móng
"Đầu mài chân móng úp , mài gầm móng, khoé da , khoé ɡel , bột đa năng chuẩn thép titan mỹ không nóng rát phạm da TU NAIL",69189,49 Đã bán,1,Chăm sóc móng
"Sơn dưỡng móng tay / sơn dưỡng phẳng móng và dưỡng trắng hồng móng giúp móng chắc khoẻ Quyên , chai 15ml",70000,47 Đã bán,11,Chăm sóc móng
VTTO 2 Dụng Cụ Sửa Móng Chân Mọc Ngược Bằng Gel Cái/cặp Dụng Cụ Bảo Vệ Chăm Sóc Chữa Bệnh Móng Chân Cái Dụng Cụ Chăm Sóc Móng Chân Điều Trị Viêm Móng Chân,23760,8 Đã bán,11,Chăm sóc móng
(JelloJello - Milk oil) Dung dịch làm mềm da tay cao cấp Hàn quốc Jello Jello chính hãng Milk Cuticle Remover 10ml Giúp loại bỏ lớp da chai sần một cách dễ dàng,245000,5 Đã bán,3,Chăm sóc móng
Dũa Móng Tay Giấy Vỉ Nhựa Cao Cấp Kềm Nghĩa Dg.402A 6pcs,29000,7 Đã bán,2,Chăm sóc móng
Dụng Cụ Cắt Móng Tay Bằng Thép Không Rỉ Có Thể Gấp Gọn Tiện Dụng,69000,,0,Chăm sóc móng
Kềm inox D01 VIA SECRET mũi 16 bao sắc bén,115000,58 Đã bán,4,Chăm sóc móng
Tinh Chất Dưỡng Móng NAIL REPAIR Loại Bỏ Vi Khuẩn Nấm Móng Giúp Móng Dày Và Chắc Khỏe Hơn Duy Trì Độ Bóng Cải Thiện Màu Móng,49000,87 Đã bán,19,Chăm sóc móng
Đầu cốt mài nhám chà gót chân và mài móng,39750,,0,Chăm sóc móng
Nước rửa móng ủ phá ɡel siêu nhạy mùi dễ chịu - Dung dịch ủ phá ɡel - axiton Quyên chuyên dụng CHÍNH HÃNG chai 500ml TU NAIL,28965,,0,Chăm sóc móng
"Đầu mài sứ dũa phá móng, phá gel xịn chuyên nghiệp - Đầu mài Ceramicmài phá, mài mịn, mài khoé",17299,558 Đã bán,112,Chăm sóc móng
1 Bộ 10 Cây Dũa/Giũa  Móng Tay Dành Cho Mọi Lứa Tuổi,20000,109 Đã bán,29,Chăm sóc móng
10Ml Hot Chống-Móng Tay Rãnh An Toàn Hữu Ích Chống Paronychia Relief Dầu Móng Tay Tăng Trưởng Chăm Sóc Móng Tay Dầu Sửa Chữa chăm sóc móng chân Dầu,33000,67 Đã bán,15,Chăm sóc móng
3 Tinh dầu RtopR chiết xuất gừng chống nấm nuôi dưỡng da móng chân,132600,208 Đã bán,39,Chăm sóc móng
"Keo 401 chuyên gắn móng, đính đá đá siêu chắc",23000,181 Đã bán,18,Chăm sóc móng
Combo 3 Sữa Rửa Mặt Làm Sạch Da Dịu Nhẹ Senana 60g Tặng Ngay 1 Gel Tẩy Tế Bào Chết Lô Hội Lencolor 100g,20000,23 Đã bán,7,Sữa rửa mặt
"(MUA 3 TẶNG 2). Sữa Rửa Mặt Amiano Acid Giúp Sáng Da Tẩy Tế Bào Chết, Dưỡng Ẩm Làm Sạch Bụi Bẩn Tặng Ngay 2 tẩy da chết Ginbi",26250,,1,Sữa rửa mặt
"(Siêu Hot) Sữa Rửa Mặt Ý Dĩ Hatomugi Bản Nội Địa 170g khử mụn, mờ thâm , trắng da , se khít chân lông",31000,388 Đã bán,67,Sữa rửa mặt
SỮA RỬA MẶT HOBE BAR LÀM SẠCH SÂU HỖ TRỢ SÁNG MỊN DA,39000,312 Đã bán,58,Sữa rửa mặt
"Sữa Rửa Mặt CERAVE 236ml Dành Cho Da Khô , Da Dầu, Da Nhạy Cảm  - mp chợ lớn",55000,184 Đã bán,41,Sữa rửa mặt
Sữa rửa mặt senana hỗ trợ làm trắng giảm mụn kiểm soát dầu nhờn,15000,42 Đã bán,13,Sữa rửa mặt
Sữa rửa mặt nivea MEN 100g,57230,2.1K Đã bán,504,Sữa rửa mặt
Sữa Rửa Mặt Amino Acid HOBEBAR 50ml Dịu Nhẹ Dưỡng Ẩm,45000,134 Đã bán,26,Sữa rửa mặt
"Sữa rửa mặt trắng da cho nam Nicor dưỡng ẩm kiểm soát dầu, Sửa rửa mặt cho nam làm sạch sâu bụi bẩn cho da luôn căng mịn - BUM STORE",28000,581 Đã bán,143,Sữa rửa mặt
"Sữa rửa mặt cho nam Oxy dưỡng sáng da từ đất sét trắng, dạng kem Oxy White Complete 100g",65000,6.1K Đã bán,511,Sữa rửa mặt
[HCM]Sữa Rửa Mặt Dành Cho Nam Ngừa Mụn Sạch Nhờn Than Hoạt Tính Dabo Black Force 120ml,112000,10.0K Đã bán,1989,Sữa rửa mặt
"sữa rửa mặt cho nam da dầu mụn Nicor 150g sữa rửa mặt trắng da cho nam,Sữa rửa mặt 150g Kiểm soát dầu giữ ẩm Men làm sạch sâu lỗ chân lông, Ngừa Mụn, Làm Trắng Da, Nhẹ nhàng và không gây kích ứng",60778,47 Đã bán,16,Sữa rửa mặt
Sữa rửa mặt Hazeline sáng da từ thiên nhiên 100g đủ màu mẫu mới,40000,1.1K Đã bán,233,Sữa rửa mặt
( Mau moi)Sữa Rửa Mặt Senka Nhật CHÍNH HÃNG Dưỡng Trắng Da Ngừa Mụn Collagen Ngừa Lão Hóa Sửa Rửa Mặt Srm Senka Chăm Sóc Da Dezy,47795,1.3K Đã bán,252,Sữa rửa mặt
"CHÍNH HÃNG Sữa Rửa Mặt MEN Cho Nam Làm Sạch Sâu,Loại Bỏ Dầu Nhờn Và Làm Trắng Mịn CHo Da Vào Ban Ngày Đồng Thời Xóa Mụn,Kiểm Soát Lỗ Chân Lông,Sữa Rửa Mặt Axit Amin Tạo Bọt Chống Mụn Toàn Diện Cho Nam Làm Trắng Sáng Da 150g",65249,190 Đã bán,53,Sữa rửa mặt
"Gel rửa mặt ngừa mụn, thanh lọc da Canova Salipil Detergente - Purifying Cleansing Gel 150ml",304500,75 Đã bán,31,Sữa rửa mặt
Sữa rửa mặt Clean & Clear loại bỏ bụi bẩn và bã nhờn tuýp 100g,58000,125 Đã bán,31,Sữa rửa mặt
SỮA RỬA MẶT CLINEVA DERMA-CLEANSER 200ML,160000,52 Đã bán,3,Sữa rửa mặt
"3 tuýp Sữa rửa mặt Sạch Bã Nhờn, Ngừa Khuẩn Mụn Oxy Perfect Wash, sạch khuẩn kểm soát nhờn Oxy Total Anti Acne 25g",39000,207 Đã bán,52,Sữa rửa mặt
Sữa rửa mặt nam RHYS MAN hương dừa thơm mát Rhys Coconut Fresh 100ml [CHÍNH HÃNG],117810,5 Đã bán,1,Sữa rửa mặt
"Sữa Rửa Mặt Cosrx Low Ph Good Morning Gel Cleanser Dịu Nhẹ, Ngăn Ngừa Mụn 150ml",68730,95 Đã bán,23,Sữa rửa mặt
"Sữa Rửa Mặt Trà Xanh Rau Má Sica White 100Ml, Ngăn Ngừa Và Hỗ Trợ Da Dầu Mụn - SICA WHITE",70000,78 Đã bán,21,Sữa rửa mặt
Sữa rửa mặt Men's Bioré Deep Action mát lạnh sảng khoái 100g,57000,191 Đã bán,57,Sữa rửa mặt
"Sữa Rửa Mặt Dành Cho Nam Giới MEN'S Kiểm Soát Dầu, Giữ Ẩm, Làm Sạch Sâu Lỗ Chân Lông, Ngừa Mụn, Trắng Da",39680,199 Đã bán,54,Sữa rửa mặt
Sữa Rửa Mặt Than Hoạt Tính DABO Charcoal Cleansing Foam 150ml THIÊN ANH COSMETIC,69000,82 Đã bán,24,Sữa rửa mặt
Sữa Rửa Mặt Dưỡng Ẩm E100 Tinh Chất Nha Đam 100G,35000,6 Đã bán,0,Sữa rửa mặt
"Sữa Rửa Mặt Dành Cho Nam Giới MEN'S Kiểm Soát Dầu, Giữ Ẩm, Làm Sạch Sâu Lỗ Chân Lông, Ngừa Mụn, Trắng Da,Làm Trắng Da, Dưỡng Ẩm, Thành phần tự nhiên,designed for men 100g  ﻿",83520,15 Đã bán,2,Sữa rửa mặt
[MẪU MỚI]Sữa rửa mặt dạng gel Dermalogica Special Cleansing Gel 500ml,1260000,8 Đã bán,2,Sữa rửa mặt
"Sữa rửa mặt làm trắng da và tàn nhang Aofuxue Sữa rửa mặt làm sạch nhẹ nhàng và không căng, kiểm soát dầu và làm sáng amide chính hãng",35000,21 Đã bán,2,Sữa rửa mặt
[HCM]Sữa Rửa Mặt Dành Cho Nam Than Hoạt Tính Kháng Khuẩn Sạch Nhờn Ngăn Ngừa Mụn Dabo Black Force 120ml,112000,1.2K Đã bán,240,Sữa rửa mặt
Sữa rửa mặt sạch sâu dành cho Nam 300ml- trắng da sạch mụn kiểm soát dầu và làm sạch sâu,63144,33 Đã bán,25,Sữa rửa mặt
"【Chính Hãng】Sữa rửa mặt giảm mụn Panoxyl 10% Benzoyl Peroxide,Nhẹ Nhàng,Dùng được cho cả mặt vàbody",109000,13 Đã bán,5,Sữa rửa mặt
Sữa Rửa Mặt Men's Sạch Sâu Kiềm Dầu Dưỡng Ẩm Trắng Da Loại Bỏ Mụn Và Thâm Nám Sạm Se Khít Lỗ Chân Lông,30450,47 Đã bán,20,Sữa rửa mặt
SỮA RỬA MẶT TRẮNG DA HATOMUGI NHẬT BẢN (TUÝP 170GR) - thienduc,38000,561 Đã bán,101,Sữa rửa mặt
"Sữa Rửa Mặt SENANA Làm Trắng Da, Lấy Sạch Bụi Bẩn Ngừa , Kiểm Soát Dầu, Dưỡng Ẩm Lấy Sạch Bụi Bẩn",25000,12 Đã bán,2,Sữa rửa mặt
Sữa rửa mặt than hoạt tính GATSBY Facial Wash Strong Clear Foam sạch dầu & giảm nhờn 130g,66763,240 Đã bán,56,Sữa rửa mặt
Sữa Rửa Mặt Xmen 100g - Detox Khỏe Da. Ngừa Mụn Hiệu Quả,66000,4.9K Đã bán,1098,Sữa rửa mặt
047  Sữa Rửa Mặt Senana Lấy Sạch Bụi Bẩn Giúp Da Trắng Sáng-Y3-K6T3,19000,14 Đã bán,0,Sữa rửa mặt
"Sữa Rửa Mặt Dạng Bùn Trắng Da Giảm Mụn NICOR 100g Thu nhỏ lỗ chân lông, Kiềm soát dầu A28",26100,772 Đã bán,166,Sữa rửa mặt
Sữa rửa mặt giảm nám và chống tàn nhang thảo dược BAIZTON da trắng sáng và dưỡng ẩm - Hiệu quả chỉ 28 ngày sử dụng (HOT),27600,26.9K Đã bán,4450,Sữa rửa mặt
Sữa rửa mặt Hazeline Chiết Xuất Thiên Nhiên 100g đủ màu,43000,72 Đã bán,10,Sữa rửa mặt
Sữa rửa mặt 3W Clinic Hàn Quốc,26235,238 Đã bán,34,Sữa rửa mặt
Sữa rửa mặt Nam trắng da sạch mụn NICOR 150g kiểm soát dầu và làm sạch sâu,42800,4.9K Đã bán,1064,Sữa rửa mặt
"Sữa Rửa Mặt Mụn Đầu Đen Se Khít Lỗ Chân Lông, Sữa Rửa Mặt Sạch Sâu Ngừa Mụn Sáng Da Hiệu Quả Tuýp 100g",11100,56 Đã bán,4,Sữa rửa mặt
POND'S Sữa Rửa Mặt Sáng Hồng Rạng Rỡ Pond'S Bright Beauty Serum Facial Foam,15000,204 Đã bán,43,Sữa rửa mặt
Sữa rửa mặt POND’S White beauty trắng hồng rặng rở 100g,60000,193 Đã bán,56,Sữa rửa mặt
"Sửa Rửa Mặt Sáng Da Ngừa Mụn Làm Sạch Sâu Giúp Da Mềm Mại, Sữa Rửa Mặt Tạo Bọt Hút Sạch Bã Nhờn Sạch Da 100g",11100,74 Đã bán,10,Sữa rửa mặt
Sữa Rửa Mặt Simple Refreshing Facial Wash Dành Cho Mọi Loại Da 150ml Hàng Nhập Mỹ,79000,43 Đã bán,11,Sữa rửa mặt
Sữa Rửa Mặt AOFSE Đen Làm Sạch Bụi Bẩn Giữ Ẩm Làm Sạch Sâu Mờ Tàng Nhan Cho Làn Da Trắng Sáng 100ml,19000,20 Đã bán,1,Sữa rửa mặt
Sữa Rửa Mặt PONDS LỚN CÁC MÀU,40000,9 Đã bán,0,Sữa rửa mặt
[ MUA 1 TẶNG 1] Sữa rửa mặt dưỡng ẩm tối ưu Hada Labo Advanced Nourish Cleanser 80g,69000,28.6K Đã bán,4908,Sữa rửa mặt
Sữa rửa mặt trà xanh Innisfree Chính hãng,43000,,0,Sữa rửa mặt
Sữa Rửa Mặt Nghệ Nhân Sâm MELA Cho Da Dầu Mụn Sáng Da Tẩy Tế Bào Chết 200m  - Steering Cosmetics,78000,22 Đã bán,6,Sữa rửa mặt
Sửa rửa mặt trắng sáng da Kiềm dầu Senana 60gr hàng nội địa Trung,14700,41 Đã bán,9,Sữa rửa mặt
"Sữa rửa mặt 3W Clinic Hàn Quốc mẫu mới nhiều loại Trà Xanh, Collagen, Hoa Hồng, Than Hoạt Tính, Gạo 100ml - DIYO Beauty",27512,12.3K Đã bán,1476,Sữa rửa mặt
"Sữa Rửa Mặt CERAVE 236ml Dành Cho Da Khô , Da Dầu, Da Yếu Nhạy Cảm , Dịu Nhẹ , Cần Bằng Độ PH",62000,92 Đã bán,21,Sữa rửa mặt
Sữa Rửa Mặt Cho Nam Nivea Men Làm Sáng Da 100g Men Extra White Deep Clean Foam,70000,234 Đã bán,38,Sữa rửa mặt
(Mua 1 tặng 1) Combo 2 tuyp Sữa Rửa Mặt Làm Sáng Da HOBEBAR Facial Cleansers Skincare Amino acid,59000,5 Đã bán,2,Sữa rửa mặt
Sữa Rửa Mặt Bioré Thanh Lọc Da - Sạch Nhờn 100g ( bioré hồng ),38610,55 Đã bán,10,Sữa rửa mặt
Sữa rửa mặt 3W Clinic Hàn Quốc 5 loại,29500,2.3K Đã bán,212,Sữa rửa mặt
2026 Sữa Rửa Mặt 6 loại thảo mộc Mediimix Ayurveda 150ml🌿🍂🍃,29000,5 Đã bán,0,Sữa rửa mặt
Sữa rửa mặt Ylee 100ml dùng cho da mụn và da nhạy cảm,130000,43 Đã bán,16,Sữa rửa mặt
"Combo 3 Tuýp Sữa Rửa Mặt Senana Amino sợi tơ, Dung Tích 60gr ,Giúp Làm Sạch Sâu Da Mặt Sáng da, Tặng 1 chai Tẩy Da Chết + Mặt nạ dưỡng da + Miếng rửa mặt silicon",49999,7 Đã bán,2,Sữa rửa mặt
[Blossom] SỮA RỬA MẶT NO PROBLEM COMPLIMENT 200ML,63000,4.4K Đã bán,638,Sữa rửa mặt
Kem Rửa Mặt Oxy Có Hạt Sạch Sâu 100g Deep Wash Scrub Formula MÀU ĐEN,69000,175 Đã bán,39,Sữa rửa mặt
"[COMBO 2 TUÝP] Sữa Rửa Mặt Trà Xanh Innisfree Green Tea Foam Cleanser 150ml Hàn Quốc Giúp Làm Sạch, Kiểm Soát Nhờn",29000,19 Đã bán,5,Sữa rửa mặt
Sữa Rửa Mặt Tía Tô Tony Detox 120ml - mp chợ lớn,38000,103 Đã bán,13,Sữa rửa mặt
"(Bán Chạy) (Bán Chạy) Sữa Rửa Mặt Ý Dĩ Hatomugi Bản Nội Địa 170g ấy đi các chất bả nhờn, làm sạch mọi bụi bẩn và giảm sưng tấy cho da có mụn trứng cá",31000,19 Đã bán,2,Sữa rửa mặt
"[ như hình ] Sữa Rửa Mặt Hazeline Nghệ Hoa Cúc 100ml - làm sạch nhờn, giúp trắng da",55440,12 Đã bán,4,Sữa rửa mặt
Sữa rửa mặt 300ml sữa rửa mặt dành cho nam giúp làm sạch sâu kiểm soát nhờn,63275,76 Đã bán,54,Sữa rửa mặt
Sữa rửa mặt kích trắng Alpha Arbutine collagen foaming thái lan - cholonsacdep,28710,117 Đã bán,27,Sữa rửa mặt
"Sữa Rửa Mặt Lựu YaSamaya RCAMAR Làm Sạch Sáng Da, Detox Thải Độc AHA-Hyaluronic 150ml Chính Hãng Nga",66500,5 Đã bán,3,Sữa rửa mặt
"Sữa Rửa Mặt CELLBIO 100ml – Làm Sạch Nám, Mờ Thâm, Dưỡng Trắng Da – Chai Lớn Tiết Kiệm, Dịu Nhẹ Cho Mọi Loại Da",109000,16 Đã bán,5,Sữa rửa mặt
Sữa rửa mặt Xuerouyar làm trắng nhật ký có sẵn 100g Sữa rửa mặt làm sạch da mặt,25000,44 Đã bán,7,Sữa rửa mặt
"(Free Ship) Sữa Rửa Mặt Pond's Thái Lan 100ml Đỏ - Hồng - Đen , Trắng mịn da , Khử Mụn Thâm , Sạch sâu , Chống lão hóa",72000,23 Đã bán,7,Sữa rửa mặt
"(S-Xù) (Combo 5 Tuýp) Sữa Rửa Mặt SENANA 60g Trắng mịn da , khử thâm , chống lão hóa",24000,11 Đã bán,1,Sữa rửa mặt
"(Mẩu Mới) Sữa Rửa Mặt Tạo Bọt SENKA Perfect Whip Nhật Bản 120g 4 Màu, Trắng Sáng Da , Khử Mụn , Mờ Nám , Cấp Ẩm , Đàn Hồi Da",40000,560 Đã bán,90,Sữa rửa mặt
Sữa Rửa Mặt Làm Trắng Da Ngừa Mụn Senana 60g Trẻ Hóa Kiểm Soát Dầu Dưỡng Ẩm Lấy Sạch Bụi Bẩn,75100,30.6K Đã bán,4943,Sữa rửa mặt
"Sữa Rửa Mặt Sáng Da Sạch Mụn Loại Bỏ Bụi Bẩn Bã Nhờn, Sửa Rửa Mặt Dưỡng Ẩm Da Chống Lão Hoá",11110,44 Đã bán,5,Sữa rửa mặt
Sữa Rửa Mặt Hazeline Nghệ Hoa Cúc / Tràm Trà Rau Má | Yến Mạch Dâu Tằm,15000,83 Đã bán,13,Sữa rửa mặt
Sữa Rửa Mặt Nicor 120ml Tạo Bọt Dưỡng Ẩm Cho Nam Nữ Kèm Đầu Massage Silicon Rửa Sạch Sảng Khoái,33800,490 Đã bán,133,Sữa rửa mặt
Sữa rửa  mặt  cám gạo,27000,,0,Sữa rửa mặt
"Sữa rửa mặt trắng da150g Sữa rửa mặt tạo bọt làm sạch sâu, dưỡng ẩm và dưỡng ẩm Làm sáng dưỡn",38000,51 Đã bán,15,Sữa rửa mặt
Sữa rửa mặt cám gạo thái lan - mp chợ lớn,38000,89 Đã bán,28,Sữa rửa mặt
"(Mini 50ml) sữa rửa mặt Simple giúp da sạch thoáng, trong khỏe và mịn màng",25000,31 Đã bán,7,Sữa rửa mặt
Sữa rửa mặt ngừa mụ.n Compliment No Problem 200g (4 màu)đc,75000,63 Đã bán,16,Sữa rửa mặt
HOÀN TIỀN 15% - Sữa Rửa Mặt Nghệ Nhân Sâm ME LA Cho Da Dầu Mụn Sáng Da Tẩy Tế Bào Chết 200ml,112101,1.1K Đã bán,208,Sữa rửa mặt
(combo 2 tuýp x 50g) Sữa Rửa Mặt NIVEA MEN Acne Oil Clear Bùn Khoáng Ngừa Mụn,44000,23 Đã bán,4,Sữa rửa mặt
Sữa Rửa Mặt Simple Dưỡng Ẩm Cho Da Khỏe Và Mịn Màng 150ml ( trắng ),84150,8 Đã bán,3,Sữa rửa mặt
[ nội địa Thái ] Sữa Rửa Mặt Sạch Sâu Ngừa Mụn Ponds Bright Miracle ACNE 90g Mẫu Mới,74250,9 Đã bán,1,Sữa rửa mặt
"Sữa rửa mặt nam , nam sữa rửa mặt cao cấp, sạch nhờn, hết mụn, trắng da, giảm thâm,mụn đầu đen 100g",55741,169 Đã bán,95,Sữa rửa mặt
Sữa rửa mặt bò Lyolan 120g,21000,292 Đã bán,19,Sữa rửa mặt
Sữa Rửa Mặt Cho Nam Nivea Men Sáng Da Và Kiểm Soát Nhờn 100g Extra White Oil Control Mud Foam,70000,646 Đã bán,110,Sữa rửa mặt
Sữa rửa mặt Simple lành tính sạch thoáng - cho da nhạy cảm 150ml [CHÍNH HÃNG ĐỘC QUYỀN] [DIỆN MẠO MỚI],89000,,0,Sữa rửa mặt
SeasTina Sữa rửa mặt Gel tẩy tế bào chết thảo dược làm sạch da mặt Kem gel,16000,126 Đã bán,20,Sữa rửa mặt
Sữa rửa mặt Senka Perfect Whip 50g cho 1 làn da không tỳ vết - Mẫu mới,24750,223 Đã bán,38,Sữa rửa mặt
"Sữa rửa mặt Biore (Sáng mịn&dưỡng ẩm, sạch mụn&kháng khuẩn, sạch nhờn&lỗ chân lông nhỏ mịn) 50g,100g",35000,,1,Sữa rửa mặt
"Sữa Rửa Mặt AOFUXE - AOFUXE Chăm Sóc Da Toàn Diện, Dưỡng Trắng, Làm Mờ Nám Tàn Nhang, Làn Da Trắng Mịn",119000,57 Đã bán,17,Sữa rửa mặt
"Sữa rửa mặt 300ml Kiểm soát dầu giữ ẩm Men làm sạch sâu lỗ chân lông, Ngừa Mụn, Làm Trắng Da",64040,84 Đã bán,65,Sữa rửa mặt
Sữa Rửa Mặt NACO 180ml,27000,220 Đã bán,18,Sữa rửa mặt
Sửa rửa mặt Gạo Gold Bee,42000,3.0K Đã bán,13,Sữa rửa mặt
Sữa Rửa Mặt Gạo Civic Rice milk Thái Lan 180ml,45000,30 Đã bán,8,Sữa rửa mặt
"[CHÍNH HÃNG] Sữa rửa mặt Red Ginseng, giúp sạch nhờn và làm sạch da mặt, mỹ phẩm Ginseng.",79200,79 Đã bán,17,Sữa rửa mặt
Sữa rửa mặt Nghệ Misswhite,40000,631 Đã bán,73,Sữa rửa mặt
Sữa Rửa Mặt Hazeline Dưỡng Ẩm Sáng 50g,25000,288 Đã bán,50,Sữa rửa mặt
Sữa rửa mặt Nghệ Collagen X3 Đông Anh,55000,3.1K Đã bán,541,Sữa rửa mặt
"[Quà tặng] Sữa Rửa Mặt Làm Trắng Da, Ngừa Mụn IMAGES làm sạch sâu kiểm soát nhờn dưỡng ẩm trắng da giúp da sáng căng mướt sáng mịn",15200,293 Đã bán,60,Sữa rửa mặt
Sữa rửa mặt Biona Nghệ trắng da ngăn ngừa mụn tuýp 50g,28000,111 Đã bán,9,Sữa rửa mặt
"Sữa rửa mặt gạo Thái Lan Civic Rice Milk làm sạch bã nhờn, giảm mụn mờ thâm trắng sáng da",29000,13 Đã bán,2,Sữa rửa mặt
SỮA RỬA MẶT NAM _ NIVEA MEN TINH THẾ BAC,59900,5 Đã bán,2,Sữa rửa mặt
Sữa Rửa Mặt HAZELINE Giúp Giảm Mụn Nghệ Hoa Cúc (Tuýp 100g),43200,11 Đã bán,1,Sữa rửa mặt
2 tuýp Sữa rửa mặt gạo Civic Rice Milk 180ml- Nhập khẩu Thailand,79000,301 Đã bán,91,Sữa rửa mặt
"Sữa Rửa Mặt Tía Tô Kết Hợp Nano Bạc, Cúc La Mã Hỗ Trợ Giảm Thâm Nám, Tàn Nhang, Làm Sáng Da ,Dưỡng Ẩm Và Làm Sạch Sâu Cho Da, 100ml- Dược Phẩm MT",59000,92 Đã bán,39,Sữa rửa mặt
Sữa rửa mặt hạt mơ Beaumore 120g - 8936075240206,70000,116 Đã bán,14,Sữa rửa mặt
Sữa rửa mặt nivea MEN sáng da sạch sâu 100g,60000,164 Đã bán,57,Sữa rửa mặt
Sữa rửa mặt Pond's 100g Mọi loại da,50000,,0,Sữa rửa mặt
Sữa rửa mặt cáp nước dưỡng trắng Hyaluronic Acid Image 60g,10900,25 Đã bán,4,Sữa rửa mặt
"Sữa Rửa Mặt Làm Trắng Da, Ngừa Mụn Senana 60g Trẻ Hóa, Kiểm Soát Dầu, Dưỡng Ẩm Lấy Sạch Bụi Bẩn",15211,16 Đã bán,4,Sữa rửa mặt
"Combo 3 Sữa Rửa Mặt Làm Trắng Da, Ngừa Mụn SenanaAminoAcid Giúp Trẻ Hóa, Kiểm Soát Dầu, Dưỡng Ẩm Lấy Sạch Bụi Bẩn 60g",59000,232 Đã bán,122,Sữa rửa mặt
Sữa rửa mặt Bioré 100g,42000,1.4K Đã bán,323,Sữa rửa mặt
"Sữa Rửa Mặt Bò Sữa Dưa Leo Lyolan 120g, Sữa Rửa Mặt Cao Cấp Cho Tiệm Tóc Salon Spa Baber Shop Dlabora",19000,,0,Sữa rửa mặt
Sữa rửa mặt tẩy tế bào chết St Ives trà xanh,98999,61 Đã bán,19,Sữa rửa mặt
Sữa rửa mặt Nghệ Collagen X3 Đông Anh - Chính hãng,52400,1.1K Đã bán,210,Sữa rửa mặt
"Sữa rửa mặt dưỡng trắng, sữa rửa mặt AOFSE sáng da chống nám tàn nhang giúp da trắng mịn 120g",24500,62 Đã bán,8,Sữa rửa mặt
Sữa Rửa Mặt Ý Dĩ Naturie Hatomugi the facial foam 170g Nhật Bản  Moisturizing & facial washing Cosin Store,57000,3.1K Đã bán,740,Sữa rửa mặt
[Chính hãng] Sữa rửa mặt nghệ mật ong Collagen X3 Mỹ Phẩm Đông Anh,55000,86 Đã bán,18,Sữa rửa mặt
[15g] Combo 8 Tuýp Sữa rửa mặt làm sáng da Pon d's căng mướt ( Hàng Mẫu thử Mini ),40000,19 Đã bán,1,Sữa rửa mặt
Sữa rửa mặt Hazeline Chiết Xuất Thiên Nhiên 100g tặng kèm như hình,55000,28 Đã bán,12,Sữa rửa mặt
"Sữa rửa mặt ngừa mụn, giảm nhờn, se khít lỗ chân lông 90ml Hương Thảo Mộc - Mỹ phẩm Mộc Lan",29200,1.7K Đã bán,374,Sữa rửa mặt
"(Free Ship) Sữa Rửa Mặt Simple Dạng Gel Kind To Skin Refreshing Facial Tuýp 150ml Sử dụng hằng ngày, thích hợp với mọi loại da bởi có thành phần lành tính",57000,11 Đã bán,2,Sữa rửa mặt
"Sữa rửa mặt sáng da, ngừa mụn Vedette tinh dầu tràm trà (Tea Tree Oil) 100ml",114600,2.8K Đã bán,631,Sữa rửa mặt
Sữa rửa mặt tạo bọt cao cấp siêu chăm sóc da nhập khẩu mọi loại da  ngừa mụn cấp ẩm ( chiết xuất từ rau má 450ml),42030,16 Đã bán,10,Sữa rửa mặt
[TRỢ GIÁ 8%] Sữa Rửa Mặt Tạo Bọt Tơ Tằm Dưỡng Ẩm Làm Sạch Sâu Cho Da Không Gây Khô Da Cỏ Mềm 150ml,95000,7.8K Đã bán,2209,Sữa rửa mặt
Pass Sữa Rửa Mặt,25000,,0,Sữa rửa mặt
"[ nội địa Thái ] Sữa Rửa Mặt Ngừa Mụn, Bảo Vệ Da PONDS ACNE THYMO - BHA 90g",68310,29 Đã bán,3,Sữa rửa mặt
"Sữa rửa mặt 150g Kiểm soát dầu giữ ẩm Men làm sạch sâu lỗ chân lông, Ngừa Mụn, Làm Trắng Da, Nhẹ nhàng và không gây kích ứng",69600,44 Đã bán,14,Sữa rửa mặt
Sữa Rửa Mặt Giúp Sáng Da E100 100g,44000,814 Đã bán,170,Sữa rửa mặt
"Sữa Rửa Mặt Seefair Làm Sạch Sâu, Hỗ Trợ Loại Bỏ Bã Nhờn, Giúp Giảm Mụn, Cân Bằng Độ Ẩm, Làm Sáng Da Và Hỗ Trợ Giảm Thâm Nám Hiệu Quả",139000,14 Đã bán,3,Sữa rửa mặt
Sữa rửa mặt Innisfree trà xanh mẫu mới nhất,26000,,0,Sữa rửa mặt
Sữa rửa mặt trắng da ngừa mụn nội địa Nhật Bản Hatomugi hạt ý dĩ 130G chính hãng - Sửa rửa mặt ngăn ngừa mụn  Hatomugi - srm Ý Dĩ - Sunlady shop,54000,8.8K Đã bán,2031,Sữa rửa mặt
Sữa Rửa Mặt Trắng Da Alpha Arbutin 3 Plus Collagen Foaming Cleanser 120ml Thái Lan,70000,17 Đã bán,2,Sữa rửa mặt
Sữa rửa mặt ngừa mụn trắng da giảm nhờn - Sữa rửa mặt Nano White 80ml - Mỹ phẩm Mộc Lan,25700,8.2K Đã bán,2044,Sữa rửa mặt
Sữa rửa mặt trà xanh mẫu mới - mp chợ lớn,30800,95 Đã bán,9,Sữa rửa mặt
"Sữa Rửa Mặt Teenilicious Acne Face Cleanser Giúp Giảm Mụn Đầu Đen, Mụn Đầu Trắng Dành Cho Da Mụn và Nhạy Cảm - Tuýp 60g",140000,86 Đã bán,33,Sữa rửa mặt
"Sữa Rửa Mặt AOFSE Hỗ Trợ Giảm Thâm Nám-Tàn Nhang, Giảm Tiết Bã Nhờn Remove Freckle Facial 100g",37800,18 Đã bán,3,Sữa rửa mặt
Sữa rửa mặt NIVEA nữ 100ml đủ loại,65000,259 Đã bán,54,Sữa rửa mặt
Sữa rửa mặt Rau má & Diếp cá herbario 200ml sạch mụn thuần chay,108000,5.3K Đã bán,1122,Sữa rửa mặt
Sữa rửa mặt Collagen X3 nghệ mật ong mỹ phẩm Đông Anh chính hãng trắng da ngăn ngừa mụn 100ml,75000,816 Đã bán,203,Sữa rửa mặt
Sữa rửa mặt cá tuyết L'OUG 350gram.,58000,33 Đã bán,6,Sữa rửa mặt
Sữa Rửa Mặt Bio-essence Dưỡng Da Tươi Sáng Căng Mọng 100g Bio Bird’s Nest Collagen Cleanser Hasaki Sản Phẩm Chính Hãng,149000,40 Đã bán,11,Sữa rửa mặt
"Sữa Rửa Mặt CERAVE 236ml Dành Cho Da Khô , Da Dầu, Da Nhạy Cảm , Dịu Nhẹ , Cần Bằng Độ PH",62000,67 Đã bán,13,Sữa rửa mặt
Sữa rửa mặt ngừa mụn trắng da giảm nhờn Nano White 80ml - Mỹ phẩm Mộc Lan,25900,5.9K Đã bán,1239,Sữa rửa mặt
Sữa rửa mặt nhân sâm Hàn Quốc 130ml,24000,734 Đã bán,100,Sữa rửa mặt
Sữa rửa mặt Hazeline Nghệ Hoa Cúc,29000,38 Đã bán,5,Sữa rửa mặt
(100g) Sữa rửa mặt Acnes Vitamin kiểm soát nhờn ngăn ngừa mụn 100g,55000,58 Đã bán,7,Sữa rửa mặt
Sữa Rửa Mặt ST.Ives Tẩy Tế Bào Chết 170g Của Mỹ,105000,11 Đã bán,2,Sữa rửa mặt
[Hoàn tiền 20%] Sữa Rửa Mặt Ý Dĩ Hatomugi Naturie 130g và 170g Nhật Bản - Cleasing & facial washing - Shop Hong1008,45000,2.5K Đã bán,555,Sữa rửa mặt
"Sữa Rửa Mặt Kiềm Dầu Jomtam Amino Acid 100g Làm Mịn Sạch Sâu, Sữa Rửa Mặt Dịu Nhẹ Loại Bỏ Mụn Đầu Đen Tạo Bọt Cấp Ẩm",30000,12 Đã bán,4,Sữa rửa mặt
Sữa Rửa Mặt Nam Sáng Da Giảm Mụn 160g dành cho nam giúp sáng da sạch sâu kiềm dầu giảm mụn thâm hiệu quả,35686,146 Đã bán,80,Sữa rửa mặt
Tuýp Sữa Rửa Mặt Nhân Sâm Hàn Quốc 130ml,24000,132 Đã bán,13,Sữa rửa mặt
Sữa rửa mặt Nhật Perfect,32000,152 Đã bán,32,Sữa rửa mặt
SỮA RỬA MẶT TRÀ XANH GREEN TEA 3W CLINIC HÀN QUỐC 100ML,49500,16 Đã bán,1,Sữa rửa mặt
Sữa Rửa Mặt POND'S 100g đủ loại,62000,1.8K Đã bán,365,Sữa rửa mặt
"BREYLEE  Sữa rửa mặt 100g, làm sạch nhẹ nhàng, kiểm soát dầu và ngừa mụn",75000,11 Đã bán,2,Sữa rửa mặt
SỮA RỬA MẶT NAM GIỚI ĐÁNH BAY MỤN LÀM DA TRẮNG SÁNG KIỀM DẦU 60g,34800,243 Đã bán,58,Sữa rửa mặt
"Sữa rửa mặt Vitamin E dưỡng ẩm nhẹ nhàng và sạch lỗ chân lông, dưỡng giảm nám tàng nhang Skincare",34650,,0,Sữa rửa mặt
Sữa Rửa Mặt/Kem dưỡng Sáng Hồng Rạng Rỡ Pond'S Bright Beauty Serum Facial Foam,19000,41 Đã bán,8,Sữa rửa mặt
Sữa Rửa Mặt Dưỡng Da Nhật Bản Hadalabo Srm Hada Labo Trắng Xanh Dương Xanh Lá Đỏ  80g,74000,,0,Sữa rửa mặt
"Sữa Rửa Mặt AOFSE Giảm Thâm Nám-Tàn Nhang, Làm Sạch Da, Giảm Tiết Bã Nhờn Remove Freckle Facial 100g",30100,20 Đã bán,5,Sữa rửa mặt
"Sữa Rửa Mặt Sáng Da, Giảm Mụn AMINO ACID 60g dành cho nam giúp sáng da, sạch sâu, kiềm dầu, giảm mụn thâm hiệu quả",52635,44 Đã bán,3,Sữa rửa mặt
[ nội địa thái ] Sữa Rửa Mặt Ngăn Ngừa Lão Hóa Cao Cấp PONDS Age Miracle 90g,88000,8 Đã bán,4,Sữa rửa mặt
"[MUA LÀ CÓ QUÀ] Sữa Rửa Mặt Simple Lành Tính Cho Da Nhạy Cảm, Giúp Da Sạch Thoáng 150ml Kind To Skin Refreshing Facial Wash Gel  Hasaki Sản phẩm chính hãng",109000,1.5K Đã bán,214,Sữa rửa mặt
[HCM]Gel rửa mặt kiểm soát nhờn ngăn ngừa mụn Acnes Oil Control Cleanser 100g,60000,156 Đã bán,31,Sữa rửa mặt
Sữa rửa mặt E100 nghệ ngừa mụn thâm 50g 100g,27000,557 Đã bán,65,Sữa rửa mặt
"Sữa Rửa Mặt Trắng Da XUEROUYAR - Sữa Rửa Mặt Xuerouyar Sạch Sâu, Hút Bã Nhờn, Giảm Mụn Đầu Đen, Dưỡng Sáng Da",109000,51 Đã bán,11,Sữa rửa mặt
Sữa rửa mặt trà xanh (mẫu mới),30800,151 Đã bán,32,Sữa rửa mặt
"[ chính hãng ] Sữa Rửa Mặt Trắng Da, Ngừa Mụn NGUYỄN DƯƠNG Đông Y 100ml",34650,162 Đã bán,29,Sữa rửa mặt
Sữa Rửa Mặt Trắng Da Sạch Nhờn Nivea White Oil Clear 100g,65000,15 Đã bán,4,Sữa rửa mặt
"(Free ship) (Combo 5 Tuýp) Sữa Rửa Mặt SENANA 60g Làm Trắng Da Sạch Sâu , Trắng mịn , se Khít Chân lông",24000,17 Đã bán,3,Sữa rửa mặt
[HCM]Sữa rửa mặt chống lão hóa da 3 in 1 Dabo Collagen Natural Rich Foam Cleanser ( 180ml ),115000,431 Đã bán,126,Sữa rửa mặt
Sữa rửa mặt kiểm soát nhờn ngăn ngừa mụn dạng gel Acnes Oil Control Cleanser 100g,60000,11.6K Đã bán,1858,Sữa rửa mặt
Sữa rửa mặt kích trắng Alpha Arbutine collagen foaming thái lan - cuahangthienduc,42000,117 Đã bán,18,Sữa rửa mặt
Sữa Rửa Mặt Trắng Da Kiềm Dầu Aron Thái Lan Chiết Xuất Bơ Và Sữa Gạo 210g,49000,39 Đã bán,2,Sữa rửa mặt
Sữa Rửa Mặt Làm Trắng Xóa Tàn Nhang SHIROADA 120g Dưỡng Ẩm Sâu,9999,18 Đã bán,1,Sữa rửa mặt
GEL RỬA MẶT HAZELINE NGỪA MỤN TRÀM TRÀ CICA 100G,16000,216 Đã bán,37,Sữa rửa mặt
"(S-Xù) Sữa rửa mặt A.OFSE 120g cấp ẩm, Trắng Da , Chống Lão Hóa , Khử Nám tàn Nhang",26000,15 Đã bán,5,Sữa rửa mặt
Sửa Rửa Mặt Dưỡng Trắng Xóa Nám Tàn Nhang AOFSE - Sữa AOFUXE Dưỡng Da Mặt Giúp Da Sáng Mịn AOFSE,119000,46 Đã bán,7,Sữa rửa mặt
Sữa rửa mặt Simlpe dành cho da nhạy cảm - mp chợ lớn,29000,13 Đã bán,3,Sữa rửa mặt
"Sữa rửa mặt  giảm mụn, làm sạch sâu, dưỡng trắng da, phù hợp cho mọi loại da",39000,,1,Sữa rửa mặt
Sữa rửa mặt làm sáng da Pond's Pure Bright Beauty,44000,19 Đã bán,8,Sữa rửa mặt
Sữa rửa mặt ngừa mụn giảm nhờn sáng da chiết xuất cà phê và tinh dầu Jojoba - Sữa rửa mặt Nano White 150ml - Mỹ phẩm Mộc Lan,45600,92 Đã bán,30,Sữa rửa mặt
"Kem Rửa Mặt Giúp Ngừa Mụn, sáng da, mờ thâm ƞám Acnes Creamy Wash",36750,,0,Sữa rửa mặt
Sữa Rửa Mặt Tinh Chất Sữa Bò Tươi E100 80Ml,31000,1.5K Đã bán,253,Sữa rửa mặt
（Miễn Phí Vận Chuyển Trên 50K）Sữa Rửa Mặt Làm Trắng Và Xóa Vết Nám Sữa Rửa Mặt Làm Sáng Và Kiểm Soát Dầu Nhẹ Nhàng,9000,138 Đã bán,21,Sữa rửa mặt
Sữa Rửa Mặt Simple Gel Kind To Skin Refreshing Facial Wash Gel 150ml Anh Quốc,78000,5 Đã bán,2,Sữa rửa mặt
Sữa Rửa Mặt Trắng Da Alpha Arbutin Foaming Cleanser 120ml,43400,57 Đã bán,10,Sữa rửa mặt
Sữa Rửa Mặt E100 Dưa Leo 100G | Guardian Việt Nam,33000,8 Đã bán,0,Sữa rửa mặt
Sữa rửa mặt giảm nám và chống tàn nhang thảo dược jJOMTAM da trắng sáng và dưỡng ẩm - Hiệu quả chỉ 28 ngày sử dụng (HOT) 100g,60000,755 Đã bán,210,Sữa rửa mặt
Sữa rửa mặt trà xanh Innisfree Green Tea Foam Cleanser 150ml Hàn Quốc,64000,245 Đã bán,55,Sữa rửa mặt
Sữa rửa mặt Ponds hồng sáng da 100g hai màu,60000,10 Đã bán,5,Sữa rửa mặt
"Kem Sữa  Rửa Mặt Ngừa Mụn KOZIN Chiết Xuất Than Hoạt Tính Ngừa Mụn, Cho bạn làn da sáng mịn",35100,85 Đã bán,19,Sữa rửa mặt
"Sữa Rửa Mặt Làm Sạch Sâu Axit  Ngoại Thương, Sản Phẩm Làm Sạch Dưỡng Ẩm Không Làm Căng",34104,6 Đã bán,0,Sữa rửa mặt
"Sữa Rửa Mặt Dạng Gel Compliment Giảm Mụn, Làm Sạch Da & Bụi Bẩn 200ml.",89500,,0,Sữa rửa mặt
Sữa rửa mặt ACNE - AID LIQUID CLEANSER 100ml - Cho Da Nhờn Và Mụn,165000,350 Đã bán,75,Sữa rửa mặt
Sữa rửa mặt Simple lành tính sạch thoáng - cho da nhạy cảm 150ml,55000,7 Đã bán,2,Sữa rửa mặt
"Sữa Rửa Mặt Làm Trắng Da,Loại bỏ mụn hiệu quả, làm trắng, làm sạch sâu, kiểm soát dầu, loại bỏ mụn đầu đen",52026,,0,Sữa rửa mặt
"[MUA LÀ CÓ QUÀ] Sữa Rửa Mặt Cetaphil Dịu Nhẹ Không Xà Phòng mẫu mới 1000ml, 500ml, 250ml, 125ml Hasaki Sản phẩm chính hãng",369000,109.5K Đã bán,15511,Sữa rửa mặt
Sữa rửa mặt Hiisees Amino Acid 500g dạng sữa tạo bọt dịu nhẹ sạch sâu dưỡng ẩm cho da nhạy cảm,78210,,0,Sữa rửa mặt
Sữa rửa mặt rau củ Super Vegitoks Cleanser Wonder Bath Hàn Quốc chai 300ML,175230,40 Đã bán,14,Sữa rửa mặt
Sữa Rửa Mặt Dịu Nhẹ Cetaphil Gentle Skin Cleanser Hasaki Sản phẩm chính hãng,53000,11 Đã bán,2,Sữa rửa mặt
[MẪU CŨ] SỮA RỬA MẶT TRÀ XANH 150ml,85000,,0,Sữa rửa mặt
"Sữa Rửa Mặt Nam Giảm Mụn 30Shine Dướng Trắng Da 80g - Sữa Rửa Mặt Tràm Trà Dr.FORSKIN Dành Cho Da Dầu, Da Hỗn Hợp, Da mụn",228504,1.9K Đã bán,406,Sữa rửa mặt
Sữa Rửa Mặt Cho Da Dầu Mụn Nhạy Cảm La Roche Posay Effaclar Purifying Foaming 15ml-Hàng Mini Size,16168,306 Đã bán,51,Sữa rửa mặt
"Sữa rửa mặt trắng da cho nam Nicor dưỡng ẩm kiểm soát dầu, Sửa rửa mặt cho nam làm sạch sâu bụi bẩn cho da luôn căng mịn",33000,117 Đã bán,17,Sữa rửa mặt
[VOUCHER 10K] [VB] Bộ 2 Sữa rửa mặt dưỡng trắng Hada Labo Perfect White Tranexamic Acid Cleanser 80g,153000,6.0K Đã bán,386,Sữa rửa mặt
Sữa rửa mặt ngăn ngừa mụn Acnes Creamy Wash 100g,62000,14.0K Đã bán,1582,Sữa rửa mặt
Sữa Rửa Mặt Hạt Nghệ Có Hạt Massage E100 100Gr,40000,771 Đã bán,218,Sữa rửa mặt
Sữa rửa mặt Simple lành tính sạch thoáng 150ml,85000,,0,Sữa rửa mặt
"Sữa Rửa Mặt E100 Nghệ Ngừa Mụn, Dưỡng Trắng Da 100g",44000,6 Đã bán,0,Sữa rửa mặt
Sữa rửa mặt Vitamin E 190gr (Thái Lan),42000,79 Đã bán,17,Sữa rửa mặt
"(Mẩu Mới) Sữa Rửa Mặt Pond's Đỏ Thái Lan Tuýp 100g Sạch Nhờn , Trắng Da , Chống Lão Hóa , Cấp Ẩm , Mềm Mịn Da Pond",98000,84 Đã bán,16,Sữa rửa mặt
Sữa rửa mặt Cosrx Low pH Good Morning Gel Cleanser 50ml Chiết Xuất Trà Xanh,113100,34 Đã bán,27,Sữa rửa mặt
"Sữa rửa mặt xóa mụn, dưỡng ẩm, trắng da, thu nhỏ lỗ chân lông 100ml - Cleanser Skin KARMEL (KAMEL)",304000,326 Đã bán,74,Sữa rửa mặt
[VOUCHER 10K] [VB] Bộ 2 Sữa rửa mặt dưỡng ẩm tối ưu Hada Labo Advanced Nourish Cleanser 80g,137000,3.4K Đã bán,304,Sữa rửa mặt
[HCM]SỮA RỬA MẶT NGỪA MỤN TRẮNG DA HAZELINE NGHỆ KIWI 50G!,34000,66 Đã bán,12,Sữa rửa mặt
Sữa rửa mặt BERENACO 150ml chính hãng,40000,11 Đã bán,3,Sữa rửa mặt
Sữa Rửa Mặt E100 Nghệ - Sữa Bò - Dưa Leo - Nha Đam,35000,42 Đã bán,13,Sữa rửa mặt
Sữa Rửa Mặt Nhau Thai Cuốn Rốn Cừu Nhật Bản Fengbiyi 130ml,21750,399 Đã bán,56,Sữa rửa mặt
L'Oreal - Sữa rửa mặt L'Oréal Revitalift làm sạch săn chắc da 100ml,166320,,0,Sữa rửa mặt
"[Chính Hãng soHERBs-Date 2028] Cao Mụn Khổ Qua soHERBs, Sữa Rửa Mặt soHERBs, Serum Khổ Qua soHERBs tinh chất khổ qua Cho Da Dầu Mụn , Nhạy Cảm giúp giảm Mụn Mờ Thâm , Cấp Ẩm Làm Sạch Da , Se Khít Lỗ Chân Lông, Dưỡng Nhan",85000,1.9K Đã bán,402,Sữa rửa mặt
[MUA LÀ CÓ QUÀ] Kem Rửa Mặt Hada Labo Sạch Sâu Dưỡng Ẩm 80g Hasaki Sản Phẩm Chính Hãng,69000,3.6K Đã bán,775,Sữa rửa mặt
"[MINISIZE 50ml] Sữa Rửa Mặt LA ROCHE-POSAY Effaclar Purifying Foaming Gel Tạo Bọt Dành Cho Da Dầu, Nhạy Cảm",50000,192 Đã bán,37,Sữa rửa mặt
Sữa rửa mặt trà xanh 3W Clinic Green Tea,35000,41 Đã bán,4,Sữa rửa mặt
Sữa rửa mặt St.Ives 170g Trà xanh I Cafe & Dừa I Hương Mơ I Bơ & Mật ong I Hoa Hồng tẩy tế bào chết - TD Shop,110880,2.9K Đã bán,558,Sữa rửa mặt
Sữa rửa mặt Cerave nội địa Pháp 236ml - Kisoha COSMETIC,116000,40 Đã bán,18,Sữa rửa mặt
"(Bán Chạy) Sữa Rửa Mặt Ý Dĩ Hatomugi Bản Nội Địa 170g Khử Mụn , Mờ Thâm , Trắng Mịn Da",31000,176 Đã bán,34,Sữa rửa mặt
[Hoàn tiền 20%] (100g) Sữa Rửa Mặt Da Dầu Mụn Cho Nam Ngừa Mụn Làm Trắng Da Dưỡng Ẩm Thành phần tự nhiêndesigned for men,45440,1.2K Đã bán,300,Sữa rửa mặt
Gel Rửa Mặt Isis Pharma Teen Derm Gel Face Cleanser Giảm Nhờn Ngừa Mụn Cho Da Thường - 40ml/100ml,182000,,0,Sữa rửa mặt
"Sữa Rửa Mặt Cho Da Nhờn Mụn Jomtam Amino Acid 100g Tạo Bọt Cấp Ẩm, Sữa Rửa Mặt Sạch Sâu Ngừa Mụn Đầu Đen Làm Sáng Da TIDO, TIDO",34000,57 Đã bán,8,Sữa rửa mặt
Sữa Rửa Mặt Ngừa Mụn Sáng Da Reihaku Hatomugi 130Gr,55000,658 Đã bán,231,Sữa rửa mặt
[TRỢ GIÁ 8%] Sữa Rửa Mặt Tạo Bọt Mềm Mịn Làm Sạch Sâu Rau Má Cho Da Mụn Da Dầu Nhạy Cảm Cỏ Mềm 150ml,120000,3.3K Đã bán,1019,Sữa rửa mặt
[HCM]Sữa Rửa Mặt Nghệ E100 - 100g,40000,8 Đã bán,0,Sữa rửa mặt
Sữa Rửa Mặt BIORÉ  (Tuýp 100g),50000,,0,Sữa rửa mặt
Sữa rửa mặt dạng gel La Roche-Posay,113100,1.2K Đã bán,159,Sữa rửa mặt
[Hoàn Tiền 20%] Sữa rửa mặt tạo bọt  dâu tây có đầu cọ làm sạch da ngăn ngừa mụn đầu đen làm trắng và cấp ẩm cho làn da 120g,33930,33 Đã bán,8,Sữa rửa mặt
Sữa Rửa Mặt Chiết Xuất Ý Dĩ Làm Sáng Da Reihaku Hatomugi 170Gr,57000,1.3K Đã bán,360,Sữa rửa mặt
Sữa Rửa Mặt Dịu Nhẹ Simple Refreshing Gel 50ml - Mini - Gel rửa mặt,25000,,1,Sữa rửa mặt
"Sữa Rửa Mặt Tạo Bọt Mịn Giúp Da Sạch Sâu, Cấp Ẩm Dưỡng Trắng Da, Sửa Rửa Mặt Ngăn Ngừa Mụn Hiệu Quả",11100,,0,Sữa rửa mặt
Sữa rửa mặt Jomtam trắng da nội địa trung,23500,43 Đã bán,3,Sữa rửa mặt
Sữa Rửa Mặt E100 Bò - Nghệ - Nha Đam Lớn 100G 80G - Sạch Sâu Sáng Mịn Cấp Ẩm,37000,11 Đã bán,2,Sữa rửa mặt
"Sữa Rửa Mặt Trà Xanh Innisfree Green Tea Foam Cleanser 150ml Hàn Quốc Giúp Làm Sạch, Kiểm Soát Nhờn ..",35000,11 Đã bán,3,Sữa rửa mặt
Sữa Rửa Mặt Cho Nam Sạch Nhờn Ngừa Mụn Sáng Da Than Hoạt Tính MAN,95000,43 Đã bán,15,Sữa rửa mặt
Sữa Rửa Mặt Nha Đam Làm Sạch Da Dịu Nhẹ Cấp Ẩm ROREC 100ml - Phù Hợp Với Da Khô Nhạy Cảm,51330,38 Đã bán,6,Sữa rửa mặt
Sữa Rửa Mặt Trà Xanh Innisfree Green Tea- chính hãng Hàn Quốc- 150g,75000,153 Đã bán,38,Sữa rửa mặt
Sữa rửa mặt sữa gạo RICE MILK Thái lan chiết xuất hoàn toàn từ gạo tự nhiên,38000,,2,Sữa rửa mặt
Sữa rửa mặt ngừa Mụn Thâm chống Lão hóa Tía Tô Havigold 140g (tím-trắng),79900,10 Đã bán,2,Sữa rửa mặt
"Sữa Rửa Mặt Compliment No Problem sạch sâu, ngừa mụn 200ml",79999,,0,Sữa rửa mặt
Sữa rửa mặt senka 120g,78750,6 Đã bán,3,Sữa rửa mặt
Sữa rửa mặt bò Lyolan 120g – chuyensithienduc,24750,21 Đã bán,1,Sữa rửa mặt
"Sữa rửa mặt sâm đỏ Hàn Quốc tăng sắc tố cho da, kéo dài tuổi thọ và trẻ hóa các tế bào da.",80000,13 Đã bán,2,Sữa rửa mặt
Kem Rửa Mặt OXY DEEP WASH Sạch Sâu 100g đủ màu,62000,10 Đã bán,3,Sữa rửa mặt
Sữa rửa mặt cho nam Oxy sạch sâu giảm mụn kiểm soát nhờn dạng kem Oxy Total Anti Acne 100g,70000,5.3K Đã bán,793,Sữa rửa mặt
Sữa rửa mặt ngăn ngừa lão hóa Ponds Age Miracle Ultimate Youth 100g,115000,5 Đã bán,0,Sữa rửa mặt
Sữa Rửa Mặt Làm Hết Mụn Đánh Bay Bụi Bẩn Mụn Trên Da Cho Nam Giới 150g,43500,922 Đã bán,236,Sữa rửa mặt
Sữa Rửa Mặt Nghệ Nhân Sâm MELA Làm Sạch Dịu Nhẹ Giảm Mụn Sáng Da 200ml,60000,,0,Sữa rửa mặt
Sữa rửa mặt tạo bọt lành tính hỗ trợ ngừa mụn 180ML Chifure Foaming Face Wash,149000,19 Đã bán,5,Sữa rửa mặt
[HCM]Sữa rửa mặt E100 tinh chất sữa bò 80ml,30000,108 Đã bán,13,Sữa rửa mặt
"Sữa Rửa Mặt Pond's  mới 3X sáng mướt với Niacinamide và Vitamin C, không gây khô da 100g",69195,7 Đã bán,0,Sữa rửa mặt
"Sữa Rửa Mặt Nha Đam Tạo Bọt Mịn SADOER 120ML, Dưỡng Ẩm, Cải Thiện Lỗ Chân Lông, Làm Sạch Hoàn Toàn Bụi Bẩn Và Bã Nhờn",44900,90 Đã bán,35,Sữa rửa mặt
[HCM]Combo 2 Sữa Rửa Mặt Mụn Và Chống Mụn Miss White Tigon 100g,80000,149 Đã bán,19,Sữa rửa mặt
Sữa Rửa Mặt LA ROCHE POSAY Effaclar Foaming Gel M+ dành cho da dầu nhạy cảm 50mL/ 200mL/ 400mL,49000,1.5K Đã bán,325,Sữa rửa mặt
Sữa rửa mặt Bơ Whitening Oil Control,48000,285 Đã bán,31,Sữa rửa mặt
Sữa Rửa Mặt Cá Tuyết L'OUG KIềm Dầu Kiểm Soát Bã Nhờn 350gram,39000,,0,Sữa rửa mặt
[CHÍNH HÃNG]  Sữa rửa mặt vàng 24k Sum 37 tái sinh da dưỡng da Su:m37 Losec Summa Elixir Foam Cleanser 60ml,139000,237 Đã bán,47,Sữa rửa mặt
[ nội địa Thái ] Sữa Rửa Mặt Trắng Da Ngừa Lão Hóa PONDS Age Miracle 90g Mẫu Mới,87120,143 Đã bán,42,Sữa rửa mặt
Sữa Rửa Mặt Pond Hồng,69000,40 Đã bán,6,Sữa rửa mặt
[Hoàn Tiền 20%] Sữa rửa mặt tạo bọt có đầu cọ làm sạch da ngăn ngừa mụn đầu đen làm trắng và cấp ẩm cho làn da 120g,109563,187 Đã bán,83,Sữa rửa mặt
"[Chính hãng - Có tem phụ] Sữa rửa mặt Compliment No Problem chứa Salicylic Acid, Tea Tree 200ml",85000,25 Đã bán,1,Sữa rửa mặt
Sữa rửa mặt nhau thai cừu tế bào gốc nhật 130gr,25000,216 Đã bán,28,Sữa rửa mặt
"Sữa Rửa Mặt Simple Refreshing Facial Wash 150ml - Dịu Nhẹ Cho Da Dầu Mụn, Nhạy Cảm - Simple - cuahnagthienduc",75000,90 Đã bán,30,Sữa rửa mặt
[TEM CTY] Sữa rửa mặt ISIS Pharma Teen Derm Gel 40mL & 150mL - Gel rửa mặt giảm nhờn và ngăn ngừa mụn,194000,32 Đã bán,3,Sữa rửa mặt
Sữa Rửa Mặt NIVEA NỮ,65000,11 Đã bán,3,Sữa rửa mặt
Sữa Rửa Mặt Tẩy Trang Dạng Bọt Làm Sạch Dịu Nhẹ KURASHI-RHYTHM,70000,,0,Sữa rửa mặt
Sữa rửa mặt Garnier vitamin C 50ml,35000,,1,Sữa rửa mặt
"sữa rửa mặt hết sạch mụn, làm trắng da đẹp không tì vế. giành cho mọi loại da",48000,12 Đã bán,3,Sữa rửa mặt
"Sữa Rửa Mặt Vitamin C Niacinamide - Sữa Rửa Mặt Vitamin C Giúp Sáng Da, Sạch Mụn, Giúp Dưỡng Ẩm Cho Da Niacinamide",209000,19 Đã bán,9,Sữa rửa mặt
Sữa Rửa Mặt NIVEA MEN sạch sâu kiểm soát nhờn 100g,69195,30 Đã bán,9,Sữa rửa mặt
(CHÍNH HÃNG) SỮA RỬA MẶT HỒNG SÂM HÀN QUỐC 170ml HONG COSMETIC,139000,54 Đã bán,10,Sữa rửa mặt
CODOBYE CLEANSER ® 100g - Sữa Rửa Mặt Thảo Mộc Ngừa Mụn,95000,,0,Sữa rửa mặt
[HCM]Sữa rửa mặt ngăn ngừa lão hoá Ponds Age Miracle 90g,111474,22 Đã bán,7,Sữa rửa mặt
Sữa rửa mặt ý dĩ Reihaku Hatomugi Cleansing Foam Nhật Bản,59000,9.0K Đã bán,1567,Sữa rửa mặt
Sữa rửa mặt sâm hàn quốc - mp chợ lớn,30800,30 Đã bán,3,Sữa rửa mặt
Sữa Rửa Mặt Azderma Dạng Gel Dịu Nhẹ Cho Da Dầu Mụn 60ml Cleansing Gel Hasaki Sản Phẩm Chính Hãng,84000,,0,Sữa rửa mặt
Sữa rửa mặt Simple Kind To Skin Refreshing Facial Wash Gel 150ml - Chính Hãng..,69300,1.1K Đã bán,256,Sữa rửa mặt
Sữa rửa mặt nhật Senka - mp chợ lớn,32000,22 Đã bán,4,Sữa rửa mặt
"➡ Sữa rửa mặt Collagen X3 Đông Anh 2 lần/ngày 🏜SÁNG ⛺TỐI để có làn da mịn màng như ý ạ🥰

👉 Phù hợp mọi loại da
👉 Kháng khuẩn, ngừa mụn,sạch sâu
👉 Giúp da trắng sáng 
👉 Kiềm nhờn
👉 Giảm mụn
👉 Chậm quá trình lão hoá của da",55000,78 Đã bán,10,Sữa rửa mặt
Sữa rửa mặt chống nhờn tác dụng sâu Clean & Clear 100g - 8850007650188,70000,110 Đã bán,24,Sữa rửa mặt
Sữa Rửa Mặt PondS Chống Lão Hóa - 100G,100000,9 Đã bán,3,Sữa rửa mặt
Combo 10 tuýp Sữa rửa mặt làm sáng da Pond's 15g căng mướt ( Hàng Mẫu thử Mini ),48510,7 Đã bán,2,Sữa rửa mặt
"Sữa rửa mặt Linh Hương, sữa rửa mặt trắng da dành cho nam, nữ da dầu, da nhạy cảm dung tích 60 ml",125000,,0,Sữa rửa mặt
Sữa Rửa Mặt Hazeline Chiết Xuất Thiên Nhiên 100g Mẫu Mới,49000,123 Đã bán,25,Sữa rửa mặt
Sữa rửa mặt taọ bọt muối biển MENS BISUTANG  500ml Kiềm Dầu Hiệu Quả Giữ Thoáng Mát Tẩy Tế Bào Chết Chống Ngứa Thu Nhỏ Lỗ Chân Lông Làm Sáng Da Da Mềm Mịn Giữ Ẩm Lâu Không Làm Khô Da Da Sảng Khoái Cả Ngày,86130,26 Đã bán,9,Sữa rửa mặt
Sữa rửa mặt da dầu mini Cerave Foaming Cleanser For Normal to Oily Skin,99000,41 Đã bán,9,Sữa rửa mặt
"(Free Ship) Sữa Rửa Mặt NHau Thai Cừu Fengbiyi Nhật bản 130g , Trắng Da, Sạch Bụi Bẩn , xóa Thâm Mụn",47000,23 Đã bán,9,Sữa rửa mặt
"(Siêu Hot) Sữa Rửa Mặt Pond's Thái Lan 100ml Đỏ - Hồng - Đen Khử Thâm , sạch sâu , Chống lão hóa , se khít chân lông , kiềm dầu",72000,,2,Sữa rửa mặt
Sữa Rửa Mặt Rau Củ Super Vegitoks Cleanser Chosungah 300ml của Hàn Quốc - có nhiều màu - Shop Hong1008,209000,139 Đã bán,36,Sữa rửa mặt
Sữa rửa mặt làm trắng da se khít lỗ chân lông tái tạo da Ohio ốc sên newtoday đủ giấy,48600,11 Đã bán,2,Sữa rửa mặt
"( CAO CẤP) Sữa Rửa Mặt Dưỡng Trắng Da Mặt JOMTAM Làm Sạch Sâu, ĐÁNH BAY MỤN Kiểm Soát Dầu, Thu Nhỏ Lỗ Chân Lông",60000,517 Đã bán,131,Sữa rửa mặt
Sữa Rửa Mặt Trắng Da Sạch Mụn Kiểm Soát Dầu Cho Nam Giới Chiết Xuất Bùn Khoáng Núi Lửa,69600,203 Đã bán,80,Sữa rửa mặt
"Sữa rửa mặt cho nam Oxy sạch dịu nhẹ, kiềm dầu dạng kem Oxy Oil Acne Wash 100g",78000,204 Đã bán,74,Sữa rửa mặt
"Gel Rửa Mặt Compliment No Problem Tea Tree, BHA & Zinc, AHA-BHA-PHA, Giảm Mụn Dành Cho Da Nhạy Cảm, 200ml",75000,271 Đã bán,48,Sữa rửa mặt
Combo 2 Sữa Rửa Mặt Mụn Và Chống Mụn Miss White Tigon 100g,79000,712 Đã bán,86,Sữa rửa mặt
(HCM) Sữa Sửa Mặt Ngăn Ngừa Lão Hóa Giảm Nếp Nhăn Senka Perfect Whip Collagen.,75000,753 Đã bán,187,Sữa rửa mặt
"Sữa Rửa Mặt Image 60gr Giúp Làm Sạch Sâu Da Mặt, Loại Bỏ Bụi Bẩn, Dầu Nhờn, Giúp Da Sáng Khoẻ, Ngăn Ngừa Mụn",19000,,0,Sữa rửa mặt
Mẫu mới - Sữa rửa mặt hazaline 100g chính hãng,33000,27 Đã bán,3,Sữa rửa mặt
"[Chính Hãng] Sữa Rửa Mặt Cerave - Sạch Sâu, Dịu Nhẹ, Không Kích Ứng - Dành cho Da Dầu, Da Khô, Da Nhạy Cảm - 236ml, 473ml",340000,42 Đã bán,14,Sữa rửa mặt
Sữa rửa mặt Clean & Clear ngừa mụn đầu đen (100g),67200,647 Đã bán,100,Sữa rửa mặt
"Sữa Rửa Mặt Nghệ Nhân Sâm MELA 200ml cấp ẩm, mờ thâm giảm mụn trắng da, thân thiện với da mặt - GONSA COSMETIC",114000,,0,Sữa rửa mặt
Sữa rửa mặt nam than đen hoạt tính sáng da Nivea Men Deep White Oil Clear 100g,85000,633 Đã bán,107,Sữa rửa mặt
Sữa rửa mặt nhau cừu - mp chợ lớn,30000,12 Đã bán,2,Sữa rửa mặt
"Sữa Rửa Mặt SENANA Whitening Sáng Da Sạch Mụn Mờ Thâm, Sữa Rửa Mặt Dưỡng Ẩm Chống Lão Hóa Mềm Mịn Đếu Màu",16800,9 Đã bán,3,Sữa rửa mặt
Sữa rửa mặt trắng da Hazelin tự nhiên 50g ngừa mụn,23000,37 Đã bán,7,Sữa rửa mặt
"Sữa Rửa Mặt Tro Núi Lửa Sạch Mụn Đầu Đen, Bã Nhờn Innisfree Jeju Volcanic Pore Cleansing Foam 150g",226800,,0,Sữa rửa mặt
CHÍNH HÃNG Sữa Rửa Mặt Tạo Bọt Làm Sạch Sâu hết mụn Cấp Ẩm Loại Bỏ Làn Da Khô Ráp Và Làm Sạch Lỗ Chân Lông 150g,47850,52 Đã bán,17,Sữa rửa mặt
SỮA RỬA MẶT THORAKAO CÁC LOẠI,50000,,0,Sữa rửa mặt
"Sữa Rửa Mặt Nghệ E100 100g - Làm Trắng Da, Sạch Mụn Cám, Sáng Mịn Khỏe Mạnh",41580,,1,Sữa rửa mặt
Sữa rửa mặt ý dĩ Hatomugi Acne care & facial washing 130g Nhật Bản - ngăn ngừa mụn dưỡng ẩm và sáng da - Shop Hong1008,52000,1.1K Đã bán,217,Sữa rửa mặt
Sữa rửa mặt LroCre ngăn ngừa mụn dưỡng trắng da 100ml,145000,39 Đã bán,4,Sữa rửa mặt
Sữa Rửa Mặt Sáng Da Ngừa Mụn HAZELINE 100g (tặng 40g),61500,12 Đã bán,4,Sữa rửa mặt
"Sữa Rửa Mặt Hunmui Sáng Da Ngừa Mụn Hút Bã Nhờn, Sữa Rửa Mặt Chống Lão Hoá Săn Chắc Da Mịn Màng",51500,5 Đã bán,2,Sữa rửa mặt
Sữa Rửa Mặt BHA 150ml - 0.5% Axit Salicylic Cho Nam & Nữ - Giảm Mụn Đầu Đen & Se Khít Lỗ Chân Lông,62999,,0,Sữa rửa mặt
Sữa Rửa Mặt Tía Tô Tony Detox 120ml - thienduc,35000,233 Đã bán,32,Sữa rửa mặt
"Sữa rửa mặt CERAVE cho da dầu da mụn và Da Khô nhạy cảm ,Mọi loại da",65000,,1,Sữa rửa mặt
[ nội địa Thái ] Sữa Rửa Mặt Sáng Da PONDS Bright Micrale 90g ( ponds hồng ),72270,6 Đã bán,0,Sữa rửa mặt
Sữa Rửa Mặt 3W Clinic Cleansing Foam 100ml Dưỡng Sáng Da Hàn Quốc shop Cosin Store,42000,224 Đã bán,64,Sữa rửa mặt
Sữa rửa mặt sen hậu giang cocoon,115000,,0,Sữa rửa mặt
"Sữa Rửa Mặt Senka Tạo Bọt Chiết Xuất Tơ Tằm Trắng 120g, 50g | Hasaki | Sản phẩm chính hãng",45000,274 Đã bán,62,Sữa rửa mặt
Sữa Rửa Mặt Fabessentials Trái Cây Giàu Vitamin C 100ml,115000,11 Đã bán,2,Sữa rửa mặt
Mini 40ml - Sữa rửa mặt Ohui Miracle dạng kem làm sạch dịu nhẹ,64000,16 Đã bán,2,Sữa rửa mặt
"Sữa rửa mặt NO PROBLEM Compliment chứa Salicylic Acid, Tea Tree 200ml",85000,809 Đã bán,199,Sữa rửa mặt
Rửa mặt cocoon 310ml,167000,5 Đã bán,2,Sữa rửa mặt
Sữa rửa mặt pure skin,139000,93 Đã bán,15,Sữa rửa mặt
Sữa Rửa Mặt Làm Trắng Da Và Dưỡng Ẩm Làm Sạch Sâu,23577,6 Đã bán,1,Sữa rửa mặt
Sữa rửa mặt Avici sạch sâu trắng da ngừa mụn 60g nội địa trung,18500,1.7K Đã bán,310,Sữa rửa mặt
"Gel Rửa Mặt Compliment No Problem - Làm Sạch Sâu, Giảm Mụn 200ml",81000,238 Đã bán,237,Sữa rửa mặt
"CHÍNH HÃNG Sữa Rửa Mặt MEN Cho Nam Làm Sạch Sâu, Loại Bỏ Dầu Nhờn Và Làm Trắng Mịn CHo Da Vào Ban Ngày Đồng Thời Xóa Mụn, Cấp Ẩm, Kiểm Soát Lỗ Chân Lông",73950,59 Đã bán,20,Sữa rửa mặt
Sữa rửa mặt trắng da chiết xuất nghệ tây Vaadi Saffron Face Wash,99000,,0,Sữa rửa mặt
Sữa rửa mặt cấp ẩm và căng mịn da L'Oreal Paris Revitalift Hyaluronic Acid 100ml,131500,11.6K Đã bán,2179,Sữa rửa mặt
Sữa rửa mặt dành cho da dầu Gatsby Facial Wash Strong Clear Foam 130g,95000,,0,Sữa rửa mặt
Sữa rửa mặt Cerave nội địa Pháp 236ml - YOUDO COSMETIC,145000,15 Đã bán,3,Sữa rửa mặt
Sữa Rửa Mặt Nghệ Thorakao Ngừa Mụn 100Gr,53000,117 Đã bán,27,Sữa rửa mặt
Sữa rửa mặt sáng da L'Oreal Paris Glycolic (AHA) Bright 100ml,127500,12.8K Đã bán,2418,Sữa rửa mặt
Sữa Rửa Mặt Ponds Bright Miracle sáng da 100gr ( màu hồng),79000,56 Đã bán,13,Sữa rửa mặt
Sữa Rửa Mặt Hạt Nghệ Thorakao Ngừa Mụn 50G/100G,66000,896 Đã bán,227,Sữa rửa mặt
Sữa rửa mặt cho nam sạch dầu nhờn & ngừa mụn Men Stay Simplicity Facial Cleanser 100g,144000,1.6K Đã bán,403,Sữa rửa mặt
[Trial size] Sữa rửa mặt Sen Hậu Giang dành riêng cho làn da mỏng manh & rất nhạy cảm 50ml,66000,577 Đã bán,93,Sữa rửa mặt
Sữa Rửa Mặt Cho Da Dầu Mụn Babe Stop Akn Purifying Cleansing Gel - 200ml,368082,,1,Sữa rửa mặt
Kem Rửa Mặt Làm Sạch Sâu Có Hạt Deep Wash Scrub Formula Oxy 100Gr,76000,784 Đã bán,144,Sữa rửa mặt
Sữa rửa mặt Garnier Tạo Bọt Light Complete Brightening 100ml,69600,18 Đã bán,4,Sữa rửa mặt
"Sữa Rửa Mặt Collagen Sáng Đẹp Da Hoa Viên 💯 Chiết xuất Nhụy Hoa Nghệ Tây, Cúc La Mã, Collagen 💯",135000,,1,Sữa rửa mặt
sữa rửa mặt simple dành cho da nhạy cảm và an toàn dịu nhẹ nhất,29000,96 Đã bán,14,Sữa rửa mặt
"Sữa rửa mặt hoa việt b7 sạch da,ngừa mụn",45000,10 Đã bán,4,Sữa rửa mặt
Sữa rửa mặt ốc sên one today ngừa lão hoá,18000,292 Đã bán,37,Sữa rửa mặt
Sữa Rửa Mặt Aron Bơ Oil Control - Vitamin E Facial Wash 190ml - 210ml,52000,,2,Sữa rửa mặt
Sữa rửa mặt Cellbio dưỡng trắng xóa mờ thâm nám,150000,66 Đã bán,14,Sữa rửa mặt
"Sữa rửa mặt Simple dịu nhẹ giúp da sạch thoáng, không chứa xà phòng 150ml",90000,21 Đã bán,2,Sữa rửa mặt
Sữa rửa mặt cho nam Oxy sạch sâu giảm nhờn dạng kem có hạt massage Oxy Deep Wash 100g,70000,10.8K Đã bán,1522,Sữa rửa mặt
Sữa rửa mặt Hatomugi Acne care & facial washing 130g Nhật Bản từ ý dĩ ngăn ngừa mụn dưỡng ẩm và sáng da Cosin Store,58000,863 Đã bán,280,Sữa rửa mặt
Sữa Rửa Mặt Neutrogena Pink Grapefruit Foaming Scrub (124m_ 198ml),257400,10 Đã bán,1,Sữa rửa mặt
"sữa rửa mặt sắc tiên trắng da ,ngừa mụn ,cấp ẩm chai 100ml",32900,12 Đã bán,0,Sữa rửa mặt
Sữa Rửa Mặt Dạng Gel Dịu Nhẹ Cosrx Low pH Good Morning Gel Cleanser 150ML,86130,19 Đã bán,8,Sữa rửa mặt
Sữa Rửa Mặt 3W Clinic Hàn Quốc 100ml,27000,116 Đã bán,11,Sữa rửa mặt
mẫu mới Sữa Rửa Mặt Pond's Age Miracle Ngăn Ngừa Lão Hóa Age Miracle 90g,109000,5 Đã bán,1,Sữa rửa mặt
Sữa rửa mặt Goldface rau má 100g,90000,,0,Sữa rửa mặt
Sữa Rửa Mặt JOM TAM Làm Trắng Da Ngừa Mụn  Trẻ Hóa Kiểm Soát Dầu Dưỡng Ẩm Lấy Sạch Bụi Bẩn 100ml,54172,373 Đã bán,114,Sữa rửa mặt
Sữa Rửa Mặt Sáng Da Sạch Mụn Amino Acid YIROUYI 60g Lấy Sạch Bụi Bẩn Giúp Da Trắng Sáng Dưỡng Ẩm A121,12400,2.4K Đã bán,421,Sữa rửa mặt
Sữa rửa mặt Curcuma Cleansing Milk Thorakao hạt nghệ Ngừa mụn 100g,75000,,0,Sữa rửa mặt
Sữa rửa mặt sâm hàn quốc,35000,639 Đã bán,87,Sữa rửa mặt
"Sữa rửa mặt nghệ, nha đam, dưa leo",26500,28 Đã bán,5,Sữa rửa mặt
Sửa rửa mặt trà xanh Gold Bee 100gr,35800,993 Đã bán,315,Sữa rửa mặt
CHÍNH HÃNG 💯 SỮA RỬA MẶT ĐÔNG Y GIA TRUYỀN NICOS 50G MẪU MỚI NHẤT CHÍNH HÃNG -Sữa Rửa Mặt Đông Y Gia Truyền NN Cao Cấp - Mẫu mới,115000,,0,Sữa rửa mặt
Sữa rửa mặt Simlpe - mp chợ lớn,29000,7 Đã bán,1,Sữa rửa mặt
Sữa Rửa Mặt Dành Cho Da Mụn Some By Mi AHA-BHA-PHA 30 Days M iracel Acne 100ml,312000,,0,Sữa rửa mặt
"Sữa Rửa Mặt Tái Sinh Whoo Soft Foam Cleanser 2ml-Làm Sạch Sâu, Tái Sinh Da, Dùng Cho Da Nhạy Cảm",24000,39 Đã bán,3,Sữa rửa mặt
( Chính hãng ) Ponds sữa rửa mặt trắng da cao cấp 100ml,45000,68 Đã bán,11,Sữa rửa mặt
"[NẮP CAO]Sữa rửa mặt Simple dịu nhẹ giúp da sạch thoáng, không chứa xà phòng 150ml",79500,14 Đã bán,7,Sữa rửa mặt
Sữa rửa mặt  Oxy deep wash 130gr cho Nam giới,71400,,0,Sữa rửa mặt
