Tên sản phẩm,Giá (VNĐ),Thương hiệu,Đã bán,Điểm đánh giá,Số lượng đánh giá,Danh mục
"Sữa rửa mặt vitamin làm sáng da, mờ sẹo thâm dạng kem Acnes Vitamin Cleanser 25g",134320,Acnes,57,5.0,2,Chăm sóc da mặt
"COMBO 10 MẶT NẠ NÂNG CƠ, TRẺ HÓA DA BNBG EXOSOME SKINBOOSTER MASK 30MLX10",275080,BNBG,16,5.0,2,Chăm sóc da mặt
Nước tẩy trang bí đao Cocoon 500ml,270480,The Cocoon Original Vietnam,15591,5.0,25,Chăm sóc da mặt
Tẩy Da Chết Mặt Cà Phê Đắk Lắk Cocoon 150ml,150880,The Cocoon Original Vietnam,21010,4.8,34,Chăm sóc da mặt
Kem chống nắng bí đao Cocoon 50ml,364000,The Cocoon Original Vietnam,105,5.0,7,Chăm sóc da mặt
Mặt nạ nghệ Hưng Yên Cocoon 30ml,132480,The Cocoon Original Vietnam,4672,5.0,6,Chăm sóc da mặt
Nước sen Hậu Giang (toner) giúp phục hồi cho da rất nhạy cảm Cocoon 310ml,270480,The Cocoon Original Vietnam,4141,4.3,13,Chăm sóc da mặt
Nước xịt khoáng cấp ẩm và làm dịu da AVÈNE THERMAL SPRING WATER,269100,Avène,28,5.0,2,Chăm sóc da mặt
"Kem Làm Mờ Sẹo Thâm, Sẹo Rỗ, Sẹo Lõm Scar Esthetique của Rejuvaskin - thương hiệu hỗ trợ trị sẹo Hoa Kỳ ",292560,Rejuvaskin,5212,4.6,1581,Chăm sóc da mặt
"Sữa rửa mặt Hada Labo cho da dầu mụn, da nhạy cảm Hada Labo Acne Care Calming Cleanser 80g",79000,Hada Labo,40098,4.7,50,Chăm sóc da mặt
Bộ sản phẩm Kem chống nắng dạng sữa dưỡng da kiềm dầu bảo vệ hoàn hảo (Anessa Gold Milk 60ml + Gold Milk 20ml x2),799480,ANESSA,1443,5.0,4,Chăm sóc da mặt
Bộ đôi Kem chống nắng dạng sữa dưỡng da kiềm dầu bảo vệ hoàn hảo + Kem chống nắng dạng gel dưỡng ẩm bảo vệ hoàn hảo (Anessa Gold Milk 60ml + Gold Gel 90g),803160,ANESSA,1603,5.0,6,Chăm sóc da mặt
Bộ đôi Kem chống nắng dạng sữa dịu nhẹ cho da nhạy cảm và trẻ em (Anessa Mild Milk 60ml x2),1011540,ANESSA,6017,5.0,5,Chăm sóc da mặt
Bộ đôi Kem chống nắng dạng sữa dưỡng da kiềm dầu bảo vệ hoàn hảo (Anessa Gold Milk 60ml x2),1011540,ANESSA,8523,4.7,28,Chăm sóc da mặt
Gel giảm mụn sau 1 tuần Eucerin Pro Acne A.I. Clearing Treatment 40ml,315560,Eucerin,40,4.8,5,Chăm sóc da mặt
Sữa rửa mặt dưỡng trắng Hada Labo Perfect White Tranexamic Acid Cleanser 80g,76000,Hada Labo,62439,4.7,654,Chăm sóc da mặt
Kem chống nắng dạng gel dưỡng ẩm bảo vệ hoàn hảo Anessa Perfect UV Sunscreen Skincare Gel SPF50+ PA++++ 90g,365600,ANESSA,2131,4.6,28,Chăm sóc da mặt
Sữa rửa mặt hỗ trợ trị mụn Senka Perfect Whip Acne Care 100g,93000,Senka,63819,4.7,419,Chăm sóc da mặt
Sữa rửa mặt ngăn ngừa mụn Acnes Creamy Wash 100g,59000,Acnes,167774,5.0,238,Chăm sóc da mặt
Sữa rửa mặt cho nam Oxy sạch sâu mát lạnh dạng kem Oxy Perfect Wash 100g,64000,OXY,68329,4.8,100,Chăm sóc da mặt
Sữa rửa mặt cho nam Oxy sạch sâu giảm nhờn dạng kem có hạt massage Oxy Deep Wash 100g,68000,OXY,62688,4.8,251,Chăm sóc da mặt
Sữa rửa mặt cho nam Oxy sạch sâu giảm mụn kiểm soát nhờn dạng kem Oxy Total Anti Acne 100g,68000,OXY,21881,4.7,254,Chăm sóc da mặt
Sữa chống nắng nâng tông Skin Aqua Tone up Lavender cho da tối màu & da vàng Sunplay Skin Aqua Tone Up UV Milk Lavender SPF 50+ PA++++ 50g,143520,Sunplay,12289,4.7,790,Chăm sóc da mặt
Sữa rửa mặt kiểm soát nhờn ngăn ngừa mụn dạng gel Acnes Oil Control Cleanser 100g,59000,Acnes,78293,4.7,314,Chăm sóc da mặt
Sữa rửa mặt dưỡng trắng dạng kem Acnes Whitening+ Cleanser 100g,59000,Acnes,10062,4.8,203,Chăm sóc da mặt
Tinh chất chống nắng nâng tông Skin Aqua Tone up Lavender cho da tối màu & da vàng Sunplay Skin Aqua Tone Up UV Essence Lavender SPF 50+ PA++++ 50g,143520,Sunplay,21999,4.6,1422,Chăm sóc da mặt
Miếng dán mụn giúp giảm mụn sưng viêm Acnes Clear Patch (24 Miếng),50500,Acnes,109949,4.7,322,Chăm sóc da mặt
Kem dưỡng vitamin làm sáng da mờ sẹo thâm Acnes Vitamin Cream 50g,79000,Acnes,1716,4.6,145,Chăm sóc da mặt
"Sữa rửa mặt vitamin làm sáng da, mờ sẹo thâm dạng kem Acnes Vitamin Cleanser 100g",59000,Acnes,125705,4.8,319,Chăm sóc da mặt
Bộ 3 Hộp Silcot Bông Trang Điểm (bông tẩy trang) Nhật Bản (82 Miếng/Hộp),82000,Silcot,20323,4.8,1655,Chăm sóc da mặt
Phim Thấm Dầu Acnes Oil Remover Film 50 Tờ,55000,Acnes,41745,5.0,115,Chăm sóc da mặt
"Giấy thấm dầu kiểm soát nhờn, ngừa mụn Acnes Oil Remover Paper 100 tờ",26500,Acnes,133586,4.7,268,Chăm sóc da mặt
"Kem chống nắng Skin Aqua cho da mụn, dạng sữa dùng hàng ngày Sunplay Skin Aqua Acne Clear Eco Việt Nam SPF 50, PA++++ 25g",105000,Sunplay,8670,4.8,428,Chăm sóc da mặt
"Kem chống nắng Skin Aqua dưỡng trắng, kiểm dầu, dùng hàng ngày dạng sữa Sunplay Skin Aqua Clear White Eco Việt Nam SPF50, PA++++ 25g",102000,Sunplay,38423,4.8,497,Chăm sóc da mặt
"Kem chống nắng Sunplay cho bé từ 6 tháng tuổi và da nhạy cảm, dạng sữa Sunplay Baby Mild SPF 35, PA++ 30g",79000,Sunplay,4027,4.8,148,Chăm sóc da mặt
Kem mờ sẹo và thâm dạng gel Acnes Scar Care 12g,64750,Acnes,11378,4.7,389,Chăm sóc da mặt
Sữa rửa mặt cải thiện dấu hiệu lão hóa dạng kem Hada Labo Pro-Aging Retinol B3 Cleanser 80g,76000,Hada Labo,45339,4.7,475,Chăm sóc da mặt
Serum chấm mụn chuyên biệt cho da mụn ở tuổi trưởng thành Acnes 25+ Facial Serum 20ml,89000,Acnes,2743,4.6,258,Chăm sóc da mặt
Sữa rửa mặt dưỡng ẩm tối ưu Hada Labo Advanced Nourish Cleanser 80g,68000,Hada Labo,96739,4.7,1245,Chăm sóc da mặt
"Kem chống nắng Skin Aqua dưỡng trắng, kiểm dầu, dùng hàng ngày dạng sữa Sunplay Skin Aqua Clear White Eco Việt Nam SPF50, PA++++ 55g",164680,Sunplay,40216,4.8,503,Chăm sóc da mặt
Sữa rửa mặt Hada Labo dưỡng ẩm cao cấp Premium Cleanser Hydrating 100g,99000,Hada Labo,19,5.0,3,Chăm sóc da mặt
Combo 5 gói Tẩy Da Chết Làm Sáng Da Whoo Brightening Gel 1ml,40000,the history of whoo,89,0.0,0,Chăm sóc da mặt
Kem Dưỡng Ẩm Da NIVEA Crème (30 ml) - 80101,51000,Nivea,26054,0.0,0,Chăm sóc da mặt
"Xịt khoáng dưỡng ẩm, làm dịu và bảo vệ da Evoluderm Atomiseur Eau Pure",115000,Evoluderm,111,5.0,15,Chăm sóc da mặt
Kem Dưỡng Giảm Thâm Nám Chuyên Biệt Angel's Liquid Tranexamic Mela Zero Cream 50ml,669939,Angel's Liquid,15,4.8,5,Chăm sóc da mặt
Sữa rửa mặt dạng Gel bí đao rửa mặt Cocoon 310ml,253920,The Cocoon Original Vietnam,1500,4.5,14,Chăm sóc da mặt
Gel Rửa Mặt Eucerin Pro Acne Solution 3X Treatment Gel To Foam Cleanser 150ml,365100,Eucerin,7,5.0,1,Chăm sóc da mặt
Tẩy da chết mặt dạng kì Compliment No Problem Peeling Roll sạch sâu ngừa mụn 80ml,95000,COMPLIMENT,1,0.0,0,Chăm sóc da mặt
"Mặt nạ AHA đất sét xanh Compliment giảm mụn, se khít chân lông 80ml (VẠCH XANH LÁ)",85000,COMPLIMENT,8,0.0,0,Chăm sóc da mặt
Kem dưỡng dạng gel sữa cho da mụn với tác động kép Vichy Normaderm Phytosolution Double-Correction Daily Care 50ml,560000,VICHY,15,5.0,2,Chăm sóc da mặt
Mặt Nạ Giấy Phục Hồi Và Dưỡng Trắng Da Kosé Clear Turn Face Mask (7 Miếng),139000,Kosé,6,0.0,0,Chăm sóc da mặt
Tẩy Tế bào Chết 3W Clinic 180ml Hàn Quốc,75000,3W Clinic,0,0.0,0,Chăm sóc da mặt
Miếng dán mụn giúp giảm mụn sưng viêm Acnes Clear Patch (48 Miếng),82000,Acnes,555,4.8,34,Chăm sóc da mặt
Kem chấm mụn chuyên sâu Acnes Blemish Clear Cream 10g,51000,Acnes,4329,4.8,84,Chăm sóc da mặt
Bông Tẩy Trang S Select Nhật Bản 80 Miếng,28000,S Select,35,5.0,7,Chăm sóc da mặt
Serum trị mụn kén tằm Newskin - Chuyên hỗ trợ điều trị và phục hồi da mụn,253000,SYL,152,4.5,17,Chăm sóc da mặt
Tinh Chất Hoa Hồng Chống Nhăn Se Khít Lỗ Chân Lông Dưỡng Ẩm Trắng Da Dewytree Miracle Firming Serum (30g),276360,DEWYTREE,46,5.0,21,Chăm sóc da mặt
"Gel chấm mụn, mờ thâm Oxy Anti-Acne Spot Gel 10g",61000,OXY,388,4.6,68,Chăm sóc da mặt
Nước Hoa Hồng Cho Da Mụn La Roche Posay Effaclar Astringent Lotion 200ml,462000,La Roche-Posay,471,4.7,129,Chăm sóc da mặt
KEM OSACHI TÍM 9 IN 1 - O'SACHI WHITENIG SKIN CARE CREAM 20G - MỜ THÂM NÁM - CHỐNG LÃO HOÁ DA,595200,O'SACHI,66,4.5,13,Chăm sóc da mặt
Kem chống nắng dạng sữa lỏng nhẹ không nhờn rít La Roche-Posay Anthelios Shaka Fluid SPF 50+ 50ml,399999,La Roche-Posay,128,5.0,30,Chăm sóc da mặt
Kem dưỡng trắng Hada Labo Perfect White Tranexamic Acid Cream 50g,180320,Hada Labo,7390,4.7,878,Chăm sóc da mặt
Bộ đôi Kem chống nắng dạng sữa dưỡng da kiềm dầu bảo vệ hoàn hảo (Anessa Gold Milk 60ml + Gold Milk 20ml),661480,ANESSA,10253,5.0,241,Chăm sóc da mặt
Bông tẩy trang Emily gói 120 miếng,49000,Emily,140,4.8,6,Chăm sóc da mặt
"Sửa Rửa Mặt Ý Dĩ Hatomugi Naturie nội địa Nhật Bản 130g làm sạch nhờn, làm sáng da, mờ thâm mụn [ Được Mask 3W Clinic ]",75000,Hatomugi,394,4.8,63,Chăm sóc da mặt
SỮA RỬA MẶT THORAKAO HẠT NGHỆ 100G,70000,Thorakao,66,5.0,8,Chăm sóc da mặt
Kem Mờ Sẹo Gentacin của Nhật 10g - Hỗ trợ trị sẹo lồi sẹo lõm,55000,Gentacin,1607,4.5,280,Chăm sóc da mặt
Gel chấm mụn đầu trắng và đầu đen Acnes Sealing Jell 18g,57000,Acnes,8053,4.7,335,Chăm sóc da mặt
Kem Rửa Mặt Tút Sáng Từ Đất Sét Trắng Oxy White Complete (100g),64000,OXY,24729,4.7,170,Chăm sóc da mặt
"Gel Hỗ Trợ Trị Sẹo, Mờ Vết Thâm, Thâm Mụn Vitara - Se Gel - BER05 (15g)",208550,VITARA,149,4.8,9,Chăm sóc da mặt
"Nước tẩy trang dành cho da dầu, da mụn BIODERMA Sébium H2O 100ml",193030,BIODERMA,892,4.7,65,Chăm sóc da mặt
Xịt Khoáng 50ml La roche posay,99000,La Roche-Posay,485,4.8,51,Chăm sóc da mặt
"Kem chống nắng Sunplay mát lạnh giải nhiệt dạng sữa Sunplay Super Cool SPF 50, PA++++ 30g",79000,Sunplay,4563,4.8,218,Chăm sóc da mặt
Combo 5 Giấy Thấm Dầu Mayan  (100 Tờ / Gói),86000,Mayan,988,4.6,81,Chăm sóc da mặt
Combo 5 Giấy Thấm Dầu Mayan Than Hoạt Tính (100 Tờ),161000,Mayan,508,4.8,57,Chăm sóc da mặt
Kem dưỡng cải thiện lão hóa Hada Labo Pro-Aging Retinol B3 Cream 50g,200146,Hada Labo,7040,4.7,624,Chăm sóc da mặt
Kem dưỡng ẩm Hada Labo Advanced Nourish Cream 50g,159160,Hada Labo,9841,4.7,748,Chăm sóc da mặt
Xịt Khoáng Tinh Chất Collagen Aspasia Moist Up Face Mist Collagen (150ml),75000,Aspasia,20,5.0,2,Chăm sóc da mặt
Mặt nạ đất sét Cocoa Vedette 145g,125000,Vedette,1116,4.5,77,Chăm sóc da mặt
"Kem Dưỡng Giảm Mụn, Ngừa Thâm, Thông Thoáng Lỗ Chân Lông La Roche-Posay Effaclar Duo+ 40ml",455000,La Roche-Posay,1399,4.7,95,Chăm sóc da mặt
Kem Chống Nắng Dưỡng Trắng Nâng Tone Da Cell Fusion C Brightening Tone Up Sunscreen 100 SPF50+/ PA ++++ (50ml),340400,Cell Fusion C,33,4.5,2,Chăm sóc da mặt
Kem Chống Nắng Dưỡng Trắng Nâng Tone Da Cell Fusion C Brightening Tone Up Sunscreen 100 SPF50+/ PA ++++ (10ml),89000,Cell Fusion C,123,5.0,3,Chăm sóc da mặt
"Serum C15 dưỡng sáng mờ thâm, ngăn ngừa lõa hóa Acnes Lab C15 Serum 15ml",284924,Acnes,61,3.8,4,Chăm sóc da mặt
Mặt nạ nghệ Hưng Yên  Cocoon 100ml,295320,The Cocoon Original Vietnam,16,5.0,3,Chăm sóc da mặt
Sữa rửa mặt nghệ Hưng Yên Cocoon 310ml,252080,The Cocoon Original Vietnam,505,5.0,4,Chăm sóc da mặt
Sữa rửa mặt tẩy trang sáng da Hatomugi 130g/tuýp,45000,Hatomugi,11,5.0,1,Chăm sóc da mặt
Xịt chống nắng bảo vệ đa chiều Skin Aqua Ultra Protection Mist 60ml,155480,Sunplay,29,5.0,2,Chăm sóc da mặt
Kem chống nắng SPF 50 UVA+UVB Vichy Capital Soleil Mattifying Dry Touch Face Fluid 50ml,428000,VICHY,80,5.0,12,Chăm sóc da mặt
"Tinh chất vitamin C dưỡng trắng, mờ thâm cao cấp Melano CC Premium Whitening Essence 20ml",261326,Melano CC,102,5.0,10,Chăm sóc da mặt
"Gel giảm sẹo lồi, phì đại Rejuvasil",380000,Rejuvaskin,1240,4.6,321,Chăm sóc da mặt
Serum dưỡng trắng Hada Labo Perfect White Tranexamic Acid 2% (30ml),240350,Hada Labo,86,3.7,6,Chăm sóc da mặt
Nước tẩy trang sạch sâu dưỡng ẩm Hada Labo Micellar Water Hydrating 240ml,106000,Hada Labo,447,4.8,49,Chăm sóc da mặt
Kem Dưỡng Trắng Da Ban Ngày Eucerin Spotless Brightening Day SPF30 50ml,929000,Eucerin,28,4.7,3,Chăm sóc da mặt
[HOT DEAL] Kem Dưỡng Da Trắng Hồng ban đêm Giảm Thâm Sạm Không Cồn dạng gel SENKA AQUA BRIGHT GLOW GEL CREAM 50g - 15538,216200,Senka,204,4.8,4,Chăm sóc da mặt
Sữa rửa mặt ngăn ngừa mụn dạng gel Acnes Gentle Wash 100g,59000,Acnes,6169,5.0,44,Chăm sóc da mặt
Sữa Rửa Mặt Nivea Men Hạt Mát Xa Sạch Nhờn Mát Lạnh (100G) - 88880,74000,Nivea,22172,4.5,6,Chăm sóc da mặt
"Kem chống nắng vật lý Skin Aqua kiềm dầu, dạng sữa dùng hàng ngày Sunplay Skin Aqua Mineral Defense Oil Clear Milk SPF50+ PA++++ 25g",109000,Sunplay,182,4.7,26,Chăm sóc da mặt
Sữa rửa mặt không gây kích ứng cho da nhạy cảm Eucerin pH5 Facial Cleanser 100ml,90000,Eucerin,99,5.0,2,Chăm sóc da mặt
Kem Dưỡng Mềm Da Nivea Soft Crème (200 Ml) - 89050,171120,Nivea,74,0.0,0,Chăm sóc da mặt
ĐÁNH BAY MỤN CÓC SINH DỤC SÙI MÀO GÀ BẰNG KEM BÔI LARIFAN UNGO 0.05% TỪ CHÂU ÂU,524500,MKPHARMA,370,4.5,66,Chăm sóc da mặt
Tinh Chất Truyền Trắng Angel's Liquid Glutathione + Niacinamide 700 V-Ampoule 30ml,409000,Angel's Liquid,19,4.7,3,Chăm sóc da mặt
Tẩy tế bào chết ngăn ngừa mụn Eucerin Pro Acne Scrub 100ml,250240,Eucerin,34,4.8,6,Chăm sóc da mặt
Kem dưỡng giảm viêm da cơ địa Eucerin Ato Control Acute Care Cream 40ml,310040,Eucerin,45,2.0,1,Chăm sóc da mặt
Combo 10 Mặt Nạ BNBG Phục Hồi Thư Giãn Da Vita Genic Relaxing Jelly Mask 30ml x10,125764,BNBG,29,5.0,2,Chăm sóc da mặt
Kem dưỡng trắng dạng gel giúp cải thiện thâm sạm Melano CC Whitening Gel 100g,240350,Melano CC,548,4.5,100,Chăm sóc da mặt
Kem chống nắng dạng sữa dịu nhẹ cho da nhạy cảm và trẻ em Anessa Perfect UV Sunscreen Mild Milk For Sensitive Skin SPF 50+ PA++++ 60ml,462200,ANESSA,12115,5.0,46,Chăm sóc da mặt
Serum Tinh Chất Chấm Mụn Lành Tính Nhanh Xẹp Mụn Chống Thâm Và Sẹo Rỗ DewyTree The Clean Lab AC DEW Calamine Blemish Spot 20ml,268690,DEWYTREE,739,4.8,179,Chăm sóc da mặt
Kem Dưỡng Trắng Da Ban Đêm Oribe Dưỡng Ẩm Làm Mờ Thâm Nám 30g,257050,Oribe,1242,4.7,420,Chăm sóc da mặt
Dầu tẩy trang hoa hồng Cocoon 140ml,158000,The Cocoon Original Vietnam,53,4.8,12,Chăm sóc da mặt
Bộ đôi Kem chống nắng dạng xịt dưỡng da bảo vệ hoàn hảo + Kem chống nắng dạng sữa dưỡng da kiềm dầu bảo vệ hoàn hảo (Anessa Gold Spray 60g + Gold Milk 20ml),493480,ANESSA,96,4.8,26,Chăm sóc da mặt
"Kem chống nắng nâng tông Skin Aqua Tone up Mint Green cho da trắng có khuyết điểm đỏ, dạng tinh chất Sunplay Skin Aqua Tone Up UV Essence Mint Green SPF 50+ PA++++ 50g",143520,Sunplay,2801,4.8,401,Chăm sóc da mặt
Kem dưỡng trắng da sữa dê và ngọc trai Thorakao 30g,270630,Thorakao,55,5.0,10,Chăm sóc da mặt
Kem dưỡng ban đêm Sắc Ngọc Khang dưỡng sáng và mờ thâm nám 30g,260930,Sắc Ngọc Khang,564,4.7,122,Chăm sóc da mặt
Sữa Rửa Mặt Sữa Bò Trắng Da Thorakao 120g,61000,Thorakao,105,4.7,18,Chăm sóc da mặt
"Tinh chất vitamin C dưỡng trắng da, chống thâm nám Melano CC Whitening Essence 20ml",217626,Melano CC,3792,4.7,576,Chăm sóc da mặt
Dầu tẩy trang dưỡng ẩm Hada Labo Advanced Nourish Hyaluron Cleasing Oil 200ml,182666,Hada Labo,3426,4.7,287,Chăm sóc da mặt
Combo 3 Bông Tẩy Trang Jomi (80 Miếng / Túi),70000,Jomi,3378,4.6,187,Chăm sóc da mặt
Seum VItamin C 10% dưỡng trắng mờ thâm sạm Acnes Lab C10 serum 15ml,250838,Acnes,1688,4.8,136,Chăm sóc da mặt
"Kem chống nắng Skin Aqua dưỡng trắng & dưỡng ẩm, dùng hàng ngày dạng gel Sunplay Skin Aqua Silky White Gel Eco Việt Nam SPF 50, PA++++ 70g",146280,Sunplay,977,4.8,210,Chăm sóc da mặt
Kem Dưỡng Da Ban Ngày 50G Pond'S Bright Beauty Spf 30 Pa+++ Chống Nắng Sáng Hồng Rạng Rỡ,126000,Pond's,1363,4.6,173,Chăm sóc da mặt
Gel rửa mặt kiêm tẩy tế bào chết tinh chất bưởi hồng danh cho da dầu mụn 150ml,112000,Evoluderm,18,5.0,4,Chăm sóc da mặt
Kem Chống Nắng Cho Da Nhạy Cảm Cell Fusion C Derma Relief Sunscreen SPF50+/PA,399000,Cell Fusion C,8,5.0,2,Chăm sóc da mặt
Dung dịch chấm mụn bí đao Cocoon 5ml,116000,The Cocoon Original Vietnam,27,5.0,1,Chăm sóc da mặt
Nước tẩy trang hoa hồng Cocoon 310ml,209760,The Cocoon Original Vietnam,10,5.0,1,Chăm sóc da mặt
Bộ sữa chống nắng Anessa dưỡng da dịu nhẹ dạng sữa SPF50+ PA++++ 60ml và Serum dưỡng da và phục hồi da sau nắng 180ml,889640,ANESSA,24,5.0,3,Chăm sóc da mặt
Gel rửa mặt cho da dầu nhạy cảm La Roche-Posay Effaclar Foaming Gel 400ml (Túi refill),480000,La Roche-Posay,20,5.0,2,Chăm sóc da mặt
Tẩy Tế Bào Chết Rosette Thu Nhỏ Lỗ Chân Lông Gommage Clear Peel 180G,118680,Rosette,29,4.8,5,Chăm sóc da mặt
Tẩy Tế Bào Chết Rosette Dưỡng Sáng Da Gommage Bright Peel 180G,144210,Rosette,30,4.8,5,Chăm sóc da mặt
Tinh Chất Eucerin Dưỡng Cho Da Mụn Pro Acne Solution SOS Serum 40ml,333960,Eucerin,5,0.0,0,Chăm sóc da mặt
Dưỡng Chất Chống Nắng L'Oreal Paris Uv Defender Serum Protector Invisible Fluid 50ml,257000,L'ORÉAL,13,5.0,3,Chăm sóc da mặt
Giấy thấm dầu trà xanh Acnes Oil Remover Paper Green Tea 100 tờ,32000,Acnes,6924,4.7,10,Chăm sóc da mặt
Combo 30 gói Kem chống nắng nâng tông da Whoo Seol Radiant Tone Up Sunscreen 1ml,180000,the history of whoo,20,4.8,4,Chăm sóc da mặt
Serum Dưỡng Thể NIVEA Sáng Da Ban Đêm (180 ml) - 88367 (Bao bì thay đổi theo từng đợt nhập hàng),133400,Nivea,7,5.0,2,Chăm sóc da mặt
Sữa rửa mặt cho nam Oxy sạch sâu sảng khoái dưỡng ẩm dạng gel Oxy Perfect Hydra Wash 100g,68000,OXY,1325,5.0,14,Chăm sóc da mặt
Son Dưỡng Môi NIVEA Caring Color Có Màu (4.8 G),96000,Nivea,10,0.0,0,Chăm sóc da mặt
Combo 30 gói tẩy tế bào chết dạng kỳ Whoo Gong Jinhyang Seol Brightening Peeling Gel 1ml,145000,the history of whoo,73,5.0,7,Chăm sóc da mặt
"Kem dưỡng  da Sắc Ngọc Khang 5 trong 1 ban ngày 30g giúp nuôi dưỡng làn da sáng khỏe, mờ thâm nám ngăn ngừa lão hóa",242000,Sắc Ngọc Khang,178,4.8,35,Chăm sóc da mặt
Kem Dưỡng Da Ban Ngày OLAY Luminous Trắng Da Mờ Thâm Nám SPF15+ 50g,188600,Olay,659,4.5,5,Chăm sóc da mặt
Kem dưỡng ẩm cho viêm da cơ địa Cetaphil Pro AD Moisturizer 295ml,670000,Cetaphil,114,4.7,15,Chăm sóc da mặt
Tinh chất giảm thâm nám & dưỡng sáng Eucerin Spotless Brightening Booster Serum 30ml,991000,Eucerin,43,5.0,4,Chăm sóc da mặt
Combo 10 Mặt Nạ Nâng Cơ Mặt BNBG Vita Genic LIFTING Jelly Mask 30mlx10,165600,BNBG,23,5.0,4,Chăm sóc da mặt
Gel rửa mặt giảm mụn Eucerin Pro Acne Cleansing Gel 200ml,237360,Eucerin,46,5.0,4,Chăm sóc da mặt
Sữa rửa mặt tạo bọt sạch sâu cho da nhờn Eucerin Pro Acne Cleansing Foam 150g,250240,Eucerin,18,5.0,1,Chăm sóc da mặt
Kem dưỡng ẩm kiểm soát nhờn & giảm mụn Eucerin Matt Fluid 50ml,333960,Eucerin,33,0.0,0,Chăm sóc da mặt
Combo 5 Bông tẩy trang Jomi 120 miếng/gói,126960,Jomi,119,4.8,19,Chăm sóc da mặt
Tinh chất collagen hỗ trợ đặc trị bọng mắt và quầng thâm ,299860,Farmstay,91,4.7,15,Chăm sóc da mặt
Tẩy tế bào chết tinh chất trà xanh,169000,Farmstay,4,0.0,0,Chăm sóc da mặt
Cà Phê Đắk Lắk Làm Sạch Da Chết Mặt Cocoon 150ml,132000,The Cocoon Original Vietnam,153,4.8,33,Chăm sóc da mặt
Combo 2 Sữa Rửa Mặt D Program Tạo Bọt Dưỡng Da 120g,450240,d program,46,5.0,7,Chăm sóc da mặt
Kem HOLY CARE Đông Trùng - Linh Chi  9in1 20g Làm Trắng - Giảm Thâm Nám - Chống Lão Hóa - Mờ Nếp Nhăn,658100,HOLY CARE,46,5.0,7,Chăm sóc da mặt
"Kem chống nắng nâng tông Skin Aqua Tone up Mint Green cho da trắng có khuyết điểm đỏ, dạng sữa Sunplay Skin Aqua Tone Up UV Milk Mint Green SPF 50+ PA++++ 50g",143520,Sunplay,4865,4.8,708,Chăm sóc da mặt
Floslek Pharma Kem Kiểm Soát Dầu Và Điều Tiết Nhờn Mattifying Cream 50ml,450000,Floslek,29,5.0,7,Chăm sóc da mặt
Nước tẩy trang Loreal Micellar Water 3-in-1 Refreshing Even For Sensitive Skin,195000,L'ORÉAL,76,5.0,12,Chăm sóc da mặt
Sữa Rửa Mặt Hạt Nghệ Ngừa Mụn Thorakao Curcuma Cleansing Milk 100g ,66000,Thorakao,109,4.8,14,Chăm sóc da mặt
Combo 3 Bông Tẩy Trang Jomi (120 Miếng/Túi),99000,Jomi,382,5.0,40,Chăm sóc da mặt
Tẩy da chết trà xanh cao cấp Hàn Quốc Benew Green Tea Peeling Gel (120ml),115000,Benew,341,4.2,17,Chăm sóc da mặt
Hộp 10 Mặt nạ dưỡng ẩm - chống lão hóa Rainbow L'affair Multi-Care V5 Moisture Vitamin 250ml,380000,Rainbow L'affair,65,5.0,7,Chăm sóc da mặt
Nước Tẩy Trang Làm Sạch Sâu Cho Da Nhạy Cảm La Roche-Posay Micellar Water Ultra Sensitive Skin 400ml,449000,La Roche-Posay,283,4.7,48,Chăm sóc da mặt
"Kem chống nắng Skin Aqua dưỡng ẩm, dạng sữa dùng hàng ngày Sunplay Skin UV Moisture SPF 50, PA++++ 30g",89000,Sunplay,5597,4.8,307,Chăm sóc da mặt
Dung dịch dưỡng ẩm tối ưu Hada Labo Advanced Nourish Lotion dùng cho da thường và da khô 170ml,150880,Hada Labo,2817,4.7,325,Chăm sóc da mặt
Kem Chống Nắng Mona Frema SUNPRE AA High Protection Aqua Facial Gel 60ml,213710,MONA FREMA,10,5.0,4,Chăm sóc da mặt
Nước tẩy trang Emmié by HappySkin Soothing Polluclear Micellar Water (220ml) - Hàng chính hãng,109000,Emmie by happySkin,1,0.0,0,Chăm sóc da mặt
"Bông Tẩy Trang Miniso Nhật Bản 100% Cotton, 180 Miếng, Sạch Sâu, An Toàn Cho Da - HÀNG CHÍNH HÃNG MINIIN",19000,MINIIN,26,5.0,2,Chăm sóc da mặt
Sữa rửa mặt dưỡng trắng cao cấp Hada Labo Premium Cleanser Radiance 100g,106000,Hada Labo,9,5.0,1,Chăm sóc da mặt
Combo 10 Mặt Nạ Phục Hồi Cấp Tốc DR WonJin Instant Cica Sensitive Solution Mask 30g x10,275080,Wonjin Effect,11,0.0,0,Chăm sóc da mặt
"Combo 10 Mặt Nạ Cấp Ẩm Đa Tầng, Căng bóng Da BNBG PDRN Hydrating Skinbooster Mask 30ML",275080,BNBG,13,0.0,0,Chăm sóc da mặt
[GIFT] Kem Chống Nắng Cho Da Nhạy Cảm Cell Fusion C Derma Relief Suncreen 100 SPF 50+/PA++++ (1.2g),16000,Cell Fusion C,16,0.0,0,Chăm sóc da mặt
Thạch bí đao dưỡng ẩm Cocoon 30ml,178480,The Cocoon Original Vietnam,7,5.0,2,Chăm sóc da mặt
Tinh chất nghệ Hưng Yên C22 với 22% vitamin C sáng da chuyên sâu & mờ vết thâm Cocoon 30ml,365250,The Cocoon Original Vietnam,8,0.0,0,Chăm sóc da mặt
Tinh chất nghệ Hưng Yên (serum) C10 Cocoon giúp sáng da và mờ vết thâm 30ml,254150,The Cocoon Original Vietnam,117,5.0,1,Chăm sóc da mặt
Nước tẩy trang bí đao Cocoon 140ml,124200,The Cocoon Original Vietnam,17,5.0,1,Chăm sóc da mặt
Serum Phục Hồi Da RECOVER B5 SERUM Siniskin 30ml - Hàng Chính Hãng,276450,Siniskin,4,0.0,0,Chăm sóc da mặt
"Kem dưỡng phục hồi làm lành da nội sinh, ngăn ngừa nhiễm khuẩn AVÈNE CICALFATE",324760,Avène,16,5.0,2,Chăm sóc da mặt
"Kem giúp làm dịu, dưỡng ẩm da, giảm thâm, sẹo A-DERMA EPITHELIALE AH ULTRA SOOTHING CREAM",442150,A-Derma,2,0.0,0,Chăm sóc da mặt
Kem chống nắng nâng tone Kyung Lab UV Protection Tone Up Sun Cream - 50ml,270630,Kyung Lab,5,5.0,1,Chăm sóc da mặt
Kem chống nắng trắng da Tenamyd Fresh White Sand SPF 50+/PA+++ Tuýp 50g,222130,Tenamyd,5,5.0,1,Chăm sóc da mặt
Kem Mắt Kumargic Eye Hỗ Trợ Giảm Quầng Thâm & Bọng Mắt 20g,94000,KUMARGIC,87,5.0,6,Chăm sóc da mặt
Set Kem Chống Nắng Nâng Tone Whoo Radiant White Tone-Up,822000,the history of whoo,14,5.0,2,Chăm sóc da mặt
Tinh chất nghệ Hưng Yên x2.2 (serum) với 22% vitamin C sáng da chuyên sâu & mờ vết thâm Cocoon 30ml,379000,The Cocoon Original Vietnam,40,5.0,2,Chăm sóc da mặt
Gel Rửa Mặt Cho Da Mụn Compliment No Problem 200ml,79000,COMPLIMENT,85,5.0,19,Chăm sóc da mặt
Mặt Nạ JM Solution Xóa Thâm Quầng Mắt Và Nếp Chân Chim Eye Patch (Đen Sáp Ong) 60 Miếng Giảm Thâm Quầng Mắt Ngọc Trai Marine Luminous Pearl Deep Moisture Mask 90g/60pcs,241000,JM Solution,20,0.0,0,Chăm sóc da mặt
"Cốc tạo bọt sữa rửa mặt, sữa tắm nhỏ gọn thời trang tiện lợi",35000,HBH,89,4.8,17,Chăm sóc da mặt
Kem Dưỡng Phục Hồi Da Rau Má GoodnDoc Centella Repair Cream 50ml,400000,GoodnDoc,58,4.8,21,Chăm sóc da mặt
Kem dưỡng đêm giảm thâm nám & sáng da Eucerin Spotless Brightening 50ml,929000,Eucerin,46,5.0,7,Chăm sóc da mặt
 Kem dưỡng ẩm da mặt giúp da trắng hồng và se khít lỗ chân lông có chống nắng LYNSHAO ( Hàng Chính Hãng ),95000,LYNSHAO,2,0.0,0,Chăm sóc da mặt
"Kem dưỡng ẩm chuyên sâu, tái tạo da nhạy cảm Eucerin AtoControl Face Cream 50ml",272320,Eucerin,37,4.7,3,Chăm sóc da mặt
Sữa rửa mặt bạc hà ngăn ngừa mụn Nature's Secrets 100ml,85000,Nature's Secrets,26,4.7,3,Chăm sóc da mặt
Sữa rửa mặt tẩy trang & làm sáng da Reihaku Hatomugi W Cleansing Foam (130g),45000,Reihaku Hatomugi,37,4.8,4,Chăm sóc da mặt
Kem Dưỡng Trắng Da Ban Ngày Oribe Giúp Dưỡng Ẩm Chống Nắng Cho Da 30g,243000,Oribe,434,4.8,171,Chăm sóc da mặt
Kem Lão Hóa FEIYA - Chống Lão Hóa - Ngừa Nếp Nhăn - Giảm Mụn - Cải Thiện Da Tối Màu,430000,FEIYA,45,5.0,9,Chăm sóc da mặt
Nước Hoa Hồng Ý Dĩ HATOMUGI 500ml,99000,Hatomugi,78,5.0,13,Chăm sóc da mặt
Mặt Nạ Cám Gạo Dạng Đắp Keana Rice Mask Dưỡng Ẩm và Làm Sáng Da  (10 Miếng) - NHẬP KHẨU NHẬT BẢN,162500,Keana,113,5.0,13,Chăm sóc da mặt
Sữa rửa mặt tạo bọt ngăn ngừa mụn Acnes Foaming Wash 150ml,66000,Acnes,2677,4.8,189,Chăm sóc da mặt
Bộ Sản Phẩm Chăm Sóc Da Mụn La Roche Posay,734000,La Roche-Posay,5,0.0,0,Chăm sóc da mặt
Kem Nghệ Collagen Thorakao 10g,119000,Thorakao,167,4.7,35,Chăm sóc da mặt
Kem Nghệ Dưỡng Da Mụn Thorakao 7g ,40000,Thorakao,255,4.8,24,Chăm sóc da mặt
Sữa rửa mặt cao cấp Hàn Quốc Dabo Tinh Chất Lô Hội (180ml),115000,Dabo,25,5.0,1,Chăm sóc da mặt
Dung dịch dưỡng trắng da chống thâm nám Melano CC Whitening Lotion 170ml,206264,Melano CC,1550,4.5,163,Chăm sóc da mặt
Kem Hỗ Trợ Giảm Mụn Ngừa Thâm Liền Sẹo Ori'be Chiết Xuất Tảo Nâu Từ Pháp Tuýp 20g,74000,Oribe,2486,4.7,628,Chăm sóc da mặt
"Kem chống nắng Skin Aqua trang điểm tạo nền trắng mịn & đều màu dạng sữa Sunplay Skin Clear White CC Milk SPF 50, PA++++ 25g",119000,Sunplay,1595,4.7,221,Chăm sóc da mặt
 Kem Dưỡng Trắng Ngừa Nám MELANIN WHITE SKIN KN Beauty 10G,379000,KN Beauty,4,0.0,0,Chăm sóc da mặt
Kem Chống Nắng Màu Kem Nền Mona Frema SUNPRE DD Xtreme Sunscreen Foundation 50ml,78840,MONA FREMA,4,5.0,3,Chăm sóc da mặt
Nước thần keo ong (tiền tinh chất) dưỡng da giúp phục hồi làn da CNP Laboratory Propolis Ampule Essence 150ml,584640,CNP Laboratory,3,0.0,0,Chăm sóc da mặt
Kem Chống Nắng Make p:rem Vật Lý Kiềm Dầu Khô Ráo (50ml),320800,MAKE P:REM,4,5.0,1,Chăm sóc da mặt
Tinh chất làm sáng mờ thâm Emmié By Happyskin 20% Niacinabright Clear Skin Serum (30ml) - Hàng chính hãng,319000,Emmie by happySkin,1,4.0,1,Chăm sóc da mặt
Sữa Rửa Mặt Sữa Bò Thorakao Tinh Chất Giúp Da Mềm Mịn 120G,74000,Thorakao,24,5.0,1,Chăm sóc da mặt
Tinh chất keo ong tái tạo phục hồi da CNP Laboratory Propolis Energy Ampoule,386000,CNP Laboratory,2,0.0,0,Chăm sóc da mặt
"Serum dưỡng ẩm cho da mụn, nhạy cảm Hada Labo Acne Care Calming Serum 30ml",240350,Hada Labo,5,0.0,0,Chăm sóc da mặt
Kem dưỡng ẩm làm mềm bảo vệ da tay Evoluderm 150ml,109000,Evoluderm,10,0.0,0,Chăm sóc da mặt
Kem dưỡng ẩm phục hồi và nuôi dưỡng làn da Evoluderm 50ml,158240,Evoluderm,12,5.0,2,Chăm sóc da mặt
"Serum mờ thâm nám, đều màu da Anodin Goldnexamic 10X Hàn Quốc 30ml",600000,Dabo,4,0.0,0,Chăm sóc da mặt
Gel rửa mặt sạch sâu và kiểm soát mụn Emmié Pore Purifying & Blemish Control Derma Clean Gel (180ml) - Hàng chính hãng,179000,Emmié by Happy Skin,1,0.0,0,Chăm sóc da mặt
Sữa rửa mặt mờ thâm sáng da La Roche-Posay Mela B3 Clarifying Micro-Peeling Gel 200ml,625000,La Roche-Posay,2,0.0,0,Chăm sóc da mặt
"Kem dưỡng căng bóng, trẻ hóa làn da Pretty Skin Retinal Bakuchiol A-Mazing Night Cream 50gr",479000,Dabo,1,5.0,1,Chăm sóc da mặt
[Nội Địa Nhật Bản] Sữa rửa mặt nam tạo bọt Sạch nhờn cho da dầu UNO Whip Wash Nhật Bản 130g,135000,Dabo,16,5.0,3,Chăm sóc da mặt
Sữa rửa mặt Tenamyd Fresh White Sand Platinum 120g ngừa mụn cho da dầu mụn - Hàng chính hãng - Lady & Men Viet Nam,268690,Tenamyd,18,5.0,3,Chăm sóc da mặt
"Kem Chống Nắng, Chống Nước Và Nâng Tone Kose Suncut Nhật Bản Bảo Vệ Da Khỏi Tia UV, Bụi Mịn SPF50+ PA++++ 100g, 80g, 60g",129000,Kosé,7,5.0,3,Chăm sóc da mặt
Dưỡng chất giảm nếp nhăn và giúp da trông trẻ hơn Vichy Liftactiv Retinol Serum 30ml,955000,VICHY,1,0.0,0,Chăm sóc da mặt
"Sáp chống nắng W.Skin Laboratory TRIPLE CARE SUN STICK SPF50+ PA++++ (17g) size bỏ túi, không để lại vết trắng, không cay mắt {Có tem phụ nhập khẩu chính ngạch}",247000,W.SKIN LABORATORY,10,5.0,2,Chăm sóc da mặt
Sữa rửa mặt cho da dầu mụn W.Skin Laboratory AC+ TROUBLE CLEARING CLEANSING FOAM (150ml) xuất xứ Hàn Quốc {Có tem phụ nhập khẩu chính ngạch},299860,W.SKIN LABORATORY,14,5.0,2,Chăm sóc da mặt
"Sữa Rửa Mặt Làm Sạch Và Dưỡng Ẩm, Dành Cho Da Khô, Nhạy Cảm SVR Topialyse Gel Lavant 55ml",140000,SVR,6,4.0,1,Chăm sóc da mặt
Kem Mụn - Trắng Da & Mờ Vết Thâm OLY HT Chính Hãng 25g LPK,149000,OLY HT,10,0.0,0,Chăm sóc da mặt
Mặt Nạ Dưỡng Trắng Da Queenie Collagen Trứng Cá Hồi 10 Tác Dụng 21g - 1 miếng,29000,,18,0.0,0,Chăm sóc da mặt
"Kem Chống Nắng SUN CREAM 100ml, Chống Tia Cực Tím SPF 50+, Tăng Độ Ẩm & Dưỡng Chất Cho Da, Bảo Vệ Da Khỏi Tác Hại Bên Ngoài",99000,QUYÊN LARA Natural product Spa Health club,4,4.0,1,Chăm sóc da mặt
Tẩy tế bào chết da mặt Sakura Gentle Facial Scrub 30ml,546000,SAKURA,3,0.0,0,Chăm sóc da mặt
Dầu Tẩy Trang Chiết Xuất Dầu Olive & Argan Deve Clean sing Oil 500ml & 200ml,179000,Deve Sumi,21,4.7,3,Chăm sóc da mặt
Mặt Nạ Mắt Giảm Thâm Giảm Nếp Nhăn JM Solution Honey Luminous Royal Propolis Eye Patch Black 60 miếng - JESS SHOP COSMETICS,163000,Jmsolution,32,4.5,7,Chăm sóc da mặt
Bộ sản phẩm làm sạch sâu dành cho da nhạy cảm La Roche-Posay Effaclar Double Cleansing,715000,La Roche-Posay,5,5.0,1,Chăm sóc da mặt
Xịt Chống Nắng Toàn Thân Lâu Trôi Vichy Capital Soleil SPF50+ 200ml (Tặng băng đô mèo xinh xắn),634999,VICHY,16,4.5,2,Chăm sóc da mặt
"Combo 10 Mặt Nạ Chống Lão Hóa, Giảm Nếp Nhăn BNBG Vita Cocktail AGE Foil Mask 30mlx10",275080,BNBG,15,5.0,6,Chăm sóc da mặt
Kem ROSA Nhân Sâm Đỏ - ROSA INTENSIVE WHITE GINSENG REFINING CREAM 20G,595200,Rosa,21,5.0,2,Chăm sóc da mặt
XỊT KHOÁNG DƯỠNG ẨM BỔ SUNG COLLAGEN QUEENIE 120ML - MỸ PHẨM CHÍNH HÃNG HÀN QUỐC,149000,Queenie,18,4.8,4,Chăm sóc da mặt
KEM DƯỠNG TRẮNG DA BAN NGÀY ANGEL CREAM QUEENIE SPF35/PA+++  50ML- MỸ PHẨM HÀN QUỐC,330000,Queenie,19,4.5,4,Chăm sóc da mặt
Kem Dưỡng Làm Dịu Kích Ứng Và Phục Hồi Da La Roche-Posay Cicaplast Baume B5 (40ml) Tặng Nước Tẩy Trang La Roche 50ml,337700,La Roche-Posay,33,4.7,11,Chăm sóc da mặt
Bộ Dưỡng Chống Lão Hoá Su:m 37 LosecSumma Elixir 3pcs GWP Set 57ml,343000,SU:M37,46,4.6,13,Chăm sóc da mặt
Kem tẩy trang trà xanh sạch sâu Welcos Green Tea Fresh Cleansing Hàn Quốc 300g tặng kèm móc khóa,251000,Welcos,14,4.0,5,Chăm sóc da mặt
Kem Chống Nắng Heliocare 360 Gel Oil-Free 40ml,1367000,Heliocare,55,5.0,8,Chăm sóc da mặt
Kem chống nắng cao cấp dành cho da mặt - Benew Daily Sun Protection Collagen Face Cream 70ml,119000,Benew,1652,4.6,207,Chăm sóc da mặt
Nước Tẩy Trang L'Oreal 3 In 1 Micellar Làm Sạch Sâu (400ml),193030,L'ORÉAL,224,5.0,28,Chăm sóc da mặt
Kem Chống Nắng Không Màu Kiểm Soát Dầu La Roche-Posay Anthelios XL Dry Touch Gel-Cream SPF 50+ UVB & UVA (50ml),308320,La Roche-Posay,125,4.5,26,Chăm sóc da mặt
Sữa rửa mặt Hada Labo chống lão hóa Premium Cleanser Aging Care 100g,106000,Hada Labo,13,0.0,0,Chăm sóc da mặt
Kem Rửa Mặt OXY DEEP WASH Sạch Sâu 100g,68800,OXY,1,0.0,0,Chăm sóc da mặt
Sữa rửa mặt X-Men 100g Detox/Sáng da/Ngừa mụn/Kiểm soát nhờn/Mát lạnh,54000,X-Men,26,5.0,1,Chăm sóc da mặt
"Nước hoa hồng Evoluderm se khít lỗ chân lông, dưỡng ẩm & làm sạch 250ml",98000,Evoluderm,37,5.0,1,Chăm sóc da mặt
"Sữa rửa mặt cho nam Oxy sạch dịu nhẹ, giảm khô căng dạng gel Oxy Hydrating Wash 100g",75000,OXY,37,4.3,8,Chăm sóc da mặt
Kem chống nắng Bí đao Cocoon 50ml dạng sữa - sữa chống nắng,387050,The Cocoon Original Vietnam,72,5.0,4,Chăm sóc da mặt
Serum cải thiện lão hóa Hada Labo Pro-Aging Retinol B3 Serum 30ml,260452,Hada Labo,70,5.0,7,Chăm sóc da mặt
"Tinh Chất JA Hydra Bonding Serum Dưỡng Ẩm Phục Hồi Da, Giúp Da Căng Bóng Chuyên Sâu 55ml",1920000,HISTOLAB,2,0.0,0,Chăm sóc da mặt
Kem Dưỡng Olay Luminous Sáng Da Mờ Thâm Nám Ban Đêm 50g,179400,Olay,364,4.2,6,Chăm sóc da mặt
Sữa chống nắng La Roche-Posay cho da dầu mụn Anthelios UVMUNE400 Fluid - 50ml,428000,La Roche-Posay,37,5.0,3,Chăm sóc da mặt
"Kem Chống Nắng, Dưỡng Da Cao Cấp Dành Cho Nam - DABO FOR MEN BLACK UV FORCE TONE UP CREAM 50ML",296100,Dabo,4,0.0,0,Chăm sóc da mặt
Kem Phục Hồi - Giữ Ẩm - Trắng Da & Chống Nắng OLY HT Chính Hãng 12g & 25g LPK,69000,OLY HT,3,0.0,0,Chăm sóc da mặt
"Bộ mỹ phẩm chăm sóc da, kem chống nắng, serum thiên nhiên, sữa rửa mặt, nước tẩy trang, toner hoa hồng Thanh Mộc Hương",970000,Thanh Mộc Hương,1,0.0,0,Chăm sóc da mặt
"Strataderm 5g - Gel Silicone ngăn ngừa sẹo lồi, sẹo xấu, sẹo lâu năm",380000,Strataderm,7,0.0,0,Chăm sóc da mặt
Nước tẩy trang sạch sâu dưỡng trắng Hada Labo Micellar Water Whitening 240ml,109000,Hada Labo,398,4.6,30,Chăm sóc da mặt
Hộp mặt nạ dưỡng trắng chuyên sâu Hada Labo Premium Whitening Serum Mask 115g (hộp 5 miếng x 23g/ miếng),159160,Hada Labo,201,5.0,20,Chăm sóc da mặt
Bộ travel size dưỡng ẩm sâu Hada Labo Advanced Nourish Travel kit (Kem rửa mặt 15g + Dung dịch dưỡng 20ml + Kem dưỡng 12g),80000,Hada Labo,109,4.6,7,Chăm sóc da mặt
Mặt nạ khô MEDiCARE 25 miếng,35000,Medicare,221,4.7,18,Chăm sóc da mặt
"Sữa rửa mặt Simple giúp cấp ẩm, da trông khỏe và mịn màng - cho da khô nhạy cảm 150ml [CHÍNH HÃNG ĐỘC QUYỀN] [MỚI]",109000,SIMPLE,8881,4.7,227,Chăm sóc da mặt
"Ampoule Lão Hóa, Nâng Cơ & Chống Nhăn Da Mirum Wrinkle Pepta Lifting Shot Ampoule 50ml",665000,Mirum,3,4.5,2,Chăm sóc da mặt
"Kem chống nắng nâng tông Skin Aqua Tone up Rose cho da trắng, khuyết điểm xanh hoặc tái xanh, dạng tinh chất Sunplay Skin Aqua Tone Up UV Essence Happiness Aura (Rose) SPF 50+ PA++++ 50g",143520,Sunplay,2226,4.8,216,Chăm sóc da mặt
Mặt nạ chuyên biệt cho da mụn Acnes Blemish Control Mask (3 miếng/1 Gói/ 65ml),48000,Acnes,656,4.8,66,Chăm sóc da mặt
Sữa Rửa Mặt Tạo Bọt Ngừa Mụn Oriss 100g - Chuyên Dành Cho Da Mụn,116000,Oriss,307,4.8,101,Chăm sóc da mặt
Mặt Nạ Lột Nhẹ Hương Mật Ong Vedette 50ml,95000,Vedette,100,4.7,24,Chăm sóc da mặt
[KHUYẾN MÃI] Serum Hydro B5 Plus Dưỡng Chất Chuyên Sâu Hỗ Trợ Phục Hồi Da DRC+ 120ml,709000,DRC PLUS,97,4.8,19,Chăm sóc da mặt
Kem chống nắng dạng sữa dưỡng da kiềm dầu bảo vệ hoàn hảo Anessa Perfect UV Sunscreen Skincare Milk SPF 50+ PA++++ 20ml,205252,ANESSA,182,4.8,30,Chăm sóc da mặt
Kem Dưỡng Da Ốc Sên Ban Ngày Thorakao 30g,178000,Thorakao,38,5.0,8,Chăm sóc da mặt
kem chống nắng dưỡng trắng da collagen BENEW hàn quốc ( 70ml),119000,Benew,64,4.3,3,Chăm sóc da mặt
Sữa Rửa Mặt Nam Ngăn Ngừa Mụn Sạch Nhờn Trắng Da Hàn Quốc Cao Cấp Dabo Black Force (120ml) – Hàng Chính Hãng,115000,Dabo,23,4.6,5,Chăm sóc da mặt
Sữa Rửa Mặt Tinh Chất Trà Xanh sạch nhờn ngừa mụn Benew Green Tea Foam Cleansing Hàn Quốc (100ml) – Hàng Chính Hãng,72000,Benew,2,0.0,0,Chăm sóc da mặt
"Sữa Rửa Mặt Dành Cho Nam Dabo Black Force Mild Scrub Cleanser Than Hoạt Tính Kháng Khuẩn, Ngừa Mụn, Sạch Nhờn (120ml) - Hàng Chính Hãng ",115000,Dabo,598,4.6,90,Chăm sóc da mặt
Kem Dưỡng Trắng Sáng & Giảm Thâm Nám Ban Ngày Senka White Beauty UV Cream 50g SPF 25 PA ++,199640,Senka,226,4.5,15,Chăm sóc da mặt
Sữa rửa mặt dành cho phái mạnh ngừa mụn tối ưu Hàn Quốc Dabo Black Force – For Men (120ml) – Hàng chính hãng.,115000,Dabo,37,4.7,7,Chăm sóc da mặt
Kem Hỗ trợ Trị Sẹo DottorPrimo Scargel Plus Của Ý Hỗ Trợ Trị Sẹo Ngay Khi Vết Thương Còn Ướt Đẩy Nhanh Quá Trình Đóng Vảy Và Lên Da Non Ngăn Chặn Hình Thành Sẹo Ngay Từ Giai Đoạn Này,386000,DottorPrimo,8,5.0,1,Chăm sóc da mặt
Sữa Rửa Nam Ngăn Ngừa Mụn Trắng Da Dabo Black Force (120ml),115000,Dabo,11,4.5,2,Chăm sóc da mặt
Kem dưỡng trắng da Acnes Whitening+ Cream 50g,79000,Acnes,1251,4.5,143,Chăm sóc da mặt
Bộ 3 Hộp Silcot Bông Trang Điểm (bông tẩy trang) Nhật Bản Cao Cấp (66 Miếng/Hộp),110000,Silcot,8971,4.7,492,Chăm sóc da mặt
Sữa Rửa Mặt Tươi Mới Biyokea (100g),229890,Biyokea,2,0.0,0,Chăm sóc da mặt
Combo 10 Mặt Nạ Dermal Tinh Chất Collagen Với Chiết Xuất Trà Xanh,115000,Dermal,154,5.0,22,Chăm sóc da mặt
Xịt Khoáng Làm Dịu Và Bảo Vệ Da La Roche-Posay Thermal Spring Water (300ml) - M0362400,449000,La Roche-Posay,46,5.0,11,Chăm sóc da mặt
Mặt nạ ngủ tái sinh và chống lão hóa belif Regenerating Mask 75ml,561000,Belif,4,5.0,3,Chăm sóc da mặt
"Serum dưỡng ẩm chuyên sâu, làm dịu da Acnes Lab B5 Recovery Serum 25ml",298908,Acnes,49,4.8,6,Chăm sóc da mặt
Kem dưỡng da giảm mụn chuyên sâu Acnes Lab Acne Repair Cream 20g,134320,Acnes,45,5.0,1,Chăm sóc da mặt
"Sữa rửa mặt cho nam Oxy sạch dịu nhẹ, kiềm dầu dạng kem Oxy Oil Acne Wash 100g",75000,OXY,43,5.0,7,Chăm sóc da mặt
Xịt khoáng nghệ Hưng Yên Cocoon 130ml,168130,The Cocoon Original Vietnam,24,5.0,3,Chăm sóc da mặt
Nước Tẩy Trang Chacott Cleansing Water 500ml,253074,Chacott,132,4.3,3,Chăm sóc da mặt
"Kem Nám Đêm MELANIN BLOCK LYCOS, Kem Nám Lycos - Phiên bản nâng cấp : giảm thâm nám tàn nhang, dưỡng trắng da. hiệu quả lên đến 99%",520000,LYCOS,7,3.7,3,Chăm sóc da mặt
Sữa rửa mặt CETAPHIL da dầu & da nhạy cảm 125ml,195000,Cetaphil,5,1.0,1,Chăm sóc da mặt
[MỚI] Serum dưỡng da và phục hồi da sau nắng Anessa Night Sun Care Serum 180ml,513720,ANESSA,21,5.0,2,Chăm sóc da mặt
Dung dịch cải thiện lão hóa Hada Labo Pro-Aging Retinol B3 Lotion 170ml,199272,Hada Labo,56,5.0,2,Chăm sóc da mặt
Sữa rửa mặt dưỡng trắng Melano CC Deep Clear Enzyme Face Wash 130g,130640,Melano CC,42,4.6,7,Chăm sóc da mặt
"Serum chống nắng ngăn sạm, nám da Skin Aqua Nexta Shield Serum UV Essence SPF50+ PA++++ 50g ( dạng tinh chất)",253000,Nexta,60,4.5,7,Chăm sóc da mặt
Sữa Rửa Mặt Ohui Hồng Miracle Moisture Cleansing Foam 200ml,550000,OHUI,11,5.0,2,Chăm sóc da mặt
Kem chống nắng cho da dầu mụn Acnes Blemish Control Sunscreen 50g,122000,Acnes,2652,4.5,8,Chăm sóc da mặt
Kem dưỡng trắng dạng gel Hada Labo Perfect White Tranexamic Acid Cream 50g,182666,Hada Labo,1027,4.5,27,Chăm sóc da mặt
Nước tẩy trang cho da mụn Acnes Micellar Water 200ml,82000,Acnes,190,4.8,22,Chăm sóc da mặt
Nước Tẩy Trang làm Sạch Sâu Garnier Micellar Cleansing Water,39000,Garnier,13,5.0,2,Chăm sóc da mặt
Sữa rửa mặt làm sạch dịu nhẹ không xà phòng Cetaphil Gentle Skin Cleanser 500ml,355000,Cetaphil,154,4.7,39,Chăm sóc da mặt
Sữa rửa mặt tạo bọt Eveline vitamin C phục hồi làm trắng da 150ML,99000,Eveline,22,4.5,2,Chăm sóc da mặt
Tẩy Da Chết Ohui Extreme White Peeling 60ml,538000,OHUI,8,5.0,3,Chăm sóc da mặt
Dung dịch tẩy tế bào chết Paula’s Choice Skin Perfecting 2% BHA Liquid Exfoliant 118 ml-2010,690000,Paula's Choice,22,4.5,12,Chăm sóc da mặt
Gel rửa mặt giảm mụn Eucerin Pro Acne Cleansing Gel 75ml,173052,Eucerin,19,5.0,1,Chăm sóc da mặt
Sữa rửa mặt dịu lành cho da nhạy cảm Cetaphil Gentle Skin Cleanser 500ml,425000,Cetaphil,738,4.8,197,Chăm sóc da mặt
Combo 10 Mặt Nạ BNBG Hydrating Vita Genic Jelly Mask Dưỡng Ẩm Da Đa Tầng 30mlx10,164680,BNBG,32,5.0,6,Chăm sóc da mặt
Bộ đôi Kem chống nắng dạng sữa dưỡng da kiềm dầu bảo vệ hoàn hảo + Kem chống nắng dạng xịt dưỡng da bảo vệ hoàn hảo (Anessa Gold Milk 60ml + Gold Spray 60g),758080,ANESSA,224,5.0,4,Chăm sóc da mặt
Cicaplast Baume B5 La Roche-Posay Kem Dưỡng Làm Dịu Mát Mượt & Phục Hồi Da Phù Hợp Cho Trẻ Em - Trẻ Sơ Sinh (100ml) - M6918702,490000,La Roche-Posay,80,4.5,17,Chăm sóc da mặt
Kem chống nắng body Skin Aqua mát lạnh dùng hàng ngày Sunplay Skin Aqua UV Body Cooling Lotion SPF 50+ PA++++ 150g,155480,Sunplay,1153,4.7,207,Chăm sóc da mặt
[KHUYẾN MÃI] Serum HA Plus Dưỡng Ẩm Căng Bóng Giảm Nếp Nhăn Hyaluronic Acid AWAKETHECELL 300ml,614000,AWAKETHECELL,188,4.7,26,Chăm sóc da mặt
BỘ 10 MẶT NẠ 3W CLINIC FRESH POMEGRANATE MASK SHEET + TẶNG KÈM 01 MẶT NẠ CÙNG LOẠI,65000,3W Clinic,4,0.0,0,Chăm sóc da mặt
Kem chống nắng giảm bóng nhờn La Roche Posay Anthelios XL Dry Touch 50ml,470000,La Roche-Posay,1,0.0,0,Chăm sóc da mặt
Kem Dưỡng Giảm Thâm Quầng Mắt Himalaya 15ml,189732,Himalaya Herbals,744,4.6,168,Chăm sóc da mặt
Kem chống nắng dạng tinh chất Senka Perfect UV Essence 50g,148120,Senka,1027,4.6,149,Chăm sóc da mặt
Serum Giảm Thâm Quầng Mắt Thorakao 10g,140000,Thorakao,42,5.0,7,Chăm sóc da mặt
Nước hoa hồng Dear Klairs Supple Preparation Facial Toner 180ml,218250,Klairs,77,4.8,6,Chăm sóc da mặt
Kem Dưỡng Ban Đêm OLAY Total Effects 50g,238280,Olay,171,4.7,11,Chăm sóc da mặt
"Kem Giảm Nám, Tàn Nhang, Đồi Mồi Yanhee Mela Cream (20g)",109000,Yanhee,438,4.3,32,Chăm sóc da mặt
Gel Tẩy Tế Bào Chết Naruko Trà Tràm Tea Tree Shine Control And Blemish Clear Peeling Gel (120ml),290460,Naruko,97,5.0,17,Chăm sóc da mặt
"Sữa Rửa Mặt Cetaphil Gentle Skin Cleaner (500ml) - 8394107341305,9318637069637",355000,Cetaphil,461,5.0,115,Chăm sóc da mặt
Lotion dưỡng ẩm cao cấp - Siêu cấp ẩm cho da căng mượt Hada Labo Gokujyun Premium Hydrating Lotion (170ml),217626,Hada Labo,2550,4.7,384,Chăm sóc da mặt
Dung dịch dưỡng ẩm tối ưu Hada Labo Advanced Nourish Lotion dùng cho da dầu 170ml,150880,Hada Labo,3899,4.7,439,Chăm sóc da mặt
"Actidem Derma Gel Ho Tro Ngan Ngua Mun, Lam Mo Vet Tham (40g/tuyp)",198550,Derma,4,0.0,0,Chăm sóc da mặt
Tinh chất dưỡng sáng ngọc trai belif Super drops - Glow serum 50ml,628000,Belif,1,5.0,1,Chăm sóc da mặt
Tinh chất tái tạo và cải thiện nếp nhăn belif Super drops - Peptide Firming Serum 30ml,599040,Belif,2,5.0,1,Chăm sóc da mặt
Kem chống nắng nâng tông da CNP Laboratory Tone-Up Protection Sun SPF42/PA+++ 50ml,459000,CNP Laboratory,12,3.5,2,Chăm sóc da mặt
Kem Dưỡng Trắng Da Cấp Ẩm Đa Tầng Angel's Liquid 7 Day Whitening Program Glutathione 700 V-Cream 50ml,409000,Angel's Liquid,25,4.8,5,Chăm sóc da mặt
"Tinh chất bí đao 7% Niacinamide giúp giảm mụn, mờ vết thâm Cocoon 70ml",252080,The Cocoon Original Vietnam,14,5.0,2,Chăm sóc da mặt
Sữa rửa mặt dạng gel rửa mặt cà phê Đắk Lắk Cocoon 310ml,252080,The Cocoon Original Vietnam,7,5.0,1,Chăm sóc da mặt
"Set 3 lọ xịt mọc tóc Minoxidil Bailleul Pháp, 2%",720000,HISTOLAB,9,0.0,0,Chăm sóc da mặt
Nước Hoa Hồng Lancome Tonique Confort Toner 125ml,330000,lancome,11,0.0,0,Chăm sóc da mặt
"Kem dưỡng ẩm cho da mụn, nhạy cảm Hada Labo dạng gel Acne Care Calming Gel Cream 50g",182666,Hada Labo,33,4.5,8,Chăm sóc da mặt
"Dung dịch dưỡng trắng cao cấp, cải thiện thâm nám, tàn nhang Hada Labo Shirojyun Premium Whitening Lotion 170ml",201020,Hada Labo,56,5.0,3,Chăm sóc da mặt
[Hàn Quốc] Sữa rửa mặt tạo bọt chiết xuất cám gạo cho da dầu On The Body: Rice Therapy Rice Bran Scrub Foam Cleanser 150g,124200,On The Body,43,4.7,7,Chăm sóc da mặt
Kem Chống Nắng UVA+UVB Chống Bụi Mịn Vichy Spf50+CapitalSoleilMattifying 3in1 50ml,508000,VICHY,9,0.0,0,Chăm sóc da mặt
"Kem Dưỡng Ban Đêm Tái Tạo, Phục Hồi Và Trẻ Hóa Làn Da PrettySkin Retinal BakuChiol A-Mazing Night Cream 30ml",237650,PrettySkin,4,5.0,1,Chăm sóc da mặt
Phấn lạnh Snake Brand Prickly Heat Cooling powder Thái Lan 140g,99000,Mugens,7,5.0,1,Chăm sóc da mặt
Kem chống nắng dạng sữa dưỡng da kiềm dầu bảo vệ hoàn hảo Anessa Perfect UV Sunscreen Skincare Milk SPF 50+ PA++++ 20ml,60000,ANESSA,11,0.0,0,Chăm sóc da mặt
Tinh Chất Chăm Sóc Da The Auragins,197211,THE AURAGINS,14,5.0,2,Chăm sóc da mặt
Dung Dịch Tẩy Tế Bào Chết Paula's Choice 2% BHA 30ml - 118ml,317000,Paula's Choice,8,3.0,2,Chăm sóc da mặt
Combo 30 gói Kem chống nắng OHUI Day Shield Perfect Sun Black SPF50+ PA++++ 1ml,130000,OHUI,37,5.0,6,Chăm sóc da mặt
"Kem chống nắng nâng tông Skin Aqua Tone up Latte Beige cho mọi tông da, dạng tinh chất Sunplay Skin Aqua Tone Up UV Essence Latte Beige SPF 50+ PA++++ 50g",143520,Sunplay,1524,4.8,163,Chăm sóc da mặt
Sữa Rửa Mặt Ngừa Mụn Và Làm Sáng Da 31302 Reihaku Hatomugi Facial Foam(Tuýp 130 G),65000,Hatomugi,11,5.0,3,Chăm sóc da mặt
Gel hỗ trợ giảm mụn và vết thâm Megaduo (15g),146000,Gamma Chemicals PTE,80,4.8,16,Chăm sóc da mặt
"Kem dưỡng ngày trắng da, làm sáng da,làm mờ dấu hiệu lão hóa da Lá House Herbal White DD Cream SPF 60PA+++ 10ml/30ml",425000,Lá House,401,5.0,57,Chăm sóc da mặt
"Kem Dưỡng Da Ban Đêm Sắc Ngọc Khang 10g giúp dưỡng da ẩm mịn, tươi sáng và mờ nám - sạm - tàn nhang",140000,Sắc Ngọc Khang,74,4.3,14,Chăm sóc da mặt
Nước Tẩy Trang NIVEA Pearl Bright Sáng Da | Sạch Sâu (400 ml) - 84912,119600,Nivea,122,0.0,0,Chăm sóc da mặt
Gel Rửa Mặt Sạch Sâu Giảm Nhờn Vichy Normaderm Phytosolution 400ml,569999,VICHY,113,4.7,27,Chăm sóc da mặt
Serum Giảm Mụn Oriss Tinh Chất Tràm Trà Hỗ Trợ Mờ Thâm Sạch Mụn 10g,149000,Oribe,422,4.7,131,Chăm sóc da mặt
Sữa rửa mặt NIVEA Pearl White Đất Sét giúp trắng da ngọc trai (100g) - 81273,74000,Nivea,9130,4.8,6,Chăm sóc da mặt
Tẩy Da Chết Mặt Tế Bào Gốc Thực Vật Lành Tính Làm Sạch Sâu Dịu Nhẹ Dưỡng Ẩm Sáng Da Cho Da Dầu Mụn Nhạy Cảm Cellkey-Scien White Peeling Gel (80ml),261900,CELLKEY-SCIEN,1708,4.7,408,Chăm sóc da mặt
Sữa Rửa Mặt NIVEA MEN Detox Mud Bùn Khoáng Giúp Giảm Mụn & Hư Tổn Da (100G) - 83940,79000,Nivea Men,28956,5.0,4,Chăm sóc da mặt
Kem DONGSUNG Rannce Cream Ngừa Nám Chống Lão Hóa HÀN QUỐC,129000,Dongsung,225,4.6,38,Chăm sóc da mặt
Kem dưỡng ban đêm Sắc Ngọc Khang dưỡng sáng và mờ thâm nám 10g,139000,Sắc Ngọc Khang,500,4.5,93,Chăm sóc da mặt
"Kem Nám Trắng Da Tàng Nhang Đồi Mồi (15g, 25g) Sắc Tiên Today",111000,Sắc Tiên Today,29,4.5,2,Chăm sóc da mặt
Nước Hoa Hồng Thorakao 150ml,84000,Thorakao,50,4.8,10,Chăm sóc da mặt
Nước tẩy trang SENKA A.L.L. CLEAR WATER Micellar Formula White 230ml,97000,Senka,38782,4.6,293,Chăm sóc da mặt
"Kem Phục Hồi Da Làm Lành Da, Chống Nhiễm Khuẩn Cicalfate Cream 40ml Avene",309260,Avène,273,5.0,48,Chăm sóc da mặt
Sữa Rửa Mặt Tạo Bọt Chiết Xuất Đất Sét Trắng Senka Perfect White Clay New 14840 (120g),96000,Senka,46082,4.6,103,Chăm sóc da mặt
Sữa rửa mặt ngăn ngừa mụn dạng gel Acnes 25+ Facial Wash 100g,67000,Acnes,1267,4.8,173,Chăm sóc da mặt
Nước Khoáng Làm Dịu Và Bảo Vệ Da La Roche-Posay Thermal Spring Water (50ml) - M0362500,89000,La Roche-Posay,545,4.2,26,Chăm sóc da mặt
Combo 3 Phim Thấm Dầu Jomi Mayan (70 Tờ) - Xanh,139840,Mayan,8147,4.8,407,Chăm sóc da mặt
Tinh chất dưỡng da Olay 5 in 1 Super Serum (30ml) - Hàng chính hãng,709000,Olay,4,0.0,0,Chăm sóc da mặt
"Bông Tẩy Trang La Mer Cotton Organic, 120 - 201 Miếng Mềm Mịn, An Toàn Cho Da - HÀNG CHÍNH HÃNG MINIIN",39000,MINIIN,6,5.0,1,Chăm sóc da mặt
"Dung dịch dưỡng trắng, cải thiện thâm nám, đốm nâu Melano CC Whitening Lotion (Rich Type)",195776,Melano CC,7,5.0,1,Chăm sóc da mặt
Dầu tẩy trang hoa hồng Cocoon 140ml,165600,The Cocoon Original Vietnam,31,5.0,3,Chăm sóc da mặt
"[Mới] Kem Chống Nắng Kiềm Dầu SẮC NGỌC KHANG 50g - bảo vệ toàn diện, kiểm soát bóng dầu hiệu quả",247000,Sắc Ngọc Khang,5,5.0,1,Chăm sóc da mặt
Tẩy da chết mặt Compliment giảm mụn sạch da,95000,COMPLIMENT,2,5.0,1,Chăm sóc da mặt
[Gift] Dung dịch dưỡng trắng da tối ưu Hada Labo Perfect White Tranexamic Acid Lotion 20ml,34000,Hada Labo,1076,0.0,0,Chăm sóc da mặt
Nước Hoa Hồng Cấp Ẩm Kiềm Dầu Dưỡng Trắng Xóa Nhăn Cellkey-Scien Moist Daily Toner (150ml),515000,CELLKEY-SCIEN,21,5.0,9,Chăm sóc da mặt
Gel Lột Mụn Than Tre Hoạt Tính OKESHOP 30ml - Giải Pháp Loại Bỏ Mụn Đầu Đen - Mụn Cám - Bạ Nhờn - Làm Sạch Sâu Và Thu Nhỏ Lỗ Chân Lông,69000,HOLY CARE,35,5.0,1,Chăm sóc da mặt
"Serum dưỡng ẩm Tối Ưu, Phục Hồi Da Hada Labo Advanced Nourish Hyaluronic Acid (30 ml)",217626,Hada Labo,43,5.0,3,Chăm sóc da mặt
Cao Nám Whoo Làm Trắng Làm Mờ Vết Thâm Nám combo 10 vỉ,190000,the history of whoo,16,5.0,2,Chăm sóc da mặt
Sữa Rửa Mặt Dạng Gel Dành Cho Da Dầu Nhạy Cảm Effaclar Gel Moussant Purifiant La Roche Posay 50ml,50000,La Roche-Posay,83,4.7,17,Chăm sóc da mặt
"Hộp 10 miếng mặt nạ Hàn Quốc Yuejin B5 Repair Control EGF cấp ẩm đa tầng, phục hồi và làm dịu da",291400,Yuejin,39,4.0,1,Chăm sóc da mặt
"Serum Làm Dịu, Làm Lành Và Phục Hồi Da Tổn Thương Hằng Ngày Uriage Bariéderm-Cica Daily Serum 30ml",839000,Uriage,11,5.0,1,Chăm sóc da mặt
Bông Tẩy Trang 200 Miếng Beyaki,40420,Beyaki,25,4.0,1,Chăm sóc da mặt
Nước dưỡng sáng & cấp ẩm cho da Eucerin Boosting Essence 100ml,494000,Eucerin,9,0.0,0,Chăm sóc da mặt
Gel Mụn Khẩn Cấp SOS Compliment No Problem 25ml,62000,COMPLIMENT,8,4.7,3,Chăm sóc da mặt
"Sữa dưỡng ẩm cho da dầu mụn, nhạy cảm Cetaphil Pro Acne Prone Oil-free Moisturizing Lotion SPF 25 118ml",655000,Cetaphil,13,0.0,0,Chăm sóc da mặt
Tẩy da chết Eveline Beauty & Glow làm sáng da với hạt massage và Enzyme tự nhiên 75ML,99000,Eveline,2,0.0,0,Chăm sóc da mặt
SỮA RỬA MẶT ENZYME,150000,Dr.D,85,5.0,10,Chăm sóc da mặt
"KEM CHỐNG THÂM QUẦNG, BỌNG MẮT, NẾP NHĂN VÙNG MẮT NEW KUMARGIC EYE DX 20g Nhật Bản (Mẫu mới nhất)",227950,KUMARGIC,61,5.0,11,Chăm sóc da mặt
Bộ sản phẩm Men Stay Simplicity chăm sóc da dầu mụn cho nam Acne Relief Skincare Trio: Sữa rửa mặt 100g x Serum 30ml x Kem dưỡng ẩm 80g,622000,Men Stay Simplicity,37,5.0,7,Chăm sóc da mặt
Serum Karmel Detox Acnes Kamel 10ml - Ngừa Mụn Hiệu Quả Cao ( mẫu mới ),360000,Karmel,47,4.6,10,Chăm sóc da mặt
Kem Chống Nắng Dành Cho Da Khô Nhạy Cảm La Roche-Posay Anthelios Hydrating Cream SPF50+ 50ml (Tặng băng đô mèo xinh xắn),424999,La Roche-Posay,162,4.7,30,Chăm sóc da mặt
Nước Tẩy Trang NIVEA Ngừa Mụn Acne Care Micellar Water (400ML) - 80116,120000,Nivea,2,0.0,0,Chăm sóc da mặt
BÔNG TẨY TRANG MINISO Hộp 1000 MIẾNG,42000,MINISO,444,4.5,75,Chăm sóc da mặt
Sữa rửa mặt dưỡng ẩm Hoàng Cung Whoo Gong Jin Hyang Foam 40ml,118000,the history of whoo,181,4.7,34,Chăm sóc da mặt
Kem dưỡng ẩm đa năng Facial Moisturizer Men Stay Simplicity,231830,Men Stay Simplicity,22,0.0,0,Chăm sóc da mặt
Dung dịch dưỡng ẩm tối ưu Hada Labo Advanced Nourish Lotion dùng cho da thường và da khô 100ml,115000,Hada Labo,1653,4.8,227,Chăm sóc da mặt
Dung dịch dưỡng ẩm tối ưu Hada Labo Advanced Nourish Lotion dùng cho da dầu 100ml,115000,Hada Labo,3028,4.7,324,Chăm sóc da mặt
Dưỡng Chất Chuyên Sâu Giúp Hỗ Trợ Quá Trình Tái Tạo Da La Roche-Posay Hyalu B5 Serum 30ml,765000,La Roche-Posay,5,0.0,0,Chăm sóc da mặt
Kem Chống Nắng Sakura Physical Daily Defense SPF 50+ PA ++++ (60g),895000,SAKURA,12,0.0,0,Chăm sóc da mặt
Kem chống nắng giúp dưỡng trắng da Eucerin Double SPF 50+,529000,Eucerin,134,4.8,24,Chăm sóc da mặt
Nước tẩy trang sạch thoáng Senka A.L.L.Clear Water Fresh 230ml,96000,Senka,28691,4.8,181,Chăm sóc da mặt
Kem Dưỡng Da Dưỡng Ẩm Cả Ngày (50ml),86400,Himalaya Herbals,259,4.7,19,Chăm sóc da mặt
La Roche-Posay - Gel Rửa Mặt Tạo Bọt Cho Da Dầu Nhạy Cảm Effaclar Purifying Foaming Gel 200ml,379000,La Roche-Posay,57,0.0,0,Chăm sóc da mặt
Xịt Khoáng Avène Thermal Spring Water 100715921 (300ml),282000,Avène,45,4.7,6,Chăm sóc da mặt
Combo 5 Miếng Dán hỗ trợ điều trị Mụn Mayancare 20 Miếng (0.8cm),123280,Mayan,3026,4.7,148,Chăm sóc da mặt
Bông Tẩy Trang Jomi 120 Miếng/Túi ,40000,Jomi,30,5.0,1,Chăm sóc da mặt
Nước Xịt Khoáng Evoluderm 400ml - 7084  ,169000,Evoluderm,736,4.8,156,Chăm sóc da mặt
Kẻ Mắt Glamrr Q Chống Nước Thuần Chay VEGAN SUPER STAY EYELINER (0.6g),156400,Glamrr Q,15,0.0,0,Trang điểm
Son Dưỡng Dầu Dừa Bến Tre Cocoon ,27200,The Cocoon Original Vietnam,12315,5.0,3,Trang điểm
Phấn phủ CARSLAN dạng bột từ tính kiềm dầu màu đen chống nước chống mồ hôi che phủ bóng dầu cho mặt 8g,219880,Carslan,59,4.8,6,Trang điểm
Chì kẻ mày PERFECT DIARY 0.28g chống thấm nước 5 màu tùy chọn,124200,PERFECT DIARY,15,4.5,2,Trang điểm
Son kem lì PERFECT DIARY DreamMatte nhiều màu siêu mịn lâu trôi cao cấp 2.5g,118680,PERFECT DIARY,20,3.0,3,Trang điểm
"Hộp mica 2 ngăn đựng đồ trang điểm, bông tấy trang, tăm bông...có nắp đậy,14.5 x 10.5 x 13 cm",144000,Nhà của Mẹ,1,0.0,0,Trang điểm
Phấn nước trang điểm căng bóng thuần chay GLAMRR Q VEGAN SUPER GLOW CUSHION (1 lõi x 15g) by Gilaa,370000,Glamrr Q,22,3.8,4,Trang điểm
Mascara Chuốt Cong Dài Dày Mi Tự Nhiên Mude Inspire Skinny Curling Mascara (3ml),179400,Mude,39,4.7,7,Trang điểm
Phấn Phủ Ngọc Trai Whoo Gongjinhyang Mi Velvet Powder Pact SPF30/PA++ Tone 2 Da Tự Nhiên,850000,the history of whoo,2,5.0,1,Trang điểm
"Gương Trang Điểm Để Bàn, Gương Soi Di Động Dòng Thấp Hai Mặt Xoay 360 Độ Gương Trang Điểm Để Bàn 2 Mặt Xoay Chất Liệu Lúa Mạch Bền Chắc",32000,fofaHome,17,4.0,1,Trang điểm
Phấn Phủ Siêu Mịn Kiểm Soát Dầu Nhờn Catalina Geo Pact 22g,231830,GEO,10,5.0,2,Trang điểm
Cọ môi lông dài VACOSI - L02-Y24,40000,Vacosi,13,4.7,3,Trang điểm
Son kem lì nhiều dưỡng GLAMRR Q LONG WEAR LIP CREAM 5g by Gilaa,137080,Glamrr Q,199,4.8,24,Trang điểm
Son dưỡng môi thuần chay có màu GLAMRR Q V​E​G​A​N S​U​P​E​R L​I​P B​A​L​M 4.5g by Gilaa,183080,Glamrr Q,145,4.8,23,Trang điểm
Phấn nước trang điểm dưỡng da GLAMRR Q LONG WEAR DD CUSHION by Gilaa (1 lõi x 13g),201480,Glamrr Q,91,4.8,15,Trang điểm
Son dưỡng có màu hiệu chỉnh sắc môi Lipice Sheer Color,64000,LipIce,6942,5.0,7,Trang điểm
Phấn nước che khuyết điểm & êm ráo làn da ẩm mịn OHUI Ultimate Cover Cushion Satin SPF50+ PA+++ 15g*2,783000,OHUI,15,4.7,3,Trang điểm
Phấn phủ bột FOCALLURE kiềm dầu 15g,77000,Focallure,2,0.0,0,Trang điểm
Son Kem Lì Maybelline New York Mịn Mượt Cushion Mattes 6.4ml,237650,Maybelline,9,3.7,3,Trang điểm
[MAYBELLINE NEW YORK] Son Thuần Chay Giúp Làm Bóng Môi Và Mềm Mịn Superstay Vinyl Ink 4.2ml,198000,Maybelline,7,3.0,2,Trang điểm
Kem Che Khuyết Điểm Transino Whitening UV Concealer SPF50 PA++++,690000,Transino,7,5.0,1,Trang điểm
BLACK ROUGE Son kem lì 4.5g,289060,Black Rouge,10,0.0,0,Trang điểm
Nhíp Inox Nhổ Lông Mày Đầu Xéo Cao Cấp KỀM NGHĨA N.426 - Hoa Văn,41650,Kềm Nghĩa,47,5.0,7,Trang điểm
Combo Serum Dưỡng Mi FEG Eyelash ,400000,FEG,69,4.6,16,Trang điểm
"Bút Chì Sáp Kẻ Lông Mày Chống Trôi Lõi Siêu Mịn Kissme Heavy Rotation Eyebrow Pencil (0,09 G)",179000,Kiss Me,34,5.0,4,Trang điểm
"Son Dưỡng Môi DHC Lip Cream Nhật Bản 1,5g",191000,DHC,12,4.0,1,Trang điểm
Son thỏi dưỡng môi trang điểm chất son satin Lip On Lip Glowy Satin 2.2g,126040,Lip On Lip,773,5.0,73,Trang điểm
Serum dưỡng hồng môi và căng mọng Lipstician Lip Serum Youth Booster 9g,284924,Lipstician,1364,4.8,70,Trang điểm
Serum Dưỡng Mày FEG EyeBrow Enhancer 3ml,271600,FEG,265,4.5,54,Trang điểm
Phấn Phủ Ngọc Trai Phấn Nụ Hoàng Cung (Màu trắng) 25gr,372000,PHẤN NỤ HOÀNG CUNG,23,5.0,4,Trang điểm
"Lông Mi Giả Hiệu Ứng 3D Tự Nhiên Koji 03 Volume Fringe, Tăng Độ Dày, Độ Cong Viền Mi (Cho Mắt Mí Lót), Nhập Khẩu Nhật Bản",260930,Koji,12,0.0,0,Trang điểm
Mascara siêu cong mi cao cấp- 2X Volume & Curling Mascara,231830,Farmstay,7,5.0,2,Trang điểm
SON DƯỠNG MÔI CAO CẤP LÂU PHAI GIÀU DƯỠNG CHẤT QUEENIE 4G - MỸ PHẨM HÀN QUỐC,281300,Queenie,73,4.7,15,Trang điểm
Son dưỡng môi không màu thành phần tự nhiên Lip Pure Natural Không Mùi 3.9g,77000,LipIce,1213,4.8,161,Trang điểm
Phấn phủ nén WH GJH Mi Two Way Pact,957000,the history of whoo,11,5.0,4,Trang điểm
SON GIÓ FRAN WILSON MOODMATCHER Giữ Ẩm Cho Môi 49g USA,119000,FRAN WILSON,368,4.6,104,Trang điểm
Son thỏi mịn môi lâu phai Naris Ceniciente Lipstick Nhật Bản 3g (#103: Hồng cam) + Móc khóa,455000,Naris Cosmetic,19,5.0,1,Trang điểm
Kéo Cắt Chân Mày Thép Không Gỉ Inox Kềm Nghĩa KM - 603 Cao Cấp - Kéo Tỉa Lông Mày,59800,Kềm Nghĩa,265,4.8,50,Trang điểm
Son dưỡng có màu tự nhiên LipIce Sheer Color Q Milk Tea (Trà sữa) 2.4g,69000,Lipice Sheer Color,9287,4.7,175,Trang điểm
Son dưỡng có màu tự nhiên LipIce Sheer Color Q,66000,Lipice Sheer Color,8859,4.7,126,Trang điểm
Chì Kẻ Mày Glamrr Q Bền Màu Thuần Chay VEGAN SUPER STAY BROW PENCIL (0.08g),105000,Glamrr Q,21,1.0,1,Trang điểm
Phấn nước che phủ toàn diện bền màu mịn màng kiềm dầu 24h mude Cushion Soft Silky Fit All Day (15g),360000,Mude,7,5.0,1,Trang điểm
Bấm Cong Mi Thân Thép Không Gỉ Kai (03 Màu),119000,Kai,2,0.0,0,Trang điểm
Bộ lấy ráy tai đa năng 6 món Cao cấp bằng thép không rỉ,78400,LuckyJQR,9,5.0,1,Trang điểm
"Gương Trang Điểm Gấp Gọn Hình Chữ Nhật Rõ Nét Gọn Nhẹ (14x20cm) Kiểu Dáng Sang Trọng, Đẹp Mắt Trang Trí Cho Góc Bàn Trang Điểm Thêm Phong Cách",20000,AlphaVH,6,0.0,0,Trang điểm
Sáp dưỡng đa năng Vaseline dưỡng ẩm giảm tình trạng da khô nứt nẻ,67000,Vaseline,3,0.0,0,Trang điểm
Kéo Cắt Tỉa Lông Mũi Đầu Tròn KM 604- Thép Không Gỉ Cao Cấp - Thiết Kế Nhỏ - Gọn - Nhẹ - An toàn,78400,LuckyJQR,11,0.0,0,Trang điểm
Son kem lì PERFECT DIARY ReadMe chất son mỏng nhẹ bám màu lâu trôi 4g,166520,PERFECT DIARY,10,0.0,0,Trang điểm
Kem lót PERFECT DIARY trang điểm cao cấp hiệu chỉnh màu da che phủ lỗ chân lông 30g,121440,PERFECT DIARY,9,5.0,1,Trang điểm
Phấn phủ kiềm dầu PERFECT DIARY chống thấm nước kiểm soát dầu lên đến 12h với 3 màu tùy chọn 7g,181240,PERFECT DIARY,43,4.8,5,Trang điểm
Son kem FOCALLURE airy velvet lipcream FA-L15 2g,99000,Focallure,5,5.0,1,Trang điểm
Bông phấn cushion 2 mặt màu xanh VACOSI - Túi 2 cái - BP53-02,40000,Vacosi,6,0.0,0,Trang điểm
Phấn Má Hồng Mịn Lì Kiềm Dầu Chuẩn Màu mude Flutter Blusher (5g),165600,Mude,31,5.0,7,Trang điểm
Mascara Chuốt Dày Mi Định Hình Mi Tốt Mude Inspire Volume Curling Mascara (8ml),220800,Mude,19,5.0,2,Trang điểm
Set 5 Cọ Môi Silicon Thoa Son Kèm Túi Đựng- DRU - Hàng Chính Hãng  ,35000,DRU,3,0.0,0,Trang điểm
Phấn nước trang điểm che phủ kiềm dầu thuần chay GLAMRR Q VEGAN SUPER COVER CUSHION (1 lõi x 15g) by Gilaa,385000,Glamrr Q,73,5.0,11,Trang điểm
Son kem lì Flawsome Chic Velvet Matte Tint 3g,182666,Flawsome,31,4.8,5,Trang điểm
Set Phấn Phủ Whoo Gongjinhyang Mi Luxury Glow Pressed Powder Special Set Tone 1,840000,the history of whoo,6,5.0,2,Trang điểm
"[MAYBELLINE NEW YORK] Phấn Nền Dạng Nén Che Phủ, Kiềm Dầu Và Chống Nắng 12H SPF28 Fit Me Compact 6g",178000,Maybelline,10,0.0,0,Trang điểm
Kem đánh răng cho người hút thuốc Zact Lion Plus Hàn Quốc 140g,145000,Zact,49,4.7,6,Trang điểm
Kem Nền Maybelline Mịn Nhẹ Kiềm Dầu Chống Nắng Fit Me Matte Poreless Foundation SPF22 30ml,227950,Maybelline,85,5.0,9,Trang điểm
DAO CẠO LÔNG TOÀN THÂN S SELECT,78050,S Select,2,0.0,0,Trang điểm
Son Dưỡng NIVEA Ban Đêm Hương Lavender (4.8 G) - 88068,77000,Nivea,1,0.0,0,Trang điểm
"Chì Kẻ Mày 36H Lâu Trôi, Kháng Nước, Dễ Kẻ, Chuẩn Màu Tattoo Brow Maybelline New York Pigmented Pencil 0.25g",165000,Maybelline,32,5.0,3,Trang điểm
Son Môi M.O.I Hồ Ngọc Hà Son Thỏi LOVE BY THUỲ TIÊN 2022 (Bản Giới Hạn),339000,M.O.I,2,0.0,0,Trang điểm
"Serum dưỡng môi, phục hồi khô nứt Lipstician Lip Serum Rescuer 9g",293664,Lipstician,232,4.6,48,Trang điểm
Kem nền che khuyết điểm Camelo,145000,Camelo,35,4.7,3,Trang điểm
DAO CẠO MÀY VACOSI EYEBROW KNIFE,53000,Vacosi,27,4.5,2,Trang điểm
Kem Nền Dạng Thỏi Ohui Ultimate Cover Stick Foundation Tone Sáng,684000,OHUI,49,4.6,11,Trang điểm
"Kem BB 6in1 Mirum làm trắng da, chống lão hoá, dưỡng ẩm, chống tia UV, Lót và nền 50g Mirum Multi Protection BB cream SPF30/PA++ ",665000,Mirum,8,5.0,4,Trang điểm
Miếng Dán Kích 2 Mí Trong Suốt Nhật Bản Koji Eye Talk Technical Eyetape Slim Loại Mỏng,98000,Koji,37,4.8,4,Trang điểm
"Phấn Phủ Chống Nắng, Bột Khoáng Nhật Bản, Kiềm Dầu, Dưỡng Ẩm Time Secret Mineral Pressed Powder R - Natural Ocher - Tông màu da",460000,Time Secret,111,4.6,14,Trang điểm
Son môi WH GJH Mi Luxury Lip Rouge No,638000,the history of whoo,117,4.8,18,Trang điểm
"Son thỏi dưỡng môi trang điểm, cho môi căng mọng Lip On Lip Water Color Red Orangy (Cam Đỏ) 2.2g",109000,Lip On Lip,2292,4.7,280,Trang điểm
Son dưỡng môi hiệu chỉnh ửng hồng tự nhiên Lipice Sheer Color Hương Tinh Khiết (Natural) 2.4g,66000,Lipice Sheer Color,8277,4.7,239,Trang điểm
Kem che khuyết điểm Aroma Cover Foundation Hàn Quốc 14g tăng kèm móc khoá,99000,Mira Aroma,81,4.6,12,Trang điểm
Son thỏi mịn môi lâu phai Naris Ceniciente Lipstick Nhật Bản 3g (#102: Hồng đào) + Móc khóa,455000,Naris Cosmetic,11,5.0,2,Trang điểm
"Son Dưỡng Môi DHC Lip Cream 1,5g",190000,DHC,74,4.8,22,Trang điểm
Gương trang điểm bầu dục 360 độ mini để bàn 2 mặt Minigood Hàn Quốc DMCTB081,55000,MINIGOOD,43,3.2,5,Trang điểm
Son Kem Lì 16h Lâu Trôi Maybelline New York Super Stay Matte Ink Lipstick 5ml,276450,Maybelline,67,4.5,5,Trang điểm
"Son Dưỡng Môi có màu/không màu BON Herbaluxe HN01 – Phục Hồi Môi Khô, Chiết Xuất Thiên Nhiên 2.5g",159000,B.O.N,2,5.0,1,Trang điểm
"Lọ 14 Mút Trang Điểm Kem Nền, Má Hồng, ... - Hộp 14 Mút Trang Điểm Chuyên Nghiệp",29000,fofaHome,1,4.0,1,Trang điểm
"Mút tán kem nền, phấn nước trái tim mini LMcation",15000,LMCATION,14,5.0,1,Trang điểm
Combo 10 gói Kem Nền Cao Cấp Whoo Cheongidan Radiant Foundation 1ml/gói ,80000,the history of whoo,2,0.0,0,Trang điểm
Son màu Prada Monochrome Durable Weightless Lipcolor P157_Pourpre 3.8g,1120000,Prada,1,5.0,1,Trang điểm
Mascara Chống Trôi Siêu Bền Giúp Nâng Cong Và Dày Mi Kissme Volume Up Mascara Super WP (6 G),241000,Kissme,2,5.0,1,Trang điểm
Set Kem Lót Ohui Ultimate Cover Primer 30ml Tặng Son,645000,OHUI,2,5.0,1,Trang điểm
"Má Hồng Kem Đa Năng Dạng Thỏi Thuần Chay Căng Bóng Rạng Rỡ Bền Màu Cream Stick Blush Inglot (6,2 g)",909000,INGLOT,1,5.0,1,Trang điểm
Bắt Sáng Kem Dạng Thỏi Đa Năng Cream Stick Highlitghter Inglot (6.2g),721200,INGLOT,2,5.0,1,Trang điểm
Xịt Khóa Nền Cố Định Glamrr Q Vegan Super Stay Makeup Fixer 50ml,299000,Glamrr Q,9,4.0,1,Trang điểm
"Sét hộp 4 món  tán phấn siêu mềm mại hình  trái cây ,giọt nước , có độ đàn hồi cao , dẻo ,không bị biến dạng ,nhiều màu sắc cute xinh xắn đáng yêu",95000,LYNUSAN,3,0.0,0,Trang điểm
Son Lì Cao Cấp Whoo Gongjinhyang Mi Luxury Lip Rouge 24 đỏ cam,605000,the history of whoo,2,5.0,1,Trang điểm
Kem Sâm Thorakao Tái Tạo Da Sáng Khỏe 7G,40000,Thorakao,13,5.0,1,Trang điểm
Dụng cụ cạo lưỡi COMBO HỘP 2 Dụng Cụ Cạo Lưỡi Người Lớn Bộ cạo lưỡi bằng inox 304 sáng bóng cao cấp hỗ trợ làm sạch bề mặt lưỡi Cây Nạo Lưỡi Bàn Chải Vệ Sinh,98000,LuckyJQR,12,4.0,1,Trang điểm
"Kem Nền Bắt Sáng, Che Phủ Siêu Nhẹ Mặt Maybelline Superstay Lumi Matte 35ml",328000,Maybelline,10,0.0,0,Trang điểm
"Serum dưỡng mi từ dầu nguyên chất (dừa, olive, argan) hiệu quả sau 3 tuần MILAGANICS 5ml (tuýp)",91000,Milaganics,22,5.0,2,Trang điểm
Son dưỡng môi tiêu hồng GIANG'S hũ 5g - Giúp hồng môi tự nhiên nhờ chiết xuất hạt tiêu,115000,GIANG'S,1,0.0,0,Trang điểm
Bộ Cọ Trang Điểm Mini 13 Chi Tiết - Giao màu ngẫu nhiên,53000,PEAFLO,8,5.0,2,Trang điểm
Kẻ Mắt FOCALLURE Perfectly defined gel eyeliner FA243 0.06g,59000,Focallure,4,5.0,1,Trang điểm
Mascara Chuốt Dài Mi 24H Mude Inspire Longlash Curling Mascara (10ml),220800,Mude,8,3.5,2,Trang điểm
Phấn Nền Siêu Mịn Lâu Trôi Naris Ailus Lasting Smooth Powder Foundation 10g,305500,Dabo,1,5.0,1,Trang điểm
Son Dưỡng Môi Ohui Miracle Moisture Lipcerin 15ml,330000,OHUI,4,5.0,1,Trang điểm
"Son dưỡng môi Beauty Visage có màu, dưỡng ẩm, chống nứt nẻ, căng mọng hồng môi",40000,Fito,5,4.0,1,Trang điểm
Son Nhung Lì Đông Y Whoo Mi Velvet Lip Rouge màu số 25,605000,the history of whoo,1,0.0,0,Trang điểm
Son Kem Bóng Maybelline Super Stay Vinyl Ink 4.2ml,208550,Maybelline,28,5.0,1,Trang điểm
Kem Nền Kết Cấu Dạng Serum Lì Mịn Như Nhung Daisy Doll Nhật Bản BB Serum SPF 30 Mỏng Nhẹ 28ml,444550,Daisy Doll,1,5.0,1,Trang điểm
"[MAYBELLINE NEW YORK] Bút Kẻ Mắt Nước Siêu Sắc Mảnh, Không Lem Trôi Hyper Sharp Liner Extreme 0.4g",165000,Maybelline,10,0.0,0,Trang điểm
Mascara Không Trôi Giúp Giữ Nếp Cong Và Làm Dày Rậm Mi Dạng Màng Flim Nâng Cao Kissme Heroine Make (6 G),243000,Kissme,6,0.0,0,Trang điểm
Set phấn nước whoo trắng da Seol Radiant White Tone Up Sun Cushion,1020000,the history of whoo,2,5.0,1,Trang điểm
Son Kem Thỏi Vegan Dưỡng Môi Inglot Kiss Catcher Lipstick (4g),443200,INGLOT,3,5.0,1,Trang điểm
Kẹp mi cao cấp HBH - Kẹp mi chuyên dụng giúp mi cong đều tự nhiên và giữ được lâu,39000,HBH,15,5.0,1,Trang điểm
Gương Trang Điểm Cảm Ứng Để Bàn Có Đèn Led - Chính Hãng,103530,PaKaSa,18,5.0,2,Trang điểm
Miếng Dán Kích 2 Mí Nhật Bản Tự Nhiên Màu Da Nude Koji Natural Nude Eyetape,198000,Koji,15,4.3,3,Trang điểm
"Phấn Phủ Dạng Nén Dưỡng Ẩm Nhật Bản Sử Dụng 24h Club Suppin Powder Hương Hoa Trắng Cực Mịn, Kiềm Dầu",408000,CLUB,11,5.0,3,Trang điểm
Kem Nền Che Khuyết Điểm Kiềm Dầu Chống Nắng Dưỡng Da Ngăn Ngừa Lão Hóa Công Nghệ Nano Vàng Cellkey-Scien Multi Action BB Cream (30ml),506000,CELLKEY-SCIEN,363,4.6,90,Trang điểm
Son OHUI THE FIRST GENITURE Lipstick,644000,OHUI,30,5.0,8,Trang điểm
Gel Kẻ Mắt Lâu Trôi Đen Inglot Eye Amc Eyeliner Gel (5.5G),459200,INGLOT,11,5.0,1,Trang điểm
Chì Xé Kẻ Lông Mày Cao Cấp Comestic Art Eyebrown Pencil,39000,COMESTIC ART,823,4.6,91,Trang điểm
Kem nền chống nắng Mira Liquid Foundation tặng kèm móc khoá,169000,Mira,15,4.5,2,Trang điểm
Kéo Cắt Tỉa Lông Mũi Đầu Tròn Kềm Nghĩa KM 604- Thép Không Gỉ Cao Cấp - Thiết Kế Nhỏ - Gọn - Nhẹ - An toàn,51000,Kềm Nghĩa,1455,4.8,334,Trang điểm
"Bút tỉa lông mày , dao cạo  lông mày  cao cấp ,nhỏ gọn ,sử dụng đa năng và tiện lợi",95000,LYNUSAN,3,0.0,0,Trang điểm
Nhíp gắp saffron nhụy hoa nghệ tây,68600,LuckyJQR,3,0.0,0,Trang điểm
"Bút Kẻ Mắt Nước 24H VACOSI Không Lem Waterproof Eyeliner - Đầu Bút Lông, 2 Màu Mực Đen / Nâu",158000,Vacosi,4,0.0,0,Trang điểm
Son Bút Chì Kẻ Viền Môi & Son Môi Inglot Velvet Define Lip Pencil 1.6g,297040,INGLOT,1,5.0,1,Trang điểm
Gương Để Bàn Đèn LED Gương Cảm Ứng Để Bàn Trang Điểm Gương Có 3 Chế Độ Sáng Đổi Màu Sạc USB 23x16cm,246960,LuckyJQR,7,5.0,2,Trang điểm
Son Dưỡng Chuyên Sâu NIVEA Original Care (4.8 g) - 85061,77000,Nivea,4397,5.0,1,Trang điểm
Bộ Cọ Trang Điểm 9 Cây AW01 Cao  + Hộp  đựng Cọ Da,157560,HIDATI,3,4.0,1,Trang điểm
Son Thỏi Mịn Lì VACOSI MATTE LIPSTICK - VS13,186000,Vacosi,11,0.0,0,Trang điểm
Kem lót trang điểm dưỡng da Club Cream C,257000,CLUB,4,5.0,2,Trang điểm
Son lì mịn môi Naris Ailus Stress Free Listick Nhật Bản 4g,315000,Dabo,9,4.0,1,Trang điểm
Son Khử Thâm Dưỡng Hồng Môi Mibiti Prudente Biowhite L1A | Kelly Beauty,1170000,Mibiti Prudente Professional,7,5.0,1,Trang điểm
"Phấn Nước myKella Che Phủ Khuyết Điểm, Dưỡng Da Mềm Mịn - PERFECTION CUSHION 15g",359250,myKella,1,0.0,0,Trang điểm
Phấn nước hoàng cung cao cấp Whoo Radiant Essence Cushion SPF50+/PA+++ Tone 21,1439000,the history of whoo,2,5.0,1,Trang điểm
Kem Face Collagen X3 ,126000,Collagen X3,18,5.0,1,Trang điểm
Bút Nước Kẻ Lông Mày Không Lem Trôi Nét Vẽ Siêu Mịn Kissme Heavy Rotation (8 G),222130,Kissme,11,5.0,1,Trang điểm
Bút Kẻ Chân Mày Bền Trong 24h Chống Thấm Nét Vẽ Siêu Mịn Kissme Heavy Rotation Tint Liquid Eyebrow,227950,Kiss Me,18,0.0,0,Trang điểm
Bột Kẻ Lông Mày Chống Trôi Màu Sắc Tự Nhiên Kissme Heavy Rotation (Hộp 3 Khay Màu),243000,Kiss Me,20,1.0,1,Trang điểm
Kem Nền Whoo Mi Essential Foundation 40ml tone 02 tự nhiên,800000,the history of whoo,3,0.0,0,Trang điểm
"Gương trang điểm để bàn Roman, Crom, phóng đại zoom x3, 2 mặt xoay siêu nét Minh House",405000,Minh House,29,4.8,4,Trang điểm
"Bộ Cọ Trang Điểm 9 Cây AW01 Cao Cấp Lông Siêu mềm mịn, Bám Phấn hiệu quả, Phù Hợp  Mọi Loại Da, Không Gây Khó Chịu Cho Người Dùng, Có Túi Hộp Da Nhỏ Gọn, Tiện Dụng Đầy Đủ  Cọ với Chức Năng Makeup Hiệu Quả, Cầm Thoải Mái, Dễ Sử Dụng",191090,OEM,19,4.6,5,Trang điểm
Bấm mi ROSE 7113,79000,ROSE,1,5.0,1,Trang điểm
Chì mày gỗ Camelo,60000,Camelo,9,0.0,0,Trang điểm
Hộp 4 miếng bông trang điểm tán phấn hình giọt nước dễ thương,32979,OEM,24,5.0,4,Trang điểm
Nhíp nhặt lông yến - Nhíp Gắp lông Yến - Nhíp Nối Mi,24000,OEM,29,0.0,0,Trang điểm
Miếng Dán Kích 2 Mí Nhật Bản Trong Suốt Koji Eye Talk Technical Eyetape Wide loại dày,98000,Koji,35,4.6,7,Trang điểm
"Miếng Dán Kích 2 Mí Nhật Bản Màu Be, Bám Phấn Mắt Koji Micracle Change Eyetape",128000,Koji,15,3.3,3,Trang điểm
"Miếng Dán Kích Mí Dùng Ban Đêm Để Tạo Nếp Gấp 2 Mí Cogit K-lab Eyetape for Night, Nhập Khẩu Nhật Bản",240560,Cogit,14,0.0,0,Trang điểm
"Son dưỡng môi chuyên biệt dành cho môi khô, nứt nẻ Mentholatum Medi Lip Stick 4.3g",55000,Mentholatum,477,4.6,92,Trang điểm
"Son dưỡng môi dạng sáp chuyên biệt dành cho môi khô, nứt nẻ Mentholatum Medi Lip Balm 7g",68000,Mentholatum,424,4.8,81,Trang điểm
"Hộp 5 Dao cạo lông mày, lông mặt KAI cán đỏ hàng Nhật",38000,Kai,228,4.6,53,Trang điểm
Chì mày xé Suri Eyebrow Pencil Hàn Quốc tặng kèm móc khoá,49000,Suri,213,4.6,33,Trang điểm
Nhíp Gắp Mụn Đầu Cong,57000,DCYTLOC,156,4.0,9,Trang điểm
Kéo Cắt Tóc Thép Không Gỉ Kềm Nghĩa KT-704,210249,Kềm Nghĩa,352,5.0,85,Trang điểm
Set 5 Dao Cạo Lông Mặt Kai 00-748,53000,Kai,42,4.0,1,Trang điểm
Kem Nền Trang Điểm Cao Cấp Omar Sharif Paris -AC CARE BEE’S SHIELD BB CREAM SPF35 PA++,1470000,Omar Sharif Paris,5,5.0,1,Trang điểm
Son dưỡng có màu chiết xuất trái cây Lipice Sheer Color Fruit Juice Cherry (Anh Đào,85000,Lipice Sheer Color,2942,4.7,293,Trang điểm
Phấn Trang Điểm Màu Hồng Phấn Nụ Hoàng Cung,165000,PHẤN NỤ HOÀNG CUNG,67,5.0,12,Trang điểm
Dao Cạo Lông Mày Kai Can Eyebrow (Gói 3 Chiếc),39900,Kai,31,5.0,2,Trang điểm
DORCO NATTY - Dao Cạo Chân Mày Nữ - Vỉ 03 Dao Cạo Chân Mày,31000,Dorco,1158,4.7,82,Trang điểm
Mascara Dài Mi và Cong Mi Maybelline New York Hyper Curl Waterproof Chuốt Mi Đen Không Lem Không Trôi 9.2ml,125000,Maybelline,21,5.0,1,Trang điểm
Son Dưỡng Môi Thuần Chay Su:m37 Skin Stay Glossy Lip Balm Coral,470000,SU:M37,3,5.0,1,Trang điểm
 Cọ tán kem nền dạng lông đầu dẹt Jary Super Thin Foundation Brush ,68750,Jary,1,0.0,0,Trang điểm
"Hộp kẻ mắt 18 màu gồm 12 màu lì và 6 màu nhũ mềm mịn ,siêu bám da ,không bị trôi ,lem , dụng cụ trang điểm ,có thể phối màu yêu thích giúp đôi mắt nổi bật hơn , tôn lên vẻ đẹp ngọt ngào nữ tính",124000,LYNUSAN,0,0.0,0,Trang điểm
"Bộ cọ tán phấn 12 món kèm hộp đựng đa năng cao cấp ,đầu cọ mềm mịn và bám phấn , cán cọ dài thích hợp khi cầm ,thiết kế tinh xảo , tạo nên sự tươi mới ,trẻ trung ,tự nhiên xinh đẹp giúp  trang điểm một cách dễ dàng và nhanh chóng nhỏ gọn và tiện dụng  ",105000,LYNUSAN,1,0.0,0,Trang điểm
Gói 100 Tăm Bông Ngoáy Tai Thân Gỗ Tre 2 Đầu Tròn Vệ Sinh Tai Tiện Lợi,8000,GUANG MING,5,0.0,0,Trang điểm
Son Lì Cao Cấp Whoo Gongjinhyang Mi Luxury Lip Rouge Màu 45 đỏ thuần,605000,the history of whoo,0,0.0,0,Trang điểm
Bút chì kẻ chân mày Koji Spring Heart Eyebrow Pencil,150000,Koji,3,5.0,1,Trang điểm
Bộ Son Dưỡng Whoo Màu Orange Glow Lip Balm,605000,the history of whoo,3,5.0,1,Trang điểm
Mút tán nền BASICARE silicone,79000,BASICARE,0,0.0,0,Trang điểm
Son Mychi Lip Stick - son kem lỳ Mychi chính hãng,35000,Mychi,5,4.7,3,Trang điểm
Son Tint Bóng Thuần Chay DINTO Blur-Glowy Lip Tint 12 màu,363000,Dinto,0,0.0,0,Trang điểm
Tinh Chất Dưỡng Dài Và Khoẻ Làn Mi Kissme Heroine Make Watering Eyelash Serum (5.5 G),278390,Kissme,16,5.0,1,Trang điểm
Set Phấn Nước Dưỡng Trắng Whoo Gongjinhyang Seol Radiant White Moisture Cushion SPF50+/PA++++,998000,the history of whoo,3,3.5,2,Trang điểm
"Son Tint Dạng Kem Bóng Daisy Doll Nhật Bản Cho Đôi Môi Mọng Nước, Căng Mướt Watery Lip Tint 5g",311657,Daisy Doll,2,0.0,0,Trang điểm
Mascara Tẩy Trang Mi Kissme Heroine Make Speedy Mascara Remover (7.3 mL),159000,Kissme,13,5.0,1,Trang điểm
Cọ môi che khuyết điểm HIDATI đa công dụng tiện lợi ( Tặng túi bọc đầu cọ cao cấp ),29450,HIDATI,10,5.0,3,Trang điểm
Máy Uốn Mi Điện Thông Minh - Kẹp Uốn Mi Nhiệt Đa Năng Nhỏ Gọn Làm Cong Nhanh Chóng Kèm Sạc USB Tiện Lợi - HÀNG CHÍNH HÃNG MINIIN,39000,MINIIN,7,1.0,1,Trang điểm
Cọ Trang Điểm - Cọ môi che khuyết điểm giúp son không lem và khó trôi son đa công dụng tiện lợi,49000,HIDATI,4,0.0,0,Trang điểm
"Kem nền BB trang điểm chống nắng, trắng mịn da, che khuyết điểm Hàn Quốc Anjo Professional Black Snail BB cream 50g",237650,Anjo,3,0.0,0,Trang điểm
Bút Kẻ Mắt Nước Maybelline Sắc Mảnh Hyper Sharp Liner Extreme 0.4g,175000,Maybelline,20,1.0,2,Trang điểm
SON SÁP C’CHOI - LADY LEADER,370000,C'Choi,3,5.0,1,Trang điểm
Combo 2 Cây Son Dưỡng Môi TABAHA Dầu Dừa Sáp Ong 5g,52000,TABAHA,8,0.0,0,Trang điểm
"Phấn Nước Dưỡng Trắng, Chống Nắng & Nâng Tone Da Whoo Gongjinhyang Seol Radiant White Tone Up Sun Cushion",949000,the history of whoo,6,5.0,1,Trang điểm
"Combo dưỡng mi FEG Plus Stem Cells - Phiên bản tế bào gốc, dài mi nhanh, không chứa Prostaglandins gây thâm mắt (5ml/lọ)",576000,FEG,149,4.6,26,Trang điểm
Serum Dưỡng Môi Chống Nắng Dưỡng Môi Toàn Diện Lipstician Lip Serum Protector (9g),284924,Lipstician,145,5.0,27,Trang điểm
Xịt nhũ khóa nền trang điểm cố định lớp make up Star Flash Spray 8 Hours,42000,Star Flash,130,5.0,27,Trang điểm
Nhíp Inox Đầu Xéo Nhổ Lông Mày Cao Cấp Kềm Nghĩa N.425,21000,Kềm Nghĩa,396,4.8,70,Trang điểm
"Kem nền trang điểm Queenie chống nắng, dưỡng trắng da 30ml - Mỹ Phầm Hàn Quốc",281300,Queenie,4,4.0,1,Trang điểm
"Keo Dán Kích 2 Mí Nhật Bản Trong Suốt, Chống Nước, Nhanh Khô, Dưỡng Ẩm Koji EyeTalk E ",271600,Eye Talk,23,4.8,8,Trang điểm
Phấn Nền Kiềm Dầu Chống Nắng 12H SPF28 PA+++ Mịn Lì Lâu Trôi Fit Me Maybelline New York Compact Powder 6g,165000,Maybelline,25,4.5,4,Trang điểm
PHẤN NƯỚC TRANG ĐIỂM CAO CẤP QUEENIE SPF 50+/PA+++ - MỸ PHẨM CHÍNH HÃNG HÀN QUỐC,575040,Queenie,7,4.3,3,Trang điểm
Son lì OHUI The First Geniture Lipstick Red Sample 1.3g ,166000,OHUI,68,4.5,9,Trang điểm
Lông mi giả lông chồn 3 Fashion Eyelashes 3 Faux-Cils 3D 1 bộ 3 cặp,48999,OEM,23,5.0,5,Trang điểm
Son dưỡng môi không màu chuyển kem mịn LipIce Creamy,54000,LipIce,6312,4.8,463,Trang điểm
Bông Mút trang điểm dành cho Kem phấn nền,182000,naturaglacé,13,0.0,0,Trang điểm
Phấn nền hữu cơ trang điểm chống nắng - naturaglacé CLEAR POWDER FOUNDATION,1252000,naturaglacé,6,4.0,1,Trang điểm
Gel kẻ mí mắt không lem không trôi Mira Eyeliner Pen tặng kèm móc khóa,115000,Mira,87,4.5,12,Trang điểm
Kem che khuyết điểm 3 ngăn Mira Combi Foundaiton Hàn Quốc 30g tặng kèm móc khoá,208550,Mira,29,3.6,5,Trang điểm
Chì Kẻ Môi Quyến Rũ Mik@Vonk Professional Lipliner Pencil Hàn Quốc #10 Màu đỏ tự nhiên,85000,Mik@vonk,3,0.0,0,Trang điểm
Phấn Phủ Trang Điểm Chống Nắng Cao Cấp The Rucy 3 In 1 Whitening Two Way Cake UV SPF 35++ LK-WTWC21 (13g) - 21,213400,The Rucy,29,4.8,5,Trang điểm
[Mới] Kem BB Trang Điểm Chống Nắng The Whoo Gongjinhyang Brightening UV Protective BB Cream 40ml Tone sáng,783000,the history of whoo,0,0.0,0,Trang điểm
Má Hồng Dạng Kem myKella Trang Điểm Má - Môi - Mắt 3in1,210795,myKella,0,0.0,0,Trang điểm
Sáp Dưỡng Môi VASELINE Lip Therapy Rosy Hương Hoa Hồng (Hộp 7g),63000,Vaseline,0,0.0,0,Trang điểm
Son màu Prada Monochrome Durable Weightless Lipcolor R26_ 3.8g ,1120000,Prada,0,0.0,0,Trang điểm
Son màu Prada Monochrome Buildable Weightless Lipcolor O176_NACARAT 3.8gr,1120000,Prada,0,0.0,0,Trang điểm
Bộ Son dưỡng môi cao cấp chống lão hóa OHUI The First Lip Balm Coral set,560640,OHUI,4,5.0,1,Trang điểm
Miếng dán kích mí tàng hình Jary Eyelid Tape 120 miếng ( Chọn Size),93750,Jary,3,0.0,0,Trang điểm
"Sản phẩm dụng cụ  trang điểm cho mắt , bút kẻ mắt 2 đầu đa năng  giúp bạn gái luôn tự tin mỗi ngày ",85000,LYNUSAN,0,0.0,0,Trang điểm
Son EMBISU Glow Lip Tint - Dưỡng Môi Có Màu Lâu Phai (Hàn Quốc) - Chuẩn Màu - Mềm Môi - Căng Bóng,208550,VACCI,1,0.0,0,Trang điểm
"Hộp  cọ trang điểm 12 món .lông mịn ,mềm đa năng trang điểm ,kèm hộp thiếc cho chị em làm đẹp",95000,LYNUSAN,1,3.0,1,Trang điểm
Son dưỡng môi Carslan dạng tint dưỡng ẩm giảm thâm môi mờ nếp nhăn môi 4.5g,147752,Carslan,16,4.0,4,Trang điểm
Bộ Cọ Makeup 14 Cây Cán Xanh Cao Cấp Lông Siêu Mịn Tiện Dụng Đầy Đủ Chức Năng Trang Điểm Cá Nhân Hiệu Quả  DRU - Hàng Chính Hãng,248800,DRU,1,0.0,0,Trang điểm
"Bộ Cọ Trang Điểm 14 Cây Cán Bạc Cao Cấp Lông Siêu Mịn, Bám Phấn, Phù Hợp Mọi Loại Da, Không Gây Khó Chịu Cho Người Dùng, Có Bao Da Nhỏ Gọn, Tiện Dụng Đầy Đủ Chức Năng Makeup Cá Nhân Hiệu Quả, Tay Cầm Thoải Mái, Dễ Dàng Sử Dụng DRU - Hàng Chính Hãng",248800,DRU,7,4.0,1,Trang điểm
Phấn Phủ Dạng Nén Dưỡng Da Club Suppin Powder C,345000,CLUB,2,5.0,1,Trang điểm
Phấn Má Hồng Và Bắt Sáng VACOSI FLASO BLUSH SET,130000,Vacosi,5,0.0,0,Trang điểm
Kệ Mỹ Phẩm Gương Tai Mèo 2 Tầng Để Bàn,44000,fofaHome,0,0.0,0,Trang điểm
Cọ môi đầu tròn VACOSI - L10-Y24,49000,Vacosi,11,4.5,2,Trang điểm
Mascara PINKFLASH cong mi chống nước 17g,33000,PINKFLASH,0,0.0,0,Trang điểm
Son kem lì PINKFLASH gloss 2.6g,99000,PINKFLASH,1,0.0,0,Trang điểm
Uốn Cong Mi Thân Nhựa Kai,119000,Kai,0,0.0,0,Trang điểm
"Son Tint Dạng Kem Bóng Daisy Doll Nhật Bản Cho Đôi Môi Mọng Nước, Căng Mướt BR-01 Orange Brown 5g",311657,Daisy Doll,0,0.0,0,Trang điểm
BLACK ROUGE Son kem lì Double Layer Over Velvet 4.1g,298920,Black Rouge,14,1.0,1,Trang điểm
Son kem nhung lì Whoo GJH Mi Velvet Liquid Lip Rouge minisize,168000,the history of whoo,30,5.0,8,Trang điểm
Lip Smacker - Set Son Hương Trái Cây 6 Vị Truyền Thống,281060,LIP SMACKER,0,0.0,0,Trang điểm
"Gương trang điểm lúa mạch, gương trang điểm để bàn, gương xoay 360",25000,OEM,3,0.0,0,Trang điểm
"Long Mi Giả Hiệu Ứng 3D Tự Nhiên Koji 08 Front Cross, Dài Và Cong Phía Trước (Cho Mắt Mí Lót), Nhập Khẩu Nhật Bản",260930,Koji,12,5.0,2,Trang điểm
Son Lì Khang Như Yến,295630,Khang Như Yến,0,0.0,0,Trang điểm
Phấn phủ hữu cơ chống nắng dạng nén - naturaglacé PRESSED POWDER,1163000,naturaglacé,18,5.0,1,Trang điểm
Kem nền chống nắng Mira Liquid Foundation No.21 da tự nhiên tặng kèm móc khoá,169000,Mira,22,4.6,5,Trang điểm
Chì Kẻ Môi Quyến Rũ Mik@Vonk Professional Lipliner Pencil Hàn Quốc #05 Màu hồng tặng kèm móc khoá - 1 cây,85000,Mik@vonk,12,5.0,1,Trang điểm
Kem nền trang điểm Mik@vonk Magical BB Cream Hàn Quốc 60g tặng kèm móc khoá,281060,Mik@vonk,2,0.0,0,Trang điểm
 Kem BB xoá nhăn Cream Anti Aging & Wrinle Care Mik@vonk Hàn Quốc 60ml No.2 Gold Beige tặng kèm móc khoá,281060,Mik@vonk,23,4.5,2,Trang điểm
Kem Trang Điểm Chống Nắng Sakura CC Cream Flawless Control Base (40ml),840000,SAKURA,16,4.6,5,Trang điểm
Bảng son OHUI 10 màu Lip pallet 10 colors,271600,OHUI,294,4.6,87,Trang điểm
Phấn dưỡng sáng da Phấn Nụ Hoàng Cung,180000,PHẤN NỤ HOÀNG CUNG,51,5.0,4,Trang điểm
Set 3 dao cạo lông mày Pretty KAI nội địa Nhật Bản,58683,Kai,101,4.5,11,Trang điểm
Set 3 dao cạo lông mày cán dài KAI nội địa Nhật Bản,46000,Kai,17,5.0,1,Trang điểm
Son Kem Lì it's Well plus Lip Velvet Semi Matte (8g) - LIP-V3 Presto,109000,its well plus,58,4.7,15,Trang điểm
Mascara Maybelline Magnum Làm Dày Mi 10 Lần (9.2ml),197880,Maybelline,17,5.0,3,Trang điểm
Son Lì It's Well Plus Lipstick Unlimited Sensual Matte 3.7g - LIP-M1,101000,its well plus,93,4.5,22,Trang điểm
"Má Thạch Highlighter Bắt Sáng SPARKLE Mềm Mịn, Hồng Ánh Nhũ Lấp Lánh",180750,myKella,1,5.0,1,Trang điểm
Combo Makeup Nền Vacosi SC05-VK15 Gồm 2 món: Set cọ nền phủ & Phấn Cushion,736000,Vacosi,0,0.0,0,Trang điểm
Máy Tỉa Lông Mũi ,98000,LuckyJQR,1,5.0,1,Trang điểm
"Son Dưỡng Môi Không Màu Origanic Origani Lip Balm (15mL) - Dưỡng Ẩm, Giảm Thâm, Chữa Lành cho Môi",970000,Origani,25,5.0,2,Trang điểm
Miếng kích mí tàng hình VACOSI DOUBLE EYELID TAPE - VM27,78000,Vacosi,10,0.0,0,Trang điểm
Phấn Nước Đa Năng FOCALLURE Multi-Effect Cushion 12g,189000,Focallure,1,0.0,0,Trang điểm
Son dưỡng môi Vaseline Lip Therapy Rosy hồng xinh (Thỏi 4.8g),82000,Vaseline,4,0.0,0,Trang điểm
Bộ Cọ Trang Điểm 13 Chi Tiết Nhỏ Gọn - Giao màu ngẫu nhiên,62000,PEAFLO,14,0.0,0,Trang điểm
Son Kem Mịn Lì VACOSI LOOKBOOK LIP CREAM - VS14,186000,Vacosi,1,0.0,0,Trang điểm
Son môi FOCALLURE Glossy Lip Stain FA-L25 2g,149000,Focallure,2,4.0,1,Trang điểm
Phấn Nước Hoàng Hậu Whoo Cheonyuldan Signature Cushion Foundation SPF35/PA++ Mẫu mới,2070000,the history of whoo,0,0.0,0,Trang điểm
Son Kem Whoo Hoàng Cung Whoo Velvet Liquid Lip Rouge Màu # 45 Đỏ thuần,605000,the history of whoo,2,0.0,0,Trang điểm
"Son Dưỡng Môi Club Suppin Nhật Bản Tăng Cường Độ Ẩm, Làm Mềm Môi Căng Mọng Quyến Rũ (Tuýp 14G)",141550,Club Suppin,0,0.0,0,Trang điểm
Phấn mắt KATE dưỡng ẩm vùng mắt 3.2g,261900,Kate,0,0.0,0,Trang điểm
"Son dưỡng môi STANHOME FAMILY EXPERT Sweet Lips Baume Levres 4.8gr - dành cho môi khô, nhạy cảm",189000,Stanhome Family Expert,0,0.0,0,Trang điểm
Bảng Phấn Mắt Daisy Doll Nhật Bản Siêu Bền Màu Với 4 Màu Trang Điểm Đa Chức Năng Phấn Má Hồng Phấn Bắt Sáng 5.1g,339000,Daisy Doll,1,0.0,0,Trang điểm
"Phấn Mắt 2 Màu Daisy Doll By Mary Quant Nhật Bản Dạng Thỏi Nhanh Gọn, Tiện Lợi, Bền Màu, Không Trôi SV-01 Pinkish Silver",311657,Daisy Doll,3,0.0,0,Trang điểm
"Son Tint Dạng Kem Bóng Daisy Doll By Mary Quant Nhật Bản Cho Đôi Môi Mọng Nước, Căng Mướt P-01 Sweet Mauve 5g",311657,Daisy Doll,2,0.0,0,Trang điểm
"Son Tint Dạng Kem Bóng Daisy Doll By Mary Quant Nhật Bản Cho Đôi Môi Mọng Nước, Căng Mướt R-02 Terracotta Red 5g",311657,Daisy Doll,3,5.0,1,Trang điểm
"Son Nhung myKella Chất Nhung Mịn Mượt, Dưỡng Môi Nhẹ Tênh - KISSABLE VELVET LIP CREAM 5ml",210795,myKella,2,0.0,0,Trang điểm
"Mascara vỏ bưởi dưỡng mi mọc nhanh dài mượt từ tinh chất vỏ bưởi và castor 8,5ml",55000,Bimore,4,0.0,0,Trang điểm
Nhíp nhổ lông mày Kềm Nghĩa N.404 - 3 màu,53000,Kềm Nghĩa,35,5.0,2,Trang điểm
PHẤN MÁ HỒNG TRANG ĐIỂM CHÍNH HÃNG HÀN QUỐC QUEENIE 5G - MỸ PHẨM HÀN QUỐC,242000,Queenie,13,3.0,2,Trang điểm
Kem Che Khuyết Điểm Maybelline Mịn Lì Fit Me Concealer 6.8ml,168000,Maybelline,30,5.0,1,Trang điểm
"Gương trang điểm để bàn 2 mặt xoay 360 độ, Gương lúa mạch nhỏ gọn phong cách vintage - Chính hãng MINIIN (Giao mẫu ngẫu nhiên)",79000,MINIIN,2,0.0,0,Trang điểm
Bút Kẻ Mắt Nước Không Trôi Không Lem Kissme Heroine Make Nét Siêu Sắc Mãnh (3 Màu),212430,Kiss Me,72,5.0,5,Trang điểm
F.O.X Son thỏi Definitely Lipstick 4g,281300,F.O.X,0,0.0,0,Trang điểm
Bộ cọ trang điểm 7 món cầu vồng cao cấp có túi tiện dụng hàng tặng,99000,Kemei,10,4.0,1,Trang điểm
Bảng Son Lì Ohui Rouge Real 10 màu,370000,OHUI,36,5.0,7,Trang điểm
Gương Trang Điểm Xiaomi Có Đèn LED Jordan July NV026,223100,Xiaomi,24,4.3,3,Trang điểm
"Sét 2 dụng cụ bấm mi cong và hỗ trợ kẻ mắt, chuốt marcara tiện lợi TM02",25000,Song An Eco,27,4.2,9,Trang điểm
SON NAG LIPTICK (PHIÊN BẢN LIMITED) 4.5g,242000,NAG BEAUTY,0,0.0,0,Trang điểm
Son dưỡng môi dầu dừa Bến Tre the cocoon 5g,30000,The Cocoon Original Vietnam,128,5.0,21,Trang điểm
Cọ Trang Điểm 12 cây chuyên dụng,66000,OEM,18,5.0,8,Trang điểm
Son Kem Lì Nhẹ Môi Maybelline New York Sensational Liquid Matte 7ml,185000,Maybelline,1,1.0,1,Trang điểm
Phấn phủ bột kiềm dầu Mik@vonk Blooming Face Powder Hàn Quốc 30g NB23 # Skin Beige tặng kèm móc khoá,276450,Mik@vonk,16,5.0,2,Trang điểm
Kem Nền Mịn Lì Tự Nhiên Maybelline Fit Me - Màu 120 Classic Ivory 30ml,198850,Maybelline,7,1.0,1,Trang điểm
Gương Trang Điểm Beurer BS55 (Loại Đèn Led) - Hàng Chính Hãng,2428909,Beurer,4,0.0,0,Trang điểm
Son Nước LIPGLOSS PK - Phấn Nụ Hoàng Cung,300800,PHẤN NỤ HOÀNG CUNG,4,5.0,1,Trang điểm
Bút Cushion Che Khuyết Điểm Đa Năng Instant Age Rewind Eraser Multi-use Concealer Maybelline New York 6ml,227950,Maybelline,3,5.0,1,Trang điểm
Gương trang điểm cảm biến Simplehuman ST3034 Hàng chính hãng,10170000,Simplehuman,0,0.0,0,Trang điểm
Phấn má hồng Lolipop VACOSI VP14 Phiên bản mới LOLIPOP ALL DAY BLUSH  trang điểm tự nhiên,94000,Vacosi,2,0.0,0,Trang điểm
Bộ Phấn Nước Chống Lão Hóa Whoo Luxury Golden Cushion Glow SPF50/PA+++ Tone 1 da sáng,970000,the history of whoo,1,0.0,0,Trang điểm
Sáp dưỡng môi dưỡng ẩm giảm tình trạng môi khô nứt nẻ,43000,Dân Khang,5,5.0,2,Trang điểm
Phấn Phủ Dạng Nén Siêu Mịn GEO LAMY Sempre 22g Hộp Màu Trắng Hàn Quốc,227950,GEO,4,5.0,1,Trang điểm
Phấn Nước Chống Nắng Thuần Chay Su:m37 Skin Stay Soft Glow Cushion Spf50+/Pa+++ 13g tone 1 da sáng ,740000,SU:M37,0,0.0,0,Trang điểm
Son Kem Lì Whoo Velvet Liquid Lip Rouge 18 Rose Pink Màu Hồng Đào Mini ,241000,the history of whoo,6,5.0,1,Trang điểm
Phấn Phủ Lâu Trôi FOCALLURE Blur Matte Powder Foundation 9g,139000,Focallure,1,0.0,0,Trang điểm
Kem Nền Lâu Trôi FOCALLURE Lasting Flawless Foundation 25g,189000,Focallure,3,5.0,1,Trang điểm
Nhíp gắp saffron nhụy hoa nghệ tây Kingdom Herb,19000,Kingdom Herb,15,0.0,0,Trang điểm
Dao cạo lông toàn thân feather 01 chiếc/hộp,289800,Feather,3,5.0,1,Trang điểm
Son Dưỡng NIVEA Peach Shine Sắc Cam Hương Đào (4.8 g) - 85031,77000,Nivea,363,0.0,0,Trang điểm
"Set 4 bông mút trang điểm tán phấn kem nền mềm mại cute  hộp 4 cái 4 hình , vừa  rẻ vừa xinh dã man - Hàng chính hãng",29000,Thảo Kiên,3,0.0,0,Trang điểm
Son Lì VACCI - Lipstick Mugwang - Son Siêu Lì - Bền Màu - Không Trôi - Không Khô Môi,217280,VACCI,9,5.0,2,Trang điểm
Son lì dưỡng ẩm ngăn lão hóa OHUI The First Geniture Lipstick màu Red,550000,OHUI,3,5.0,1,Trang điểm
Gương Để Bàn Đèn LED Gương Cảm Ứng Để Bàn Trang Điểm，Gương Có 3 Chế Độ Sáng - Giao màu ngẫu nhiên,57000,fofaHome,20,4.5,7,Trang điểm
Bút kẻ mắt PINKFLASH chống nước 0.6g,29000,PINKFLASH,3,0.0,0,Trang điểm
Bút kẻ mắt PINKFLASH lâu trôi 0.1g,69000,PINKFLASH,4,0.0,0,Trang điểm
"Son Kem Lì Inglot High Definition Lip Tint Matte Lâu Trôi, Lên Màu Chuẩn 5.5ml",560000,INGLOT,1,5.0,1,Trang điểm
"[MAYBELLINE NEW YORK] Kem Nền Chứa Vitamin C Giúp Sáng Da, Chống Nắng & Căng Mướt Tối Ưu Fit Me Fresh Tint SPF50+ 30/5ml",65000,Maybelline,9,0.0,0,Trang điểm
Tinh Chất Dưỡng Dài Và Khoẻ Làn Mi Kissme Heroine Make Watering Eyelash Serum  ( 5.5g),245000,Kissme,23,4.0,1,Trang điểm
Chì kẻ mí mắt 1 đầu Camelo Auto Eye Liner Pencil,70000,Camelo,21,4.0,1,Trang điểm
BLACK ROUGE Son kem lì Half N Half Water Glow 3.5g,289060,Black Rouge,7,0.0,0,Trang điểm
[MAYBELLINE NEW YORK] Phấn Má Hồng Mịn Lì Chuẩn Màu Tự Nhiên Fit Me Mono Blush 4.5g,168000,Maybelline,6,0.0,0,Trang điểm
Che Khuyết Điểm Lemonade Matte Addict Concealer 3g,169000,Lemonade,14,5.0,3,Trang điểm
Phấn Nụ Ngừa Mụn Phấn Nụ Hoàng Cung 25gr,130000,PHẤN NỤ HOÀNG CUNG,11,5.0,2,Trang điểm
Bông phấn trang điểm 2 miếng MUST 6219,23000,MUST,6,0.0,0,Trang điểm
PHẤN MẮT (HỘP TRÒN) VACOSI TRIO EYESHADOW,94000,Vacosi,181,4.8,38,Trang điểm
Kem Lót Trang Điểm Kiềm Dầu Chống Nắng Dưỡng Ẩm Time Secret Mineral Primer Base Trắng Sáng Da,378000,Time Secret,8,3.0,1,Trang điểm
Bút vẽ lông mày 2 đầu chống nước K-PALETTE Lasting 2Way Eyebrow Liquid WP (4 Màu),330000,K-Palette,16,4.3,7,Trang điểm
"Bút Chì Kẻ Viền Mắt Nhật Bản K-Palette Eyepencil 24h WP, Lõi Mỏng 2mm, Mềm Mịn, Không Lem, Không Trôi, Bám Màu Cực Lâu",330000,K-Palette,20,4.8,4,Trang điểm
KEM TRANG ĐIỂM BB ĐA TÁC DỤNG TÁCH DẦU CHỐNG NẮNG HÀN QUỐC QUEENIE 50ML - MỸ PHẨM CHÍNH HÃNG HÀN QUỐC,286150,Queenie,14,5.0,1,Trang điểm
Serum Dưỡng Mi Dài Dày Khỏe FEG Eyelash Enhancer 3ml,212430,FEG Eyelash Enhancer,1600,4.6,415,Trang điểm
Chì Kẻ Mày 2 Đầu Lemonade Want It Got It Dual Eyebrow 4g,169000,Lemonade,16,4.0,1,Trang điểm
Kem Che Khuyết Điểm MAYCREATE Che Phủ Hoàn Hảo Và Tự Nhiên,45000,MayCreate,526,4.5,120,Trang điểm
Khuôn kẻ mày Brow,8999,OEM,128,4.7,9,Trang điểm
Son môi hữu cơ dưỡng ẩm dạng thỏi - naturaglacé ROUGE MOIST,858000,naturaglacé,86,4.8,15,Trang điểm
Phấn Trang Điểm Màu Trắng Phấn Nụ Hoàng Cung (25g),152000,PHẤN NỤ HOÀNG CUNG,58,5.0,1,Trang điểm
Set 2 dao cạo chuyên dùng cho phụ nữ KAI nội địa Nhật Bản,34000,Kai,17,0.0,0,Trang điểm
"Son dừa không màu dưỡng môi mềm mịn, chống khô nứt nẻ môi, hỗ trợ giảm thâm môi",80000,Bambi,34,5.0,1,Trang điểm
Lông Mi Giả Cụm Có Keo Sẵn Tự Nhiên Jary Pro Cluster Lashes Hộp Nhựa 6 Hàng P1 Hướng Dương,75000,Jary,2,0.0,0,Trang điểm
"Hộp 200 Tăm Bông Ngoáy Tai 2 Đầu Xoắn Nhọn – Nhiều Màu Sắc, Tiện Dụng - HÀNG CHÍNH HÃNG MINIIN",17100,MINIIN,5,0.0,0,Trang điểm
PHẤN NƯỚC KIỀM DẦU MỎNG NHẸ  THOÁNG DA VACOSI - VK15 - VACOSI FLASO CUSHION SPF 50+/PA,360000,Vacosi,1,5.0,1,Trang điểm
Lông Mi Giả Cụm Tự Nhiên Jary Cluster Lashes Hộp Nhựa 5 hàng C1,62500,Jary,2,0.0,0,Trang điểm
"Dụng cụ làm đẹp  trang điểm cho bạn gái Sét 3 chai  nước hoa  thủy tinh nữ cao cấp 25ml / 1c , hộp đựng sang trọng ,lịch sự  có thể dùng làm quà tặng",198850,LYNUSAN,0,0.0,0,Trang điểm
"Sét cọ trang điểm 12 món .lông mịn ,mềm đa năng trang điểm ,kèm hộp thiếc cho chị em làm đẹp",95000,LYNUSAN,2,0.0,0,Trang điểm
Gương Trang Điểm Để Bàn Có Đèn LED Cao Cấp Bằng Nhựa Hình Tròn Trắng Hồng Pin Bền Sạc Nhanh Tặng Cáp Sạc Giao Màu Ngẫu Nhiên,58000,fofaHome,0,0.0,0,Trang điểm
"BỘ 3 DAO CẠO LÔNG MÀY MINI – SIÊU GỌN & AN TOÀN DAO CẠO CHÂN MÀY 3 CÂY – NHỎ GỌN, SẮC BÉN, DỄ DÙNG DAO CẠO MÀY SIÊU NHỎ – AN TOÀN CHO DA NHẠY CẢM BỘ DAO CẠO LÔNG MÀY CÓ NẮP – TIỆN DỤNG & NHẸ NHÀNG",29000,SOHOGO,0,0.0,0,Trang điểm
Cọ Trang Điểm Dành Cho Môi Kai HC3749,109000,Kai,0,0.0,0,Trang điểm
Kem nền BB chống nắng dưỡng ẩm - Mama Butter BB Cream Natural Beige,528000,Mama Butter,1,0.0,0,Trang điểm
Bút Kẻ Mắt Nước Siêu Chống Trôi Nét Kẻ Mãnh Kissme Heroine Make Smooth Liquid Eyeliner (Màu Nâu Đen),222130,Kissme,2,0.0,0,Trang điểm
Son lì Ohui The First Geniture Lipstick - Màu Coral,605000,OHUI,2,0.0,0,Trang điểm
"Son dưỡng thuần chay - 100% thiên nhiên, không chất hoá học",89000,AVOLAND,0,0.0,0,Trang điểm
SON KEM LÌ VACOSI MATTE INK MỊN MÔI PHIÊN BẢN UNIVERSE,251000,Vacosi,3,4.0,1,Trang điểm
Kem nền FOCALLURE dạng lỏng fluid foundation 31g,69000,Focallure,2,5.0,1,Trang điểm
Phấn má FOCALLURE perfection velvet blush 3.7g,75000,Focallure,1,0.0,0,Trang điểm
Bút Kẻ Mắt Nước Siêu Chống Trôi Màu Nâu Đen Kissme Heroine Make Smooth Liquid Eyeliner Super Keep,212430,Kissme,3,0.0,0,Trang điểm
Phấn Phủ Kiềm Dầu Daisy Doll 01 (Màu Light Ocher) Nhật Bản Dạng Nén Chống Thấm Nước Kiểm Soát Dầu 10g SPF 25 PA+++,359050,Daisy Doll,2,5.0,1,Trang điểm
Phấn nước che khuyết điểm và nâng cơ vượt trội O HUI Ultimate Cover Lifting Cushion SPF50+ PA+++ - Tặng 1 lõi refill,992000,OHUI,11,5.0,4,Trang điểm
Set 2 Cọ đánh son môi tạo hiệu ứng omber - cọ vip lông không rụng  - giao hình và màu ngẫu nhiên,14999,OEM,22,0.0,0,Trang điểm
Cọ Tạo Khối Bản Dẹp VACOSI - F07 VACOSI FLAT CONTOUR BRUSH,99000,Vacosi,0,0.0,0,Trang điểm
Mascara Dài và Cong Mi Maybelline New York Hyper Curl Waterproof Màu Đen,159000,Maybelline,27,4.8,4,Trang điểm
Son Thỏi Lì Mịn Chotto Matte Yumeisakura Cam Bí Ngô Pumpkin Orange Lipstick YMS03A 3.5g,129500,YumeiSakura,21,5.0,8,Trang điểm
Dao Cạo Lông Mày Cán Gập Kai 01243 - 3P (Set 3 cây),55000,Kai,1,0.0,0,Trang điểm
[ Mua 1 tặng 1] Son Happy kem lì Mini Garden Mattle Lipcream - Bám màu lâu trôi 3.5ml,379000,Mini garden,11,5.0,2,Trang điểm
Máy cắt tỉa lông mũi Xiaomi ShowSee Hàng chính hãng,169000,Xiaomi,13,4.0,2,Trang điểm
Kem lót có nhũ Moonlight INGLOT,793200,INGLOT,0,0.0,0,Trang điểm
"Cọ Quét Mặt Nạ Sillicon Cao Cấp (14x3cm) - Chổi quét mặt nạ giúp mặt nạ mỏng và mềm mịn - Thiết kế nhỏ gọn, dễ cầm, lâu bền, hiện đại",40000,Quảng Thanh,17,0.0,0,Trang điểm
Combo 2 Cây Son Dưỡng TaBaHa Dầu Dừa Sáp Ong 5G Giúp Giảm Thâm Môi Mềm Mượt Căng Mọng,56000,TABAHA,1,1.0,1,Trang điểm
Son Dưỡng Môi TaBaHa Dầu Dừa Và Sáp Ong 5g Giúp Giảm Thâm Mềm Mịn,29000,TABAHA,1,0.0,0,Trang điểm
Phấn Nước M.O.I 5M BABY SKIN CUSHION Hồ Ngọc Hà (2021),379000,M.O.I,5,5.0,1,Trang điểm
Phấn nước chống nhăn WHOO Hwahyun Essence Cushion 15g*2,1680000,the history of whoo,11,5.0,1,Trang điểm
"Son dưỡng môi tự nhiên hương Bưởi thương hiệu Sao la(3g) - Dưỡng ẩm môi, làm môi mềm, tươi hồng",80000,Sao La,13,0.0,0,Trang điểm
Son lì WH GJH Mi Velvet Lip Rouge,638000,the history of whoo,26,5.0,7,Trang điểm
Kem che khuyết điểm hữu cơ - naturaglacé CORRECTING STICK,1069000,naturaglacé,11,0.0,0,Trang điểm
Chì kẻ viền môi Mira Auto Lipliner Hàn Quốc No. 207 tặng kèm móc khoá,115000,Mira,58,5.0,9,Trang điểm
Phấn bắt sáng hữu cơ - Naturaglacé HIGHLIGHT POWDER   ,1163000,naturaglacé,5,0.0,0,Trang điểm
Son xăm lì siêu mịn không trôi Mira Aroma Tattoo Liptint Hàn Quốc 6g tặng kèm móc khoá,145000,Mira Aroma,14,3.7,3,Trang điểm
"Phấn Má Hồng Mịn Lì Chuẩn Màu Maybelline Fit Me Blush - Màu 30 Rose 4,5g",165000,Maybelline,7,1.0,1,Trang điểm
Kem Phấn Nước Trang Điểm Kiềm Dầu Và Dưỡng Trắng Da It'S Well Plus Snail Calendula 333 Platinum CC Cushion SPF50+/PA+++ Matte 15g,208550,its well plus,26,5.0,7,Trang điểm
Son Dưỡng Whoo Đông Y Hoàng Cung Glow Lip Balm Màu Orange ,538000,the history of whoo,2,0.0,0,Trang điểm
"Sản phẩm dụng cụ  trang điểm làm đẹp sức khỏe -Xịt chống nắng , chống tia UV chai 150ml , bảo vệ cho cả mặt và toàn thân , giữ ẩm da ,chống thấm nước ,không nhờn ,bết dính không tắc nghẽn lỗ chân lông ,phù hợp với mọi loại da ",95000,LYNUSAN,0,0.0,0,Trang điểm
"Kẻ mắt 18 màu gồm 12 màu lì và 6 màu nhũ mềm mịn ,siêu bám da ,không bị trôi ,lem , dụng cụ trang điểm ,có thể phối màu yêu thích giúp đôi mắt nổi bật hơn , tôn lên vẻ đẹp ngọt ngào nữ tính",124000,LYNUSAN,1,0.0,0,Trang điểm
Bông Mút Đánh Kem Nền Thông Minh - Mút trang điểm Màu ngẫu nhiên Mút Tán Kem Nền ,66640,LuckyJQR,1,5.0,1,Trang điểm
Son Dưỡng Whoo Đông Y Glow Lip Balm Chống Nắng SPF10 - màu pink,510000,the history of whoo,0,0.0,0,Trang điểm
Son Dưỡng Ẩm Môi FOCALLURE Care Plus Lip Balm 4.5g,109000,Focallure,1,0.0,0,Trang điểm
Phấn Má Hồng FOCALLURE All-In-One Make-Up Palette 3g,109000,Focallure,2,4.0,1,Trang điểm
Bộ Cọ Du Lịch 8 Cây & Ví Trang Điểm VACOSI SISTERLAND BRUSH SET - BC31,271600,Vacosi,2,0.0,0,Trang điểm
Phấn nước M.O.I premium baby skin cushion 12g,568000,M.O.I,0,0.0,0,Trang điểm
Phấn mắt FOCALLURE soft glam eyeshadow palette FA-E01 10g,139000,Focallure,2,0.0,0,Trang điểm
 Kem Lót Sum37 Losec Summa 20ml Tách Set ,281060,SU:M37,0,0.0,0,Trang điểm
Son Kem Mịn Lì Nhẹ Như Nhung Blur Mude Soft Blur Tint (3g),184000,Mude,1,5.0,1,Trang điểm
Son dưỡng môi cao cấp chống lão hóa OHUI The First Lip Balm,559000,OHUI,4,5.0,1,Trang điểm
DAZZLE ME Son Kem Lì Siêu Mịn Kháng Nước Lâu Trôi Và Không Làm Khô Môi Mousse Lip Cream 4.5g,189000,DAZZLE ME,1,0.0,0,Trang điểm
Chì kẻ chân mày KATE eyebrown pencil z BR3 0.07g,140000,Kate,0,0.0,0,Trang điểm
"Minisize 5ml Kem Nền Kiềm Dầu, Cho Lớp Nền Mịn Lì Tự Nhiên Maybelline Fit Me Matte Poreless Foundation 112",45000,Maybelline,5,0.0,0,Trang điểm
"Kem Trang Điểm Ma Thuật che phủ không tì vết, dưỡng da, chống nắng, chống lão hóa - Benew B.B Collagen Whitening SPF 50 PA+++ (bản nâng cấp BB Magic) CH Hàn Quốc",237650,Benew,15,5.0,2,Trang điểm
Set 20 Hình Xăm Miếng Dán Lông Mày 6D Chống Thấm Nước Lâu Trôi,13000,Legaxi,80,4.0,2,Trang điểm
Mascara Siêu Bền Chống Trôi Làm Tơi Và Dày Rậm Làn Mi Mỏng Kissme Heroine  (2 Màu),243000,Kiss Me,14,5.0,3,Trang điểm
Phấn nước đa năng chống nắng và nâng tông Whoo GJH Seol Radiant White Tone Up Sun Cushion SPF50+/PA+++,1036000,the history of whoo,5,0.0,0,Trang điểm
"Dưỡng mi tế bào gốc FEG Plus Stem Cells ban ngày - Dài mi sau 14 ngày, không chứa Prostaglandins gây thâm mắt (5ml)",330000,FEG,43,4.5,10,Trang điểm
SON DƯỠNG CÓ MÀU - VACOSI COLOR LIPBALM,245000,Vacosi,71,5.0,14,Trang điểm
Nhíp Lấy Tai Có Đèn Chuyên Dụng Có Kèm Pin - Hàng Chính Hãng,69000,PaKaSa,58,4.8,8,Trang điểm
Bộ cọ BH Cosmetic - BH Eye Essential (7 cây),193030,Bh Cosmetics,0,0.0,0,Trang điểm
"Combo 2 lõi phấn nước kiềm dầu, che khuyết điểm  It's Well Plus",213400,its well plus,21,4.5,4,Trang điểm
 Son PK Phấn Nụ Hoàng Cung màu đỏ cherry/ hồng ruby/cam đất,380400,PHẤN NỤ HOÀNG CUNG,4,5.0,1,Trang điểm
Bảng màu trang điểm đa năng 5 in 1 - naturaglacé Make Up Palette,1109000,naturaglacé,1,0.0,0,Trang điểm
Bộ trang điểm tiện lợi  It's Well Plus (cho da dầu),859000,its well plus,1,0.0,0,Trang điểm
Bông Mút Đánh Kem Nền Thông Minh- Mút trang điểm IMAGIC- Hàng Chính Hãng(Màu ngẫu nhiên),45000,IMAGIC Professional Comestic,67,4.2,11,Trang điểm
Bộ Đôi Son Kem Lì Lâu Trôi Maybelline New York Super Stay Matte Ink x Hiền Hồ,505000,Maybelline,0,0.0,0,Trang điểm
CHÌ KẺ CHÂN MÀY HỮU CƠ - naturaglacé EYELBROW PENCIL,852000,naturaglacé,4,5.0,1,Trang điểm
Phấn phủ hữu cơ chống nắng dạng bột - naturaglacé LOOSE POWDER,1252000,naturaglacé,38,5.0,1,Trang điểm
Kem nền dưỡng ẩm chống nắng - naturaglacé EMOLLIENT CREAM FOUNDATION,1460000,naturaglacé,12,5.0,1,Trang điểm
Son xăm lì siêu mịn không trôi Mira Aroma Tattoo Liptint Hàn Quốc 6g tặng kèm móc khoá,145000,Mira Aroma,29,5.0,1,Trang điểm
Máy Tỉa Lông Mũi Xiaomi HN1 - Hàng Nhập Khẩu,232800,Xiaomi,144,4.8,32,Trang điểm
Nhíp Inox Đầu Xéo Nhổ Lông Mày Cao Cấp KỀM NGHĨA N.503,16560,Kềm Nghĩa,126,5.0,17,Trang điểm
Kem nền trang điểm BB ma thuật che phủ hoàn hảo Hàn Quốc cao cấp Benew Magic Snow White SPF 50 PA+++ (50ml) – Hàng chính hãng,189000,Benew,143,3.9,8,Trang điểm
Kéo Cắt Tóc Thép Không Gỉ Kềm Nghĩa KT-703,206010,Kềm Nghĩa,257,4.8,79,Trang điểm
Đai It's Well Plus 4D Định Hình Khuôn Mặt Chữ V - Loại 1 (V-line),299860,its well plus,24,5.0,3,Trang điểm
Bút Kẻ Mắt Nước Siêu Sắc Mảnh Không Lem Không Trôi Maybelline New York HyperSharp Liner Đen 0.5g,242000,Maybelline,3,0.0,0,Trang điểm
Sữa dưỡng thể ban đêm Vaseline Gluta-Hya Serum Burst Lotion Dewy Radiance (30ml/70ml/330ml) - Hàng chính hãng,140000,Vaseline,5,0.0,0,Dưỡng thể
Kem Dưỡng Ẩm Và Dưỡng Trắng Da White Conc Body Cream (500 G),296100,White Conc,5,0.0,0,Dưỡng thể
Sữa Dưỡng Thể NIVEA 8 Super Foods Dưỡng Sáng Da | Mịn Da (550 ml) - 98924,147200,Nivea,7,5.0,2,Dưỡng thể
Sữa Dưỡng Thể NIVEA Dưỡng Ẩm Chuyên Sâu 48H | Thấm Nhanh (550 ml) - 98943,129720,Nivea,309,0.0,0,Dưỡng thể
Kem body Senademar 10X white body lotion 300g hạn 2027 dưỡng trắng cấp ẩm phục hồi chuyên sâu cho da,320000,Senademar,8,0.0,0,Dưỡng thể
Kem mỡ đa năng Beloderm ( Đỏ ),145000,No Brand,3,0.0,0,Dưỡng thể
Kem Dưỡng Trắng Da Body Narci Natural Smooth White Body 200g hạn 2027,296100,Narci Natural,0,0.0,0,Dưỡng thể
Serum Chống Nắng NIVEA SUN Sáng Da Nâng Tone SPF50 PA+++ (30 ml) - 86014,94000,Nivea,245,0.0,0,Dưỡng thể
Sữa Dưỡng Thể NIVEA Dưỡng Ẩm Chuyên Sâu 48H | Thấm Nhanh (380 ml) - 98940,126960,Nivea,8,0.0,0,Dưỡng thể
Bơ dưỡng thể cà phê Dak Lak 200ml,173880,The Cocoon Original Vietnam,13,5.0,1,Dưỡng thể
Kem dưỡng ẩm phục hồi Emmié by HappySkin B5 Complex (50g) - Hàng chính hãng,359000,Emmié by Happy Skin,1,0.0,0,Dưỡng thể
Bọt cạo râu Figaro giúp làm mềm râu tránh đau rát Italy 400ml,145000,malizia,6,0.0,0,Dưỡng thể
Sữa Dưỡng Thể dưỡng sáng giúp phục hồi và chống nắng (200 ml) - 88310,90000,Nivea,3265,5.0,2,Dưỡng thể
"Kem Body Trắng Da White Rose 150ml [Chính Hãng ] Thẩm thấu nhanh, không bết rít, bật tông nhanh, tăng độ ẩm cho da.",280330,Hongtam Cosmetics,0,0.0,0,Dưỡng thể
Sữa Dưỡng Ẩm Dành Cho Da Khô CeraVe Moiturising Lotion 473ml,38000,CeraVe,13,0.0,0,Dưỡng thể
Sữa dưỡng giúp dưỡng ẩm dành cho da khô CeraVe Moisturising Lotion,146280,CeraVe,30,4.7,3,Dưỡng thể
"Gel Dưỡng Ẩm Thuần Chay Nha Đam Heebee's Cấp Ẩm, Làm Dịu, Phục hồi Da 300g",198000,Heebee Việt Nam,1,5.0,1,Dưỡng thể
Kem Dưỡng Thể Trắng Da Chống Nắng Ban Ngày Pretty Skin Body Glutathione V10 Alpha Arbutin Body Lotion 250ml tặng móc khóa,315000,Dabo,5,0.0,0,Dưỡng thể
Tinh Chất Dưỡng Thể NIVEA 10 Super Vitamins & Skin Foods (170 Ml) - 93767,125120,Nivea,13,0.0,0,Dưỡng thể
Sữa Dưỡng Thể NIVEA Extra Bright Dưỡng Sáng Da | Mịn Da (350 ml),96000,Nivea,15392,5.0,10,Dưỡng thể
Sữa Dưỡng Thể Ban Đêm Dưỡng Sáng Da HATOMUGI 400 Ml,139000,Hatomugi,6,4.7,3,Dưỡng thể
Kem Dưỡng Body ST Beauty Làm Trắng & Bật Tông Da Tự Nhiên – Natural Tone Up Body Cream,139000,ST Beauty,114,4.5,201,Dưỡng thể
"Viên uống chống nắng nội sinh Murad Hộp 60v, chiết xuất từ quả lựu, giúp bảo vệ da khỏi tác động của tia tử ngoại, làm sáng, mịn da, mang lại làn da tươi trẻ, khỏe mẫu mới",1320000,GoodnDoc,4,1.0,1,Dưỡng thể
Combo 2 Serum chống nắng cơ thể Vaseline 50x bảo vệ da với SPF 50+ PA++++ giúp da sáng hơn gấp 2X 300ml,269560,Vaseline,1401,4.5,23,Dưỡng thể
Combo 2 Vaseline Gluta-Hya Dưỡng Thể Nâng Tông Tức Thì Gấp 4x 300ML/tuýp,288880,Vaseline,201,4.7,11,Dưỡng thể
Vaseline Gluta-Hya Dưỡng Thể Nâng Tông Tức Thì Gấp 4 Lần 300ML,130640,Vaseline,1187,4.7,70,Dưỡng thể
"Gel chống nắng Bioré UV Aqua Rich Watery Gel SPF 50+ PA++++ dưỡng ẩm, không nhờn rít (90ml)",174300,Biore,8,5.0,1,Dưỡng thể
"Sữa Dưỡng Thể Chống Nắng, Dưỡng Ẩm Và Làm Sáng Da Chiết Xuất Hạt Ý Dĩ Reihaku Hatomugi Nhật Bản SPF50 PA+++ 250ml",193030,Hatomugi,14,5.0,1,Dưỡng thể
Sữa Dưỡng Cân Bằng Độ Ẩm Fixderma Multi-Active Moisturizing Lotion 150ml,317000,FIXDERMA,22,0.0,0,Dưỡng thể
Sữa Dưỡng Thể 350Ml Vaseline Dưỡng Ẩm Sáng Da Fresh & Bright 10X Niacinamide Giúp Da Sáng Khỏe Mịn Căng Tinh Chất Menthol Mát Lạnh Như Tuyết Tan Trên Da,111000,Vaseline,8363,4.7,1214,Dưỡng thể
Tinh Chất Chống Nắng NIVEA Dưỡng Trắng & Kiểm Soát Dầu SPF50+ PA+++ (30ml) - 86060,96000,Nivea,246,0.0,0,Dưỡng thể
Kem chống nắng body Skin Aqua dưỡng trắng dùng hàng ngày Sunplay Skin Aqua UV Body Whitening Lotion SPF 50+ PA++++ 150g,155480,Sunplay,901,4.5,164,Dưỡng thể
SỮA DƯỠNG THỂ VASELINE HỒNG LÀM MỊN &TRẮNG DA 725ML,175000,Vaseline,645,4.5,61,Dưỡng thể
Kem Dưỡng Trắng Da Ban Đêm OBZÉÉ,720000,OBZÉÉ COSMETIC,4,5.0,1,Dưỡng thể
Sữa Dưỡng Thể Thảo Dược Argan Body Lotion Gold Hàn Quốc 500ml + Móc Khóa,276450,Mugens,11,4.5,2,Dưỡng thể
Sữa Dưỡng Thể Cho Da Cơ Thể Nhạy Cảm Eucerin Sensitive Skin Ph5 Lotion (250ml),202730,Eucerin,254,5.0,32,Dưỡng thể
"Tinh chất làm mềm, mượt và sáng da body 10% AHA - Paula's Choice Skin Revealing Body Lotion 10% AHA",770000,Paula's Choice,25,1.3,4,Dưỡng thể
Sữa Dưỡng Thể Dưỡng Trắng NIVEA Giúp Phục Hồi & Chống Nắng SPF 30 (350ml) - 88311,124200,Nivea,1939,5.0,1,Dưỡng thể
Kem Dưỡng Thể Lover's Care Hoa Hồng 4002861 (800ml),289520,Lover's Care,56,4.5,10,Dưỡng thể
Sữa Dưỡng Thể Làm Sáng Da Eucerin White Therapy Body Lotion SPF 7 (250ml),379000,Eucerin,86,4.3,7,Dưỡng thể
Tinh Chất Serum Dưỡng Trắng Da Mona Frema White- Equation Reinforcing Concentrate 30ml,1727700,MONA FREMA,7,4.0,1,Dưỡng thể
Sữa dưỡng thể Vaseline Healthy Bright Perfect Youth (100ml/350ml) - Hàng chính hãng,140000,Vaseline,0,0.0,0,Dưỡng thể
Dưỡng thể hương sữa dâu cấp ẩm và làm mềm sáng da Kwailnara Strawberry Milk Body Lotion 560gr,218250,Dabo,0,0.0,0,Dưỡng thể
Sữa dưỡng thể Trắng da mềm mướt Balea Body Lotion Đức 400ml,185000,Kwailanra,1,0.0,0,Dưỡng thể
Sữa dưỡng thể Vaseline Gluta-Hya 10X Serum Burst Lotion OverNight Radiance Repair (70ml/330ml) - Hàng chính hãng,39000,Vaseline,0,0.0,0,Dưỡng thể
"Kem bôi viêm da cơ địa, vảy nến, chàm sữa em bé, chiết xuất rau má MooGoo",369000,Moogoo,1,0.0,0,Dưỡng thể
Kem dưỡng da cấp ẩm dầu ngựa Loshi Nhật Bản 220g,175000,Doori,0,0.0,0,Dưỡng thể
Kem dưỡng thể trắng da BRILLIANT CELL BODY CREAM DAMODE chai 200gr,1400000,Damode,0,0.0,0,Dưỡng thể
Serum Body Bakuchoil Dr Cell 180g dưỡng trắng da body chống lão hoá mềm mịn da - Hàng Chính Hãng,281300,Drcell,0,0.0,0,Dưỡng thể
Kem Chống Hăm Em Bé MooGoo - Baby Range - Nappy Balm 120g,308320,M&L VIETNAM,0,0.0,0,Dưỡng thể
Sữa Dưỡng Ẩm CETAPHIL Moisturising 237ml,279505,Cetaphil,2,0.0,0,Dưỡng thể
Kem Dưỡng Ẩm Hằng Ngày Cho Da Mỏng Manh A-Derma Universal Cream Hydrating 50ml,416000,A-Derma,3,0.0,0,Dưỡng thể
"Kem Dưỡng Bổ Sung Lipid NEUTRADERM Cho Cả Gia Đình Ngăn Ngừa Chàm Ngứa, Dưỡng Ẩm, Chống Khô Da",259960,NEUTRADERM,1,0.0,0,Dưỡng thể
Tinh chất dưỡng thể Vaseline Healthy Bright Spf 50+ (Tuýp 300ml/320ml),152000,Vaseline,1,0.0,0,Dưỡng thể
Kem dưỡng thể Emmié Face & Body Niacinamide Emulsion làm trắng da 7% (230ml)/10% (230g) - Hàng chính hãng,269506,Emmié by Happy Skin,3,4.0,2,Dưỡng thể
Kem dưỡng ẩm CETAPHIL moisturising 50g,182000,Cetaphil,1,0.0,0,Dưỡng thể
"Chai xịt giặt khô áo khoác Nhật Bản 330ml - Bọt làm sạch, vệ sinh quần áo siêu tốc",65000,Dabo,25,0.0,0,Dưỡng thể
Kem Body Dưỡng Trắng Da Toàn Thân VIP Vàng OLY HT Chính Hãng 80g,79000,OLY HT,0,0.0,0,Dưỡng thể
"MINI SIZE - Sữa chống nắng bí đao - Ráo mịn tự nhiên SPF 50+, UVA-PF 62.6 Cocooon 15ml",99000,The Cocoon Original Vietnam,1,0.0,0,Dưỡng thể
VERSACE Eros Pour Femme Luxury Body Lotion 200ml sữa dưỡng thể sang trọng hương nước hoa Eros Pour Femme,690000,Versace,0,0.0,0,Dưỡng thể
"Kem Dưỡng Thể Ban Đêm Tái Tạo, Phục Hồi Làn Da Body Treatment Pretty Skin Retinol B5 Alpha Arbutin Body Lotion 250ml",315000,Dabo,1,0.0,0,Dưỡng thể
Kem dưỡng giảm nám Avoland,264810,AVOLAND,0,0.0,0,Dưỡng thể
Kem trang điểm toàn thân Medi White Body Makeup,500000,MediWhite,0,0.0,0,Dưỡng thể
Kem dưỡng làm trắng da toàn thân Medi White Body,595200,MediWhite,0,0.0,0,Dưỡng thể
"Kem Dưỡng Ẩm Dành Cho Da Nhạy Cảm, Da Khô Và Rất Khô Bioderma Atoderm Crème Ultra 200ml",315000,BIODERMA,3,5.0,2,Dưỡng thể
Kem Body Collagen X3 Luxury + Kem Face + Kích trắng da,69749,Collagen X3,6,5.0,1,Dưỡng thể
[Sữa Dưỡng Thể] Hatomugi Chống Nắng Trắng Da Cấp Ẩm SPF50 PA+++ 250ml,179000,Hatomugi,5,0.0,0,Dưỡng thể
Combo 2 Sữa dưỡng thể với thành phần ngừa lão hóa dưỡng sáng VASELINE Healthy Bright Perfect Youth 350ML/chai,276000,Vaseline,1323,5.0,38,Dưỡng thể
Serum Dưỡng Thể & Chống Nắng SPF50 PA+++ NIVEA Vitamin Super C+ (180 ml) - 98448,118680,Nivea,3,3.0,1,Dưỡng thể
Serum Dưỡng Thể & Chống Nắng SPF50 PA+++ NIVEA Vitamin Super C+ (180 ml) - 98449,118680,Nivea,0,0.0,0,Dưỡng thể
Dưỡng Thể Trắng Da Ban Đêm Reihaku Hatomugi Body Milk 29606 (Chai 400 mL),123000,Hatomugi,4,0.0,0,Dưỡng thể
Dưỡng ẩm cho da dầu mụn Skinavis Moisturizer Lotion 30ml - Hàng chính hãng,470000,SKINAVIS,22,5.0,3,Dưỡng thể
Kem Dưỡng Ẩm Cho Da Khô Bong Tróc Fixderma Moisturizing Cream 60g,217280,FIXDERMA,1,0.0,0,Dưỡng thể
Sữa dưỡng ẩm cho da nhạy cảm Cetaphil Moisturizing Lotion 200ml,319000,Cetaphil,181,5.0,34,Dưỡng thể
Sữa dưỡng ẩm da The history of Whoo Gongjinhyang Essential Moisturizing Emulsion 110ml,1144000,the history of whoo,9,5.0,1,Dưỡng thể
Sữa Dưỡng Thể Dưỡng Trắng Nivea NIVEA EXTRA WHITE C & E VITAMIN - 180ML - 84374,103000,Nivea,2,0.0,0,Dưỡng thể
Serum Dưỡng Thể NIVEA Phục Hồi & Chống Nắng Ban Ngày (180 ml) - 88314 (Bao bì thay đổi theo từng đợt nhập hàng),118680,Nivea,123,0.0,0,Dưỡng thể
Sữa Dưỡng Thể Làm Sáng Da Chống Lão Hóa Eucerin White Therapy Ultra White+ SPOTLESS Body Lotion SPF 7 (250ml),379000,Eucerin,154,4.7,18,Dưỡng thể
Dầu dừa Viet Healthy 100ml,89000,Viet Healthy,16,0.0,0,Dưỡng thể
Kem Dưỡng Thể Lover's Care Lô Hội 4002465 (800ml),289520,Lover's Care,31,4.5,6,Dưỡng thể
Combo Sữa dưỡng thể Vaseline Gluta-Hya Serum Burst UV Lotion Flawless Bright (330ml) + Nước tẩy trang Simple Micellar Water (200ml) - Hàng chính hãng,179000,Vaseline,0,0.0,0,Dưỡng thể
Tinh chất dưỡng thể chống nắng Vaseline Healthy Bright SPF 50+ PA++++ (30ml/70ml/300ml) - Hàng chính hãng,170000,Vaseline,2,0.0,0,Dưỡng thể
Sữa Dưỡng Thể Thư Giãn Eucalyptus Lavender Body Lotion 295ml,375000,Tesori D'Oriente,0,0.0,0,Dưỡng thể
"Kem dưỡng ẩm làm mềm cho da khô, da nhạy cảm Stanhome Balm Repair 50ml",363550,Stanhome,0,0.0,0,Dưỡng thể
"Gói 10ml - Kem Dưỡng Cho Da Chàm, Viêm Da Cơ Địa NEUTRADERM",25000,NEUTRADERM,0,0.0,0,Dưỡng thể
Gói 10ml - Kem Dưỡng Ẩm Dịu Êm Cho Bé NEUTRADERM Soothing Moisturizing Cream,25000,NEUTRADERM,0,0.0,0,Dưỡng thể
Kem Dưỡng Ẩm CERAVE Moisturising 50ml,180000,CeraVe,0,0.0,0,Dưỡng thể
Kem Dưỡng Thể Nước Hoa Hy Lạp Cổ Đại Tesori D'Oriente 300g,367500,Tesori D'Oriente,0,0.0,0,Dưỡng thể
Kem Dưỡng Thể Nước Hoa Hammam Tesori D'Oriente  Butter Body Cream - 300g,367500,Tesori D'Oriente,1,0.0,0,Dưỡng thể
"Sữa Dưỡng Thể Cho Gia Đình Neutraderm Chính Hãng Dưỡng Da Mềm Mịn, Dưỡng Ẩm Dành Cho Nhiều Loại Da",379000,NEUTRADERM,0,0.0,0,Dưỡng thể
Kem Dưỡng Thể Trắng Da Nâng Tone Tăng Cường POP,185000,POP Beauty,0,0.0,0,Dưỡng thể
Tẩy da chết body Compliment 400ml chiết xuất thiên nhiên,95000,No Brand,1,4.0,1,Dưỡng thể
Dermarium The Cure - Tinh Chất DNA Repair Enzymes Trẻ Hoá & Bảo Vệ Toàn Diện 30ml,1020000,Dermarium,1,0.0,0,Dưỡng thể
"Sữa dưỡng thể làm trắng, săn chắc và dưỡng ẩm da mịn màng PHA-A Body Lotion The Gentinol 0221 150g",665000,Thegioilamdep.vn,0,0.0,0,Dưỡng thể
Combo Kem Body + Kem Kích Trắng + Tắm Trắng Collagen X3 Kem Dưỡng Ẩm Dưỡng Trắng Da Toàn Thân Đông Anh Chính Hãng,233770,Collagen X3,4,0.0,0,Dưỡng thể
Kem mỡ đa năng Beloderm Belosalic (VÀNG),286150,COMPLIMENT,17,0.0,0,Dưỡng thể
Serum Dưỡng Thể Trắng Da Hoa Trà Weilaiya 200g - Body lotion hương nước hoa,258000,Weilaiya,2,0.0,0,Dưỡng thể
Kem dưỡng trắng da Whitening body cream,530000,Shezin's skin,0,0.0,0,Dưỡng thể
Kem dưỡng trắng da Avoland ,264810,AVOLAND,0,0.0,0,Dưỡng thể
Kem Dưỡng Ẩm Tất Cả Trong Một Dành Cho Nam All In One For Men Lycoris,1144800,Lycoris,0,0.0,0,Dưỡng thể
"Dầu massage cơ thể, giúp dưỡng ẩm, duy trì làn da mịn màng, tươi trẻ - Natural Look Glisten Lavender Body Massage Oil",826000,NATURAL LOOK,1,0.0,0,Dưỡng thể
"Dưỡng thể hữu cơ nuôi dưỡng làn da, ngăn ngừa gốc tự do - naturalSpa - Fresh Romance Body Lotion",168000,naturalSpa,0,0.0,0,Dưỡng thể
"Bơ dưỡng thể tăng cường dưỡng chất, nuôi dưỡng làn da hoàn hảo - naturalSpa Tropical Mango Body Butter 200ml",545000,naturalSpa,0,0.0,0,Dưỡng thể
Chăm Sóc Da - C SKIN.02 - COMBO8 - BODY LOTION RETINOL - Dưỡng Trắng Cấp Ẩm Chuyên Sâu,1882000,C SKIN.02,0,0.0,0,Dưỡng thể
Chăm Sóc Da - C SKIN.02 - BODY LOTION RETINOL - Dưỡng Trắng Cấp Ẩm Chuyên Sâu,231830,C SKIN.02,0,0.0,0,Dưỡng thể
Kem dưỡng phục hồi da tổn thương Cu3 Recovery Lotion Neova,1220000,Neova,3,5.0,1,Dưỡng thể
Sữa Dưỡng Thể Chống Nắng Hatomugi Nhật Bản,202730,Hatomugi,6,0.0,0,Dưỡng thể
0125037 Sữa dưỡng thể PHARMALINE Atopic 500ml,290460,PHARMALINE,6,0.0,0,Dưỡng thể
"[MỸ PHẨM NHẬT BẢN] Kem Dưỡng Da Cổ Nhật Bản MICCOSMO Hurry Harry 40g, Chiết Xuất Nhau Thai, Dưỡng Trắng, Chống Nhăn, Ngăn Ngừa Lão Hóa, Căng Bóng, Trẻ Hóa Da (HH01)",375000,HURRY HARRY,10,5.0,3,Dưỡng thể
"Kem Dưỡng Trắng Da, Chống Nắng Toàn Thân The Rucy Mediline Centella Whitening Cream For Body SPF 50+ PA+++ 100ml",266750,The Rucy,24,5.0,2,Dưỡng thể
SỮA DƯỠNG THỂ DƯỠNG ẨM BODY THẢO DƯỢC QUEENIE AC PURE 250ML - MỸ PHẨM HÀN QUỐC,360000,Queenie,2,4.0,1,Dưỡng thể
Kem body makeup ,291400,ONECHERRY,0,0.0,0,Dưỡng thể
Kem dưỡng thể Cellina Cream,49000,Cellina,25,5.0,7,Dưỡng thể
Lotion dưỡng ẩm Hạt Ý dĩ Hatomugi Kumano 500ml,120000,Hatomugi,2,0.0,0,Dưỡng thể
SỮA DƯỠNG THỂ VASELINE HỒNG LÀM MỊN &TRẮNG DA 725ML [ Được Mask 3W Clinic ],179000,Vaseline,592,4.7,101,Dưỡng thể
kem Dưỡng Trắng OBZÉÉ Body Lotion Day,720000,OBZÉÉ,5,5.0,1,Dưỡng thể
Sữa dưỡng thể chống nắng hatomugi,82000,Hatomugi,1,0.0,0,Dưỡng thể
Sữa Dưỡng Thể Làm Trắng White Conc Cc Cream (200g),195000,White Conc,15,5.0,2,Dưỡng thể
Kem Dưỡng Thể Lover's Care Cam Thảo Và Ngọc Trai 4002878 (800ml),289520,Lover's Care,46,5.0,13,Dưỡng thể
Kem Dưỡng Thể Lover's Care Sữa Ong Chúa Và Mật Ong 4002625 (800ml),289520,Lover's Care,34,4.3,6,Dưỡng thể
Bơ Dưỡng Thể Tree Hut Watermelon Whipped Shea Body Butter 240g,465000,Tree Hut,0,0.0,0,Dưỡng thể
Sữa Dưỡng Thể Tree Hut PinkHibiscus Moisturizing Body Lotion 251ml,423750,Tree Hut,0,0.0,0,Dưỡng thể
Sữa dưỡng thể dưỡng trắng Vaseline Gluta-Hya Body Tone-Up UV Lotion Niacinamide Tone-Up - Hàng chính hãng,155000,Vaseline,0,0.0,0,Dưỡng thể
Sữa Dưỡng Thể CeraVe Moisturising Lotion Cho Da Thường Và Da Khô 30ml,55000,CeraVe,0,0.0,0,Dưỡng thể
Sữa dưỡng thể đào và sữa ong chúa Welcos Kwailnara Milk Body Lotion dưỡng ẩm và tái tạo da Hàn Quốc 560 g,218250,Welcos,0,0.0,0,Dưỡng thể
Kem Body dưỡng da SWL Lavender Radiant Glow 150gr,749000,SWL Lavender,0,0.0,0,Dưỡng thể
Kem Dưỡng Thể Hera Cosmetic Healthy Bright Nia-Retinol Body Lotion - 200ml - Hàng Chính Hãng,319000,Hera Cosmetic,0,0.0,0,Dưỡng thể
Kem Dưỡng Thể Nước Hoa Ayurveda Tesori D'Oriente 300g,367500,Tesori D'Oriente,0,0.0,0,Dưỡng thể
"Sữa Dưỡng Thể Cho Da Nhạy Cảm NEUTRADERM DERMO-SOOTHING Giúp Dưỡng Ẩm, Làm Dịu Da",399000,NEUTRADERM,1,0.0,0,Dưỡng thể
Sữa dưỡng thể tinh dầu thơm thiên nhiên cho bé s select 300ml/chai,126650,S Select,3,0.0,0,Dưỡng thể
Tẩy Da Chết Toàn Thân Coffee Dưỡng Da Trắng Mịn SHCI (Tuýp 160 G),109000,SHCI,0,0.0,0,Dưỡng thể
Kem Dưỡng Thể Hương Nước Hoa Thanh Long 300gr - Tesori d'Oriente,355000,Doori,0,0.0,0,Dưỡng thể
Kem DưỡngTrắng Da Toàn Thân Body Collagen X3 Luxury Kem Body Dưỡng Ẩm Trắng Da Đông Anh Chính Hãng 250g,34000,Collagen X3,4,4.0,1,Dưỡng thể
Dưỡng Thể Prettyskin Alpha Arbutin Body Lotion 250ml,251000,PrettySkin,3,5.0,1,Dưỡng thể
Kem dưỡng da tay Avoland,264810,AVOLAND,0,0.0,0,Dưỡng thể
Sữa dưỡng dưỡng trắng da TRANSINO,860000,Transino,1,0.0,0,Dưỡng thể
Sữa Dưỡng Thể Sáng Mịn Da White Camellia 250g Zakka Naturals,360000,Zakka Naturals,16,0.0,0,Dưỡng thể
"Dầu massage cơ thể, giúp dưỡng ẩm, duy trì làn da mịn màng, tươi trẻ - Natural Look Glisten Rose Body Massage Oil",826000,NATURAL LOOK,0,0.0,0,Dưỡng thể
Sữa hỗ trợ giảm mọc lông sau waxing - triệt lông - Natural Look Depil Hair Range Intensive Body Milk,575040,NATURAL LOOK,0,0.0,0,Dưỡng thể
"Dưỡng thể hữu cơ nuôi dưỡng làn da, ngăn ngừa gốc tự do - naturalSpa - Energy Boost Body Lotion",168000,naturalSpa,0,0.0,0,Dưỡng thể
"Dưỡng thể hữu cơ nuôi dưỡng làn da, ngăn ngừa gốc tự do - naturalSpa Harmony Body Lotion",168000,naturalSpa,0,0.0,0,Dưỡng thể
Hatomugi SPF 31PA+++ 250ml,189000,Hatomugi,0,0.0,0,Dưỡng thể
Chăm Sóc Da - C SKIN.02 - COMBO7 - BODY LOTION RETINOL - Dưỡng Trắng Cấp Ẩm Chuyên Sâu,1643000,C SKIN.02,0,0.0,0,Dưỡng thể
Chăm Sóc Da - C SKIN.02 - COMBO6 - BODY LOTION RETINOL - Dưỡng Trắng Cấp Ẩm Chuyên Sâu,1404000,C SKIN.02,0,0.0,0,Dưỡng thể
Chăm Sóc Da - C SKIN.02 - COMBO2 - BODY LOTION RETINOL - Dưỡng Trắng Cấp Ẩm Chuyên Sâu,458000,C SKIN.02,0,0.0,0,Dưỡng thể
Kem Dưỡng Trắng Da Toàn Thân Ban Đêm White Conc Watery Cream II 90 G,195000,White Conc,1,0.0,0,Dưỡng thể
Sữa Dưỡng Thể Ban Đêm Hatomugi The Body Milk Hạt Ý Dĩ Nhật Bản (400ml),222130,Hatomugi,12,4.0,1,Dưỡng thể
Kem body trắng da toàn thân có chống nắng (Tone Up) Wiesin Body White Skin Cream 120g - WS06,300800,Wiesin,120,5.0,19,Dưỡng thể
"Men Ủ Trắng Da Body Gạo, giúp da trắng hồng, làm mờ các vết thâm sạm trên da - Hàng Chính Hãng",271600,Dr Cell,4,0.0,0,Dưỡng thể
Kem dưỡng trắng da toàn thân (BODY) cao cấp ( NHAU THAI CỪU ) OLY HT - Hàng Chính Hãng 150g,185000,OLY HT,1,0.0,0,Dưỡng thể
Kem Dưỡng Da Toàn Thân PhQuy,185000,Phước Quy,0,0.0,0,Dưỡng thể
"Kem Dưỡng Trắng Da Toàn Thân, Ngọc Trai Đen, Collagen - 200gr",379000,Lubi Cosmetics,0,0.0,0,Dưỡng thể
Kem Dưỡng Trắng Da Body Cao Cấp Ngọc Trai Lubi 200g - Tinh chất Ngọc trai & Collagen,330000,Lubi Cosmetics,1,4.0,1,Dưỡng thể
Combo dưỡng trắng da White ConC (Kem dưỡng ẩm làm trắng da Watery Cream 90g +Kem dưỡng trắng da toàn thân ban ngày 200g),368000,White Conc,34,4.2,6,Dưỡng thể
Sữa Dưỡng Ẩm Toàn Thân Và Da Mặt Cetaphil Moisturizing Lotion (200ml),309260,Cetaphil,44,5.0,15,Dưỡng thể
Sữa Dưỡng Thể Bơ Lover’s Care (800ml),289520,Lover's Care,15,3.0,2,Dưỡng thể
"Sữa Dưỡng Thể Chống Nắng Hatomugi SPF31 PA+++ Nhật Bản, 250ml",109000,Hatomugi,166,4.6,43,Dưỡng thể
Sữa Dưỡng Thể Cho Da Nhạy Cảm Eucerin pH5 Skin Protection Lotion (250 ml) (Không Mùi),202730,Eucerin,123,4.7,22,Dưỡng thể
"Kem Dưỡng Trắng Da, Dưỡng Ẩm, Giảm Thâm, Mờ Sẹo Vitara - E Cream - BER09 (25g)",125000,VITARA,22,5.0,1,Dưỡng thể
Dưỡng Thể Dưỡng Ẩm Và Làm Mịn Da Từ Protein Sữa Hokkaido Made In Nature 700ml,179000,MADE IN NATURE,4,4.0,1,Dưỡng thể
Combo Tinh chất dưỡng thể chống nắng Vaseline Healthy Bright SPF 50+(300ml) + Sữa rửa mặt Simple Refreshing Facial Wash (50ml) - Hàng chính hãng,179000,Vaseline,0,0.0,0,Dưỡng thể
Combo Sữa dưỡng thể ban đêm Vaseline Gluta-Hya Serum Burst Lotion Dewy Radiance (330ml) + Sữa dưỡng thể ban đêm Vaseline Gluta-Hya 10X (70ml) - Hàng chính hãng,179000,Vaseline,0,0.0,0,Dưỡng thể
Kem dưỡng trắng da Momotani White Moisture Gel Cream (30g/230g) - Hàng chính hãng,79000,Meishoku,0,0.0,0,Dưỡng thể
Sữa dưỡng ẩm Ý Dĩ Naturie Hatomugi Skin Conditioning Milk (230ml) - Hàng chính hãng,149000,Hatomugi,0,0.0,0,Dưỡng thể
"Kem Dưỡng Da Đa Năng Cấp Ẩm, Làm Dịu, Hỗ Trợ Nâng Tông Da Tự Nhiên Sekkisei Clear Wellness Kose Nhật Bản 40g",205029,Sekkisei,0,0.0,0,Dưỡng thể
Vaseline Body Tone-Up Sữa dưỡng thể nâng tông tức thì 300ML - Sáng Mịn Da Nâng Tone,128800,Vaseline,2,0.0,0,Dưỡng thể
Kem Dưỡng SENADEMAR S.O.S SKIN RELIEF CREAM cấp ẩm phục hồi dưỡng trắng 50g,330000,Senademar,0,0.0,0,Dưỡng thể
"Kem body RE:LAB Whitening Body Lotion 200ml , Nâng tone dưỡng trắng da, làm đều màu da",242000,Re:Lab,1,0.0,0,Dưỡng thể
Kem dưỡng thể trắng da chống nắng 100g Sắc Tiên Today,320000,Sắc Tiên Today,0,0.0,0,Dưỡng thể
Kem Dưỡng Ẩm Cấp Nước Mona Frema EHA Double Hydra Plus Intensify Gel 50g,157680,MONA FREMA,3,5.0,1,Dưỡng thể
Serum Dưỡng Thể Cấp Ẩm Dưỡng Sáng Mịn Da Diary Bright Body Serum Gel (05 Mùi Hương),85000,Diary,0,0.0,0,Dưỡng thể
"Kem dưỡng da mỡ cừu Careline Lanolin Cream 100ml giúp dưỡng ẩm, làm trắng, chống lão hoá và mềm da",115000,Careline,2,5.0,1,Dưỡng thể
"Kem dưỡng cho bé Viêm da tiết bã, Vảy nến chiết xuất Dầu tràm Moogoo Úc thuần chay, lành tính",328000,Moogoo,1,0.0,0,Dưỡng thể
"Kem dưỡng ẩm phục hồi khẩn cấp thẩm thấu nhanh chứa Ceramides cho da nhạy cảm, rôm sảy, chàm sữa, viêm cơ địa - Moogoo",328000,Moogoo,0,0.0,0,Dưỡng thể
Sữa dưỡng thể DrCeutics Niacinamide 10% + Alpha Arbutin 2% Body Lotion giúp cải thiện độ đàn hồi săn chắc của da (200g) - Hàng chính hãng,410000,DrCeutics,3,5.0,1,Dưỡng thể
Nước hoa hồng Ý Dĩ Hadakiri Hatomugi Conditioer giúp dưỡng ẩm và làm trắng da (500ml) - Hàng chính hãng,183330,Hatomugi,0,0.0,0,Dưỡng thể
International Scalp Cream 120g-KEM DƯỠNG ẨM LÀM ẤM HỖ TRỢ VIÊM DA TIẾT BÃ 120g,289060,M&L,0,0.0,0,Dưỡng thể
SHEA SORBET VANILLA BUTTER BALM - KEM DƯỠNG BƠ HẠT MỠ HƯƠNG VANI 50g,221160,M&L,0,0.0,0,Dưỡng thể
"[GOLDEN HEALTH] Kem Dưỡng Trắng Da Body Retinol Beauty Leaf 150g,Giúp Da Mềm Mịn,Bật Tone Trắng Hồng Tự Nhiên - PHỤNG BEAUTY",150000,beauty leaf,0,0.0,0,Dưỡng thể
"[GOLDEN HEALTH] Kem Dưỡng Trắng Da Body Retinol Beauty Leaf 150g,Giúp Da Mềm Mịn,Bật Tone Trắng Hồng Tự Nhiên",150000,beauty leaf,0,0.0,0,Dưỡng thể
Kem Body Collagen X3 Luxury và Kích trắng Colagen X3,35000,Collagen X3,7,4.5,2,Dưỡng thể
SỮA CHỐNG NẮNG TOÀN THÂN S SELECT UV CUT GEL LOTION (300G),409000,S Select,0,0.0,0,Dưỡng thể
SỮA DƯỠNG THỂ TINH DẦU THƠM THIÊN NHIÊN CHO BÉ S SELECT,141550,S Select,0,0.0,0,Dưỡng thể
Sữa Dưỡng Thể NIVEA Extra White Night Nourish Ban Đêm Dưỡng Ẩm & Trắng Da (200 ml) - 88188 (Bao bì thay đổi tùy theo đợt nhập hàng),95000,Nivea,7936,5.0,2,Dưỡng thể
Sữa dưỡng thể dưỡng ẩm Bơ Hạt Mỡ Palmer's 250ml,193030,PALMERS,6,5.0,2,Dưỡng thể
Kem ủ tắm trắng body Pime Toneup Shower Cream dạng sữa dưỡng giúp nâng tone toàn thân 200g,684400,PIME,2,0.0,0,Dưỡng thể
Kem Body Collagen X3 Luxury dưỡng trắng da toàn thân ,69749,COLLAGEN X3 ĐA WHITENING BODY CREAM,37,5.0,6,Dưỡng thể
Ủ Body Trắng Da Lux soHERBs (set 3 gói dùng 3 lần),155000,SOHERBS,0,0.0,0,Dưỡng thể
Combo Lux Trắng Da soHERBs (Body Lux + Ủ Trắng Lux),425000,SOHERBS,0,0.0,0,Dưỡng thể
0125038 Sữa dưỡng thể PHARMALINE Sensitive 500ml,290460,PHARMALINE,0,0.0,0,Dưỡng thể
[KHUYẾN MÃI] Kem Dưỡng Trắng White Lie Chống Lão Hóa Dưỡng Ẩm Mờ Nám BELLCA 75g,749000, Belleza Castillo,4,4.0,1,Dưỡng thể
Sữa Dưỡng Thể Vaseline Gluta-Hya Trắng Da Ban Đêm Tuýp 300ml,96000,Vaseline,6012,4.7,521,Dưỡng thể
Dầu Dưỡng Thể Olive Complex Body Dry Oil Silk Effect,1330000,Erbario Toscano,1,0.0,0,Dưỡng thể
Barbie two - Tắm trắng toàn thân,110000,Enny,0,2.0,1,Dưỡng thể
Kem ủ trắng toàn thân collagen,203700,ONECHERRY,0,0.0,0,Dưỡng thể
Kem Dưỡng Thể Hoa Cam & Bưởi Neroli And Grapefruit Body Cream 100ml,282000,REN CLEAN SKINCARE,1,0.0,0,Dưỡng thể
Sữa dưỡng Kanebo Freshel Whitening Emulsion dưỡng ẩm trắng sáng da (130ml),369000,FRESHEL,0,0.0,0,Dưỡng thể
Xịt Dưỡng Trắng Da Toàn Thân White Conc - Chai 245ml,198850,White Conc,7,4.0,4,Dưỡng thể
Dưỡng Thể - Origani Whipped Body Butter Pure Tranquility 250g - Dạng Bơ Cô Đặc Giúp Làn Da Lập Tức Được Nuôi Dưỡng Sáng Rạng Rỡ.,2470000,Origani,10,4.0,1,Dưỡng thể
Dầu Olive Biyokea (200ml),188000,Biyokea,9,0.0,0,Dưỡng thể
Kem Dưỡng Trắng Bật Tone Da _ Honeymoon White Flower Tone-Up Cream,261900,Farmstay,1,5.0,1,Dưỡng thể
[HSD 6/2026] Kem dưỡng ẩm và tái cấu trúc da Frezyderm Moisturizing Plus Cream 50ml,669000,Dermeden,2,0.0,0,Dưỡng thể
Bơ Dưỡng Thể Tree Hut Moroccan Rose Whipped Shea Body Butter 240g,465000,Tree Hut,0,0.0,0,Dưỡng thể
Bơ Dưỡng Thể Tree Hut Tropic Glow Firming Whipped Shea Body Butter 240g,465000,Tree Hut,0,0.0,0,Dưỡng thể
Sữa Dưỡng Thể Tree Hut Coco Colada Moisturizing Body Lotion 251ml,423750,Tree Hut,0,0.0,0,Dưỡng thể
Sữa Dưỡng Thể Tree Hut Moroccan Rose Moisturizing Body Lotion 251ml ,423750,Tree Hut,0,0.0,0,Dưỡng thể
Kem Dưỡng Ẩm Dành Cho Da Khô Moisturising Cream Cerave 340g,395000,CeraVe,0,0.0,0,Dưỡng thể
Gel Dưỡng Ẩm Trắng Sáng Da Clarista Tokyo Botanical All In One Gel (165 mL),129000,clarista,0,0.0,0,Dưỡng thể
Kem HOLY CARE Ban Đêm 30g - Dưỡng Trắng Da - Cấp Ẩm - Làm Mềm Mịn Da,305500,HOLY CARE,0,0.0,0,Dưỡng thể
Dưỡng thể thư giãn Phiten Metax Lotion B 120ml,727000,Phiten,0,0.0,0,Dưỡng thể
Serum kiềm dầu và dưỡng ẩm dành cho nam Treechada Moisturing Oil Control Thái Lan 100ml,185000,HANARO,1,0.0,0,Dưỡng thể
Kem dưỡng thể hương nước hoa Thanh Long Tesori d'Oriente Italy 300gr,355000,Tesori D'Oriente,0,0.0,0,Dưỡng thể
Kem dưỡng da body hạnh nhân dành cho Spa (500 Gram),745000,MẸ KEN,0,0.0,0,Dưỡng thể
"Sữa dưỡng ẩm cho bé Poli Daily Lotion 400ml, dịu nhẹ cung cấp độ ẩm, nuôi dưỡng làn da mềm mịn cho bé",257000,albus,1,0.0,0,Dưỡng thể
"Tươi mới khơi hương quyến rũ - 7GF Body Cream, Lip Serum, Hand Cream",2060000,aishodo,0,0.0,0,Dưỡng thể
Sữa dưỡng thể trẻ hoá mịn màng tinh chất Peptide và Collagen – 7GF Moisture Body Cream 150g,820000,aishodo,0,0.0,0,Dưỡng thể
Kem dưỡng ẩm trẻ em Pororo's Baby Moisturizing Cream chống nẻ khô da 1+ ngày tuổi Hàn Quốc 65g,189000,Dabo,1,0.0,0,Dưỡng thể
Kem dưỡng da tay trẻ em dưỡng ẩm Pororo Hand Cream Hàn Quốc 30ml,65000,Dabo,0,0.0,0,Dưỡng thể
Kem dưỡng trắng da body cấp ẩm và làm dịu da Body S&W Celaud,487000,C'ELAUD,0,0.0,0,Dưỡng thể
Sữa dưỡng căng bóng - Phục hồi đa tầng Tendering Serum,670000,TjDin skin,0,0.0,0,Dưỡng thể
Sữa dưỡng thể trắng da nước hoa - L518 MILK BODY LOTION 200ml,370000,LACDY COSMETICS,0,0.0,0,Dưỡng thể
"Combo Sữa Dưỡng Thể Chống Nắng, Dưỡng Ẩm Reihaku Hatomugi UV Milky Gel SPF31 PA+++ 250ml",139000,Hatomugi,1,0.0,0,Dưỡng thể
Kem Body Dưỡng Trắng Da Toàn Thân Chống Nắng VIP Nhau Thai Cừu OLY HT Chính Hãng 150G,139000,OLY HT,0,0.0,0,Dưỡng thể
Dưỡng Thể Trắng Da Nâng Tông Body Dành Cho Da Hỗn Hợp SPA PRO (150g),242000,Spapro,0,0.0,0,Dưỡng thể
Kem dưỡng giảm nếp nhăn Avoland,264810,AVOLAND,0,0.0,0,Dưỡng thể
Kem Dưỡng Ẩm Chiết Xuất Dầu Ngựa Chamayu Cream Ex,1518000,Lycoris,0,0.0,0,Dưỡng thể
"Bơ dưỡng thể tăng cường dưỡng chất, nuôi dưỡng, trẻ hóa làn da - naturalSpa Exotic Pomegranate Body Butter 200ml",545000,naturalSpa,0,0.0,0,Dưỡng thể
Kem Body Dưỡng Trắng Da Nhụy Hoa Nghệ Tây 200g VK II ( LSW ),244440,Love Skin White,0,0.0,0,Dưỡng thể
Chăm Sóc Da - C SKIN.02 - COMBO5 - BODY LOTION RETINOL - Dưỡng Trắng Cấp Ẩm Chuyên Sâu,1165000,C SKIN.02,0,0.0,0,Dưỡng thể
Bơ dưỡng thể cà phê Đắk Lắk Cocoon cho da mềm mịn và rạng rỡ 200ml Lamita Hair Spa - LS035,289050,The Cocoon Original Vietnam,0,0.0,0,Dưỡng thể
Kem dưỡng dành cho da khô và mất nước giúp bảo vệ da nguồn gốc thiên nhiên Qiriness Protecting Moisturizing Cream 30ml,919000, Qiriness,0,0.0,0,Dưỡng thể
Sữa Dưỡng Thể Nâng Tone Da Reihaku Hatomugi UV Care & Tone Up Milky SPF31 PA++++ (250mL),175000,Hatomugi,0,0.0,0,Dưỡng thể
Sữa dưỡng thể hương đào Aroma Resort Kracie body milk 200g,212430,KRACIE,24,5.0,4,Dưỡng thể
Bộ Dưỡng Trắng Da V12 Stella's Scent,2770000,Stella's Scent,0,0.0,0,Dưỡng thể
KEM TRẮNG DA BODY VITAMIN C MASK CREAM 3 GÓI 50g,281060,Lada,0,3.0,1,Dưỡng thể
TONE-UP Lotion Hoa Thảo Mộc – Sữa dưỡng trắng toàn thân Hoa Thảo Mộc 120ml,286150,ROSIE SKIN,0,0.0,0,Dưỡng thể
"Kem dưỡng trắng da body ban ngày có chống nắng, tinh chất nano collagen LALAYA BODY WHITENING NANO COLLAGEN CREAM LLY04",570000,Lalaya,0,0.0,0,Dưỡng thể
Sữa Dưỡng Ẩm Hypoallergenic Daily Moisture Therapy Lotion 200ml Physiogel Dành Cho Da Khô Và Nhạy Cảm,500000,Physiogel,156,5.0,16,Dưỡng thể
"Lotion dưỡng ẩm chống lão hóa, xóa nhăn Naris Cosmetic Uruoi-Ya Collagen Moisturizing Lotion (180ml) – Hàng Chính Hãng",430000,Naris Cosmetic,11,0.0,0,Dưỡng thể
"Kem Dưỡng Trắng Da, Dưỡng Ẩm, Giảm Thâm, Mờ Sẹo Vitara - E Cream - BER10 (50g)",179000,VITARA,38,5.0,2,Dưỡng thể
"Dầu Dưỡng Da Sekkisei Dưỡng Ẩm, Làm Dịu & Phục Hồi Cho Da Nhạy Cảm Sekkisei Clear Wellness Kose Nhật Bản 45ml",213400,Sekkisei,0,0.0,0,Dưỡng thể
Kem dưỡng trắng da Meishoku Placewhiter Essence Cream (8g/55g) - Hàng chính hãng,99000,Meishoku,0,0.0,0,Dưỡng thể
Sáp dưỡng ẩm đa năng sen Hậu Giang Cocoon Lotus multi-purpose balm - Hàng chính hãng,149000,The Cocoon Original Vietnam,0,0.0,0,Dưỡng thể
Kem dưỡng ẩm Ý Dĩ Naturie Hatomugi Skin Conditioning Gel (180g) - Hàng chính hãng,251230,Hatomugi,0,0.0,0,Dưỡng thể
Sữa dưỡng thể ban đêm Vaseline Gluta-Hya Serum Burst Lotion Dewy Radiance - Hàng chính hãng,119000,Vaseline,0,0.0,0,Dưỡng thể
Kem Body Dưỡng Trắng Da Collagen 200g VK II - 200G,244440,Love Skin White,3,0.0,0,Dưỡng thể
Bơ Dưỡng Thể Tree Hut Vanilla Whipped Shea Body Butter 240g,465000,Tree Hut,0,0.0,0,Dưỡng thể
Bơ Dưỡng Thể Tree Hut Coco Colada Whipped Shea Body Butter 240g,465000,Tree Hut,0,0.0,0,Dưỡng thể
Dưỡng Thể Trắng Da Chống Nắng 130g Goskin,270630,Goskin,0,0.0,0,Dưỡng thể
Sữa Dưỡng Thể Thư Giãn Mimosa Spearmint Body Lotion 295ml,375000,Tesori D'Oriente,0,0.0,0,Dưỡng thể
"Kem dưỡng ẩm hạnh nhân hỗ trợ tái tạo phục hồi da cho bé Nhạy cảm, Viêm da cơ địa, Chàm sữa, vảy nến Moogoo",328000,Moogoo,0,0.0,0,Dưỡng thể
"Gel dưỡng da nam OXY Brightening sáng da, cấp ẩm 50g",172000,OXY,1,0.0,0,Dưỡng thể
Xịt Dưỡng Thể Body Mist 2 trong 1 Haruko Rootoo Thuần Tự Nhiên Hỗ Trợ Dưỡng Ẩm Sáng Da 150ml,99000,Rootoo,0,0.0,0,Dưỡng thể
Kem Ủ Trắng Da Toàn Thân White Conc (70 G),193030,White Conc,3,0.0,0,Dưỡng thể
Thạch hoa hồng dưỡng ẩm Cocoon giúp cấp ẩm và nuôi dưỡng da (30ml/100ml) - Hàng chính hãng,329000,The Cocoon Original Vietnam,0,0.0,0,Dưỡng thể
"Tinh dầu dưỡng tóc thơm, mềm mượt chiết xuất từ trứng Around Me Egg Nourishing Hair Oil 80ml",257000,Dabo,0,0.0,0,Dưỡng thể
Sữa dưỡng thể AUTUMN & MAY giúp da mịn màng 415ml,149000,Autumn&May,0,0.0,0,Dưỡng thể
Sữa dưỡng trắng da ngừa lão hóa da Naris Uruoi Collagen Nhật Bản 150ml,535000,Dabo,0,0.0,0,Dưỡng thể
Sáp nẻ Nga Fito Cosmetic 10gr dưỡng ẩm chống nứt nẻ,15000,Fito,4,0.0,0,Dưỡng thể
Baby Range - Nipple Balm 50g (Mudder Udder) Baby Range - Kem dưỡng núm vú cho mẹ 50g (Mudder Udder),269660,M&L,0,0.0,0,Dưỡng thể
SỮA DƯỠNG DA COLLAGEN PIME REMADE LOTION 100G,625000,PIME,1,0.0,0,Dưỡng thể
KEM DƯỠNG Ủ TRẮNG PIME TONEUP SHOWER CREAM,595200,PIME,0,0.0,0,Dưỡng thể
0133431 Kem Dưỡng FARMSTAY Collagen Dưỡng Ẩm Sâu 100g,329000,Farmstay,0,0.0,0,Dưỡng thể
Kem Body Luxury Collagen X3 và Gel Tẩy Tế Bào Chanh Bạc Hà,47625,COLLAGEN X3 ĐA WHITENING BODY CREAM,40,5.0,1,Dưỡng thể
SỮA DƯỠNG THỂ TRẮNG DA TOÀN THÂN SLINKY TOUCH NHẬT BẢN,390000,Slinky Touch,0,0.0,0,Dưỡng thể
SỮA CHỐNG NẮNG TOÀN THÂN S SELECT UV CUT GEL LOTION (300G),359050,S Select,0,0.0,0,Dưỡng thể
DẦU NGỰA NHẬT BẢN NGUYÊN CHẤT S SELECT,311657,S Select,2,0.0,0,Dưỡng thể
Kem Dưỡng Trắng Da Toàn Thân Lavox,261900,Lavox,0,0.0,0,Dưỡng thể
Sữa dưỡng thể trắng da ban đêm Nivea Extra White Night Nourish (400ml),123200,Nivea,2,5.0,1,Dưỡng thể
Combo Kem Body Collagen X3 Luxury + Tắm Trắng Mix Saffron + Kích Trắng Da Toàn Thân X3,99748,COLLAGEN X3 ĐA WHITENING BODY CREAM,64,5.0,4,Dưỡng thể
KEM BODY COLLAGEN X3 WHITENING BODY CREAM MIX SAFFRON,69749,Collagen X3,21,5.0,4,Dưỡng thể
"Dưỡng Thể Kedma Khoáng Chất Từ Biển Chết - Giúp Giưỡng Ẩm,Làm Mềm Và Dịu Da Khô (250gr)",1970000,KEDMA,1,0.0,0,Dưỡng thể
Kem Dưỡng Da Chân Domashnij Doctor,39000,Domashnij Doctor,12,0.0,0,Dưỡng thể
Sữa Dưỡng Thể Hữu Cơ Nuôi Dưỡng Và Bảo Vệ Da Mukti Botanique Lotion,1768000,Mukti,0,0.0,0,Dưỡng thể
KEM BODY PHẤN TƯƠI DƯỠNG TRẮNG DA DIAMOND WHITE 250GR ( LOVE SKIN WHITE ),226800,Love Skin White,62,4.3,20,Dưỡng thể
SỮA Ủ KÍCH TRẮNG BODY DETOX (GIẢI PHÁP Ủ TRẮNG BODY HOÀN HẢO),217800,Love Skin White,10,2.0,1,Dưỡng thể
Sữa Dưỡng Thể Hatomugi Body Lotion 400ml,120000,Hatomugi,19,4.8,4,Dưỡng thể
Sữa dưỡng thể Hatomugi The Body lotion 250g,76000,Hatomugi,21,4.7,6,Dưỡng thể
DƯỠNG THỂ HƯƠNG NƯỚC HOA VERSACE BRIGHT CRYSTAL BODY LOTION 200ML,665000,Versace,5,4.0,1,Dưỡng thể
"Bộ ba sấm sét tiêu diệt mụn thâm toàn thân (Nách, Lưng, Mông) hiệu quả vượt trội Hàng Nội địa Nhật",266750,Pelican,6,2.3,3,Dưỡng thể
Sữa dưỡng thể Vaseline Gluta-Hya 70X Serum Burst Lotion OverNight Radiance Repair (300ml) - Hàng chính hãng,119000,Vaseline,0,0.0,0,Dưỡng thể
Sữa Dưỡng Thể Ban Đêm Hatomugi The Body Lotion (Không Mùi Hương) 250G,95000,Kumano,0,0.0,0,Dưỡng thể
[BẢN CẬP NHẬT] Kem Body Dưỡng Trắng Da Nâng Tone Chống Nắng - BENEW Collagen Whitening 200ml bổ sung Vitamin B5+ và SPF 35+ PA+++,237650,Benew,0,0.0,0,Dưỡng thể
Sữa dưỡng thể trắng da MD CARE Brightening Booster Body Lotion (200ml) - Hàng chính hãng,449000,MD CARE,0,0.0,0,Dưỡng thể
"Kem dưỡng ẩm, phục hồi Orobanc Cica B3 total repair moisturizing cream 30g",420000,Orobanc,0,0.0,0,Dưỡng thể
Sữa Dưỡng Thể Cấp Ẩm Và Dưỡng Trắng Da Pelican Pelican Soap Pelican Hip Care Body Lotion 200mL,189000,Pelican,0,0.0,0,Dưỡng thể
Kem body Yumi Cream ,282000,TjDin skin,0,0.0,0,Dưỡng thể
Gel Dưỡng Da Mặt Lacrysta Selectable Gel Lotion Cấp Ẩm Giúp Cải Ngăn Ngừa Khô Ráp - Yuzuha,2064000, Lacrysta,0,0.0,0,Dưỡng thể
Gel Nha Đam Milaganics Giữ Ẩm Cho Da (Hũ 300ml),129000,Milaganics,0,0.0,0,Dưỡng thể
Sữa Dưỡng Thể Sáng Da Căng Mịn Vaseline Gluta-Hya 300ml - Bảo Vệ Da Sáng Mịn,110000,Vaseline,0,0.0,0,Dưỡng thể
Sữa tắm Olay Fresh Outlast Body Wash (650ml) - Hàng chính hãng,193030,Olay,0,0.0,0,Dưỡng thể
Kem dưỡng thể thư giãn Phiten Metax Cream 65g EY175000,858000,Phiten,0,0.0,0,Dưỡng thể
Gel Dưỡng Ẩm Làm Dịu Da Himalaya Purifying Neem Face Gel 100ml,178800,Himalaya,0,0.0,0,Dưỡng thể
Xịt Dưỡng Thể Body Mist 2 trong 1 Daphne Rootoo Thuần tự Nhiên Hỗ Trợ Dưỡng Ẩm Sáng Da 150ml,270630,Rootoo,1,0.0,0,Dưỡng thể
"Sữa Dưỡng Thể Body Lotion Rootoo Thuần Tự Nhiên Giúp Dưỡng Ẩm Mềm Mịn, Đều Màu Sáng Da 200g",139000,Rootoo,0,0.0,0,Dưỡng thể
Sáp dưỡng ẩm Vaseline Pure Petroleum Jelly Original (100ml),115000,Vaseline,3,0.0,0,Dưỡng thể
Kem dưỡng da body hạnh nhân dành cho Spa 250 Gram,375000,MẸ KEN,0,0.0,0,Dưỡng thể
Kem BODY VACCI - Body Cream 160ml SPF50 PA++ Tone - Up - Làm Sáng Da - Nâng Tone Toàn Thân Siêu Đẹp,576000,VACCI,0,0.0,0,Dưỡng thể
Kem Body TjDin Skin,242000,TjDin skin,0,0.0,0,Dưỡng thể
Combo 2 kem dưỡng trắng da body cấp ẩm và làm dịu da Body S&W Celaud,984000,C'ELAUD,0,0.0,0,Dưỡng thể
Sữa Dưỡng Thể Cấp Ẩm Dành Cho Bé Từ 06 Tháng Tuổi Và Làn Da Nhạy Cảm Kissme Mommy Body Milk 200 G,251000,Kissme Mommy,0,0.0,0,Dưỡng thể
Xịt Dưỡng Trắng Da Toàn Thân White Conc Body Lotion C II 245 mL,235710,White Conc,1,0.0,0,Dưỡng thể
"Sữa dưỡng ẩm cho bé Cetaphil Baby Daily Lotion 400ml, dịu nhẹ cung cấp độ ẩm, nuôi dưỡng làn da mềm mịn cho bé",257000,Cetaphil Baby,4,0.0,0,Dưỡng thể
Sữa Dưỡng Thể Dùng Ban Đêm Không Mùi Hương Reihaku Hatomugi Body Milk (400 mL),123000,Hatomugi,4,0.0,0,Dưỡng thể
Dưỡng Thể Trắng Da Nâng Tông Body Dành Cho Da Nhạy Cảm SPA PRO (130g),232800,Spapro,0,0.0,0,Dưỡng thể
Sữa Dưỡng Thể SAIRO 400ml,99000,SAIRO,1,5.0,1,Dưỡng thể
Xịt Dưỡng Trắng Da Toàn Thân White Conc Body Lotion C II 245 mL,235710,White Conc,0,0.0,0,Dưỡng thể
SỮA DƯỠNG THỂ TINH DẦU THƠM THIÊN NHIÊN CHO BÉ S SELECT,159000,S Select,1,5.0,1,Dưỡng thể
Chăm Sóc Da - C SKIN.02 - COMBO10 - BODY LOTION RETINOL - Dưỡng Trắng Cấp Ẩm Chuyên Sâu,2360000,C SKIN.02,0,0.0,0,Dưỡng thể
Chăm Sóc Da - C SKIN.02 - COMBO9 - BODY LOTION RETINOL - Dưỡng Trắng Cấp Ẩm Chuyên Sâu,2121000,C SKIN.02,0,0.0,0,Dưỡng thể
Chăm Sóc Da - C SKIN.02 - COMBO4 - BODY LOTION RETINOL - Dưỡng Trắng Cấp Ẩm Chuyên Sâu,926000,C SKIN.02,0,0.0,0,Dưỡng thể
{MUA 1+1 DATE T12.2026}KEM DƯỠNG TRẮNG DA TOÀN THÂN KHAISHEE - chiết xuất Kỷ Tử Đỏ (Goji Berry),198000,Khaishee,0,0.0,0,Dưỡng thể
TEOXANE POST PROCEDURE - Sữa dưỡng và chăm sóc da sau liệu trình thẩm mỹ,2770000,Teoxane,0,0.0,0,Dưỡng thể
"Sữa dưỡng ẩm giúp giảm khô ngứa, bong tróc cho da khô viêm da cơ địa Sebamed E.xtreme Dry Skin Repair Lotion 200ml",398000,Sebamed,8,5.0,2,Dưỡng thể
"Kem Dưỡng Ẩm, Chống Nẻ Esunvy Tăng Cường Độ Ẩm, Làm Mềm Da An Toàn Dịu Nhẹ Tuýp 50g TMP001",63000,Esunvy,8,0.0,0,Dưỡng thể
Lotion Dưỡng Thể Ban Đêm Reihaku Hatomugi Body Lotion (Chai 250 G),95000,Hatomugi,0,0.0,0,Dưỡng thể
KEM BODY LOTION DƯỠNG TRẮNG DA LOVE SKIN WHITE 200gr,217800,Love Skin White,4,5.0,1,Dưỡng thể
KEM TRẮNG DA BODY VITAMIN C MASK CREAM 9 GÓI,578000,Lada,1,0.0,0,Dưỡng thể
Kem Dưỡng Trắng Toàn Thân Ban Ngày  Ory-Rose,281060,MULROSE,0,0.0,0,Dưỡng thể
KEM DƯỠNG TRẮNG DA TOÀN THÂN VIP ( NHAU THAI CỪU)150g,193030,OLY HT,0,0.0,0,Dưỡng thể
Sữa dưỡng thể ban ngày Vaseline Gluta-Hya Serum Burst UV Lotion Flawless Bright (330ml) - Hàng chính hãng,119000,Vaseline,0,0.0,0,Dưỡng thể
Nước thần dưỡng sáng và căng mọng da Emmié by HappySkin Brightening Plumping Solution Essence (150ml/230ml) - Hàng chính hãng,270630,Emmie,0,0.0,0,Dưỡng thể
Kem dưỡng trắng da toàn thân White Conc White CC Cream C II (200g) - Hàng chính hãng,271660,White Conc,0,0.0,0,Dưỡng thể
Serum dưỡng da trắng sáng mịn màng Lá House The Flower Whitening Body Serum 200ml,555000,Lá House,14,0.0,0,Dưỡng thể
Dermarium Ease Cream - Kem dưỡng dịu nhẹ 50ml,271600,Dermarium,23,5.0,7,Dưỡng thể
Sơn Gel Mắt Mèo Kim Cương Đỏ CR Cao Cấp 15ml Nhũ Tuyết Siêu Mịn CR01 Làm Nail Ánh Mắt Mèo màu Đỏ đô 9D Dùng Nam Châm Hút Siêu Sáng,49000,OEM,1,0.0,0,Chăm sóc móng
"Kẹp Ủ Chân Chống Lem Set 5 Cái Tiện Lợi, Nhựa Bền Chắc, Kích Thước 3.5cm, Kẹp Ủ Móng Chân Làm Mềm Sơn Gel, Thay Thế Giấy Bạc, Làm Nail Nữ",17000,OEM,2,0.0,0,Chăm sóc móng
"Cọ Đắp Hoa Yuki Số 2,3,4 Cán Gỗ Vàng Cao Cấp, Cọ Đắp Bột Nail Nặn Hoa Bột, Lông Tơ Cao Cấp Mềm Mại, Dễ Bám Bột Women Nữ Làm Nail Vẽ Nail",39000,OEM,3,0.0,0,Chăm sóc móng
Top Trứng Cut Vinimay Chai Lẻ 15ml Hàng Cao Cấp Tạo Hiệu Ứng Chấm Loang Đen Nhanh Khô Chuyên Dùng Cho Thợ Nail - Nail Phương Miu Làm Nail,35000,OEM,2,0.0,0,Chăm sóc móng
Set Tráng Gương Ánh Ngọc Trai 6 Hũ Nhiều Màu Dạ Quang Dạng Bột Chuyên Dùng Trang Trí Móng - Nail Phương Miu,49000,OEM,2,0.0,0,Chăm sóc móng
"Kẹp Ủ Tay Phá Gel Silicon Dẻo Làm Nail, Set 10 Cái Tiện Lợi, Không Khí Không Lọt, Tháo Gel Nhanh Chóng, Bảo Vệ Móng",19000,OEM,1,0.0,0,Chăm sóc móng
"Nhíp Trắng Gắp Charm Đá, Nối Mi, Gắp Mụn Đầu Thẳng Và Cong, Thép Không Gỉ Siêu Nhỏ, 11x0.8cm, Dùng Làm Nail, Gắp Đính Đá Đa Năng",5700,OEM,5,5.0,1,Chăm sóc móng
"Cồn Loang Trong Suốt Vinimay 15ml, Tạo Hiệu Ứng Loang Sơn Móng Tự Nhiên, Nhanh Khô, Trang Trí Móng Tay Hàn Quốc Nữ Women",25500,OEM,1,0.0,0,Chăm sóc móng
"Top Loang Vinimay Cao Cấp Chai 15ml Làm Nail, Sơn Gel Tạo Hiệu Ứng Mây Nước 3D Cho Móng Đẹp Lung Linh",60000,OEM,2,0.0,0,Chăm sóc móng
"Tổng Hợp Mẫu Sticker 5D Làm Nail Cao Cấp Trang Trí Móng Cực Đẹp, Dễ Sử Dụng Tiết Kiệm Thời Gian Cho Nàng Yêu Thích Nail Nữ Women",5000,OEM,1,0.0,0,Chăm sóc móng
"Dũa Móng Tay Opi Chữ Tím Độ Nhám 100/180 Loại Dày Form Chữ Nhật, Kim Cương, Thẳng, Bán Nguyệt Làm Nail - Nail Phương Miu",3000,OEM,7,0.0,0,Chăm sóc móng
Nhíp Gắp Charm Đá Đầu Nhọn Cao Cấp 140mm Bằng Thép Không Gỉ Màu Đen Làm Nail Chuyên Nghiệp Nữ Women,15000,OEM,2,0.0,0,Chăm sóc móng
"Tráng Gương Trắng Trong Suốt Hạt Siêu Mịn Cao Cấp Làm Nail Bóng Lấp Lánh Tặng Kèm Cọ Chà, Kết Hợp Cùng Nền Sơn Thạch Tạo Hiệu Ứng Móng Sáng Loáng",25999,OEM,17,0.0,0,Chăm sóc móng
"Sơn Mắt Mèo Kim Cương Ánh Trắng Bạc QINGYOU Siêu Sáng Cao Cấp Làm Nail Không Ánh Đen, Nhũ Sáng Mịn",55000,OEM,1,0.0,0,Chăm sóc móng
Top Loang VENDEENI 15ml Làm Nail Sơn Gel Trong Suốt Và Đặc Vừa Phải Tạo Hiệu Loang Màu,35000,OEM,1,0.0,0,Chăm sóc móng
"Bộ Dụng Cụ Bấm Móng Tay 14 Chi Tiết – Cắt Bấm, Dũa Móng, Chăm Sóc Móng - HÀNG CHÍNH HÃNG MINIIN",49000,MINIIN,3,5.0,1,Chăm sóc móng
"Bộ Dụng Cụ Bấm Móng Tay 16 món - Bộ Cắt, Bấm Dũa Móng Tay  Cao Cấp Có Hộp Đựng Sang Trọng",119000,LYNUSAN,14,4.0,2,Chăm sóc móng
"Bộ Bấm Móng Tay 16 Món Cao Cấp Nhỏ Gọn , Kìm Cắt Móng Tay Chân Làm Nail Kèm  Hộp Đựng Sang Trọng",119000,LYNUSAN,9,5.0,1,Chăm sóc móng
BỘ CHĂM SÓC MÓNG TAY MarQus MADE IN GERMANY Hàng chính hãng,1729000,MarQus ,2,4.0,1,Chăm sóc móng
Dụng cụ cắt móng tay của nhật - PaKaSa Giao màu ngẫu nhiên,29000,PaKaSa,85,4.8,13,Chăm sóc móng
"MÁY SẤY MÓNG TAY, MÁY HƠ GEL SUN 5",150000,smatayoko,20,5.0,3,Chăm sóc móng
Bộ 3 sơn móng tay nhũ lì Menghera bền màu không mùi 15g,9000,albus,22,5.0,3,Chăm sóc móng
Bộ bấm móng tay 3 cái của Đức,160000,OEM,9,0.0,0,Chăm sóc móng
Bộ Bấm Móng 7 Món Kèm Hộp Dễ Thương - Hàng Chính Hãng ( Họa Tiết Ngẫu Nhiên),49000,PaKaSa,58,4.3,3,Chăm sóc móng
"Bấm móng tay cao cấp Marutatsu , toàn bộ bề mặt bấm móng tay được mạ vàng vô cùng sang trọng - nội địa Nhật Bản",121000,MARUTATSU,9,5.0,2,Chăm sóc móng
Bộ dụng cụ lấy ráy tai chuyên nghiệp 6 món cao cấp bằng thép không rỉ- Tặng kèm túi đựng sang trọng treo móc khóa,35000,HBH,131,4.8,28,Chăm sóc móng
"Kìm cắt móng tay, móng chân, kìm cắt da chết bằng thép không gỉ siêu sắc  Tặng Kèm Thanh Nạy Móng ( giao mầu ngẫu nhiên)",79000,HBH,219,4.5,45,Chăm sóc móng
"Bộ Cắt, Bấm , Hỗ Trợ Chăm Sóc Móng Tay KitAcoom, hàng chính hãng nhập khẩu cao cấp, màu đen có bao da đựng thiết kế sang trọng",69669,KitAcoom,197,4.2,64,Chăm sóc móng
Cây Lấy Khóe Đầu Nhọn Inox Hỗ Trợ Móc Khóe và Vệ Sinh Khóe KỀM NGHĨA,7360,Kềm Nghĩa,569,5.0,88,Chăm sóc móng
Kềm Cắt Da Thép Không Gỉ KỀM NGHĨA D.08,151000,Kềm Nghĩa,383,5.0,45,Chăm sóc móng
"Sủi Da 2 Đầu Thép Không Gỉ KỀM NGHĨA S.516 Loại Nhỏ (1 đầu nhọn, 1 đầu bầu)",24840,Kềm Nghĩa,360,5.0,73,Chăm sóc móng
Combo 3 Sản Phẩm (Kéo Cắt Tỉa Lông Mũi - 2 Bấm Móng) KỀM NGHĨA CB.3-006,122360,Kềm Nghĩa,59,5.0,8,Chăm sóc móng
Bộ 2 Dũa Móng Giấy Kềm Nghĩa Dg-403B,78000,Kềm Nghĩa,8,0.0,0,Chăm sóc móng
Cây Lấy Khóe Đầu Cong Inox Hỗ Trợ Móc Khóe và Vệ Sinh Khóe KỀM NGHĨA,6440,Kềm Nghĩa,363,4.8,58,Chăm sóc móng
Bấm Móng Kềm Nghĩa B-903,36800,Kềm Nghĩa,728,4.7,96,Chăm sóc móng
Dũa Móng Giấy DG-403A - Kềm Nghĩa,27600,Kềm Nghĩa,559,5.0,93,Chăm sóc móng
Sủi Da S-515 - Kềm Nghĩa,60000,Kềm Nghĩa,57,5.0,9,Chăm sóc móng
Bấm Móng Kềm Nghĩa B-901,52000,Kềm Nghĩa,1229,4.8,180,Chăm sóc móng
Kềm cắt móng thép chuyên dụng M-18,79120,Kềm Nghĩa,157,4.7,23,Chăm sóc móng
Kềm Cắt Móng Thép 501 Kềm Nghĩa,112100,Kềm Nghĩa,562,5.0,136,Chăm sóc móng
"Máy Mài Dũa Móng Tay Cho B-e & Me – 7 Món, 6 Chức Năng, Êm Dịu Không Gây Rung Giật , phòng ngủ",223100,OEM,1,0.0,0,Chăm sóc móng
Kềm cắt khóe Kềm Nghĩa thép không gỉ M.14,561600,Kềm Nghĩa,2,4.5,2,Chăm sóc móng
"Sơn Gel Màu Thạch Nước Gạo XEIJAYI, CR, BOBO 15ml Đậm Đặc Sánh Mịn, Màu Chuẩn Mùi Thơm Nhẹ Dễ Chịu Bền Bóng Lâu Dài Nữ Women",35000,OEM,1,0.0,0,Chăm sóc móng
"Gel Đính Đá Nail Stuck Drill Glue Gắn 8ml/hũ Đậm Đặc Nhanh Khô, chai Sơn Gel Keo Gắn Đá Móng trong suốt Siêu Chắc Độ Dính Cao - Nail Phương Miu",9900,OEM,0,0.0,0,Chăm sóc móng
"Charm Nơ Nhựa Mix Màu Đen Trắng Gắn Nail 3D Nghệ Thuật, Set Nơ 50 Chiếc Trang Trí Móng Dùng Làm Nail Nữ - Nail Phương Miu Women Sơn Gel",18900,OEM,0,0.0,0,Chăm sóc móng
"Kem Mềm Da Xina Hương Thơm Dâu Nha Đam Làm Nail, Thẩm Thấu Nhanh, Vòi Bơm Tiện Lợi, Chất Kem Mềm Xốp Màu Ngẫu Nhiên",35000,OEM,3,0.0,0,Chăm sóc móng
Set Charm Nơ Trắng Nhựa Hàng Đẹp Gắn Móng Làm Nail Phương Miu Kiểu Hàn Quốc Đế Bằng Dễ Đính Nữ Women,18900,OEM,0,0.0,0,Chăm sóc móng
"[Loại Rẻ Cho Học Viên] Base Top Hoa Hồng Youth Rose 15ml, Sơn Gel Liên Kết, Top Phủ Bóng, Cứng Móng, Làm Nail Chuyên Dụng",19750,OEM,3,0.0,0,Chăm sóc móng
"Miếng Dán Nail Box Siêu Mỏng 24 Miếng/Tờ Tiện Lợi, Dán Nailbox Móng Giả Silicon Hai Mặt, Trong Suốt Làm Nail Nhanh Chóng",48510,OEM,0,0.0,0,Chăm sóc móng
"Hộp Đựng Nail Box Trưng Bày Móng Giả Bằng Nhựa Chuyên Dụng Màu Hồng Trong, Hình Vuông Bo Cạnh, Mới Sang Trọng Đáng Yêu - Nail Phương Miu Chống Bụi",8000,OEM,0,0.0,0,Chăm sóc móng
"Charm Nơ Nhựa Mix Màu Làm Nail, Chất Liệu Nhựa Cao Cấp, Set Trang Trí Móng Nhiều Màu Sắc Tươi Sáng Dành Cho Thợ Làm Nail Nữ Women",18900,OEM,1,0.0,0,Chăm sóc móng
"Tráng Gương Ngọc Trai Ánh Trong, Trắng Bạc Nhạt, Bạc INOX 10g Tạo Hiệu Ứng Ánh Bạc, Sáng Bóng Lấp Lánh Như Ngọc Trai Trang Trí Móng Siêu Đẹp",25999,OEM,5,0.0,0,Chăm sóc móng
"Tráng Gương Ngọc Trai Siêu Sáng Tặng Kèm Cọ Chà Tráng Gương Làm Nail, Nhũ Tráng Gương Đa Sắc Ánh Ngọc Trai Trang Trí Móng Nữ Women thạch tráng gương",19900,OEM,5,0.0,0,Chăm sóc móng
"Bấm móng tay DandiHome Power cao cấp bằng thép 420J2 sắc bén, chống gỉ",167800,DandiHome,0,0.0,0,Chăm sóc móng
"Bàn Tay Giả Silicone Tập Làm Nail Khớp Dẻo Linh Hoạt, Tái Sử Dụng Nhiều Lần Cho Người Mới Học Làm Nail Tiện Lợi bàn  tay chữ nhất",60000,OEM,0,0.0,0,Chăm sóc móng
"Keo Cắt Sẵn Dán Đế Móng Giả 100 Miếng/tờ, Băng Dính Móng Tay 2 Mặt Gắn Đầu Móng Tay Vào Đế Móng Mẫu Trưng Bày Nailbox Nữ Women dụng cụ nail box",12000,OEM,1,0.0,0,Chăm sóc móng
"Set 100 Viên Đá Khối Hạt Thóc Hạt Gạo Chân Bằng, Chân Nhọn Lấp Lánh Chân Vàng Size Mini Cao Cấp Làm Nail Siêu Sáng Đẹp Đính Móng Nữ Women",39000,OEM,1,0.0,0,Chăm sóc móng
"Túi Móng Úp Chân HSM Cao Cấp 500 Móng Đủ Size, Nhựa Dẻo Siêu Mỏng, Bám Keo Tốt, Form Chuẩn Cho Làm Nail giả Dễ Sử Dụng",45000,OEM,0,0.0,0,Chăm sóc móng
"Hộp 100 Móng Úp Nhám Trong JNICE Đủ Form Bầu Nhọn Thang Làm Nailbox Tiện Lợi Size S, M Theo Vỉ 10 Móng Nữ Women dụng cụ nail box",30000,OEM,0,0.0,0,Chăm sóc móng
Hộp 500 Móng Úp Tay HSM Vuông Trong Trơn (Không Nhám) Đủ Size Từ 0-9 Chuyên Dùng Nối Móng Làm Nail Mỏng Dẻo,18000,OEM,2,0.0,0,Chăm sóc móng
"Bộ Máy Mài Dũa Cắt Móng Tay Đa Năng - An Toàn Cho Mẹ Và Bé, Thông Minh Tiện Dụng",218250,OEM,0,0.0,0,Chăm sóc móng
"Bấm Móng Tay Trẻ Em, Bộ Dụng Cụ Bấm Móng Cho Bé 4 Chi Tiết, Cắt Móng Tay Tiện Dụng Có Hộp Đựng",39000,PaKaSa,4,5.0,2,Chăm sóc móng
"Dụng Cụ Chà Gót Chân, Mài Gót Chân, Tẩy Da Chết Cao Cấp - Có Tích Điện, Tặng Kèm 3 Đầu Mài Thạch Anh 2 Chế Độ Mịn Da Quà Tặng Phụ Kiện 10 Món Cho Tiệm Nail Cá Nhân Nam Nữ Tại Nhà - Giao Màu Ngẫu Nhiên",329000,FTAKY,1,0.0,0,Chăm sóc móng
Bộ dụng cụ cắt móng tay làm đẹp 7 món có hộp đựng tiện dụng PaKaSa - Hàng chính hãng (Họa tiết ngẫu nhiên),39000,PaKaSa,28,4.3,4,Chăm sóc móng
Set 20 Miếng Dán Móng Tay Silicon Nghệ Thuật Nhập Khẩu Hàn Quốc Bellaeve,75000,COBA'COOK,4,0.0,0,Chăm sóc móng
Bấm móng tay màu đỏ vĩ giấy 8.2050.B1 Victorinox Thụy Sỹ,650000,VICTORINOX,0,0.0,0,Chăm sóc móng
Nail box thiết kế mắt mèo tráng gương,369000,Darling Own,0,0.0,0,Chăm sóc móng
Nail Box Thiết Kế Loang Thạch Ẩn Xà Cừ,460000,Darling Own,0,0.0,0,Chăm sóc móng
"Bộ Kìm Cắt Móng Tay Tiện Dụng,Bộ Kềm Bấm Móng Tay 16 Món",129000,HBH,21,5.0,2,Chăm sóc móng
Nhíp Gắp Đá - Phụ Kiện Nail,13000,Kềm Nhật,6,0.0,0,Chăm sóc móng
"Kìm cắt móng tay, móng chân, kìm cắt da chết bằng thép không gỉ siêu sắc  tặng kèm thanh nạy móng (mầu sắc ngẫu nhiên)",79000,HBH,118,4.6,27,Chăm sóc móng
Combo 02 chiếc bấm móng tay cao cấp Kai Nail Clipper size M hàng Made in Japan,265780,Kai,2,0.0,0,Chăm sóc móng
BỘ KỀM CẮT MÓNG TAY TIỆN DỤNG - BỘ KÌM BẤM MÓNG TAY 16 MÓN,62000,OEM,0,0.0,0,Chăm sóc móng
Combo 02 Bấm móng tay cao cấp Echo in hoạ tiết xinh xắn - Nội địa Nhật Bản (Giao ngẫu nhiên),66500,Echo,5,4.5,2,Chăm sóc móng
Bộ Bấm Cắt Tỉa Cá Nhân 12 Món - Kềm Bấm Móng Tay,55000,OEM,3,5.0,1,Chăm sóc móng
Kềm Móng Thép Xi Vàng Một Chống,78000,MH SAIGON,88,5.0,8,Chăm sóc móng
Dũa Móng Giấy DG-403B - Kềm Nghĩa,27600,Kềm Nghĩa,188,5.0,39,Chăm sóc móng
Bấm Móng Kềm Nghĩa B-902,69000,Kềm Nghĩa,159,5.0,31,Chăm sóc móng
Kềm Cắt Da Thép Chuyên Dụng Kềm Nghĩa D-205,65000,Kềm Nghĩa,871,4.8,120,Chăm sóc móng
Kềm Cắt Da Thép Không Gỉ Kềm Nghĩa D-09(16),165000,Kềm Nghĩa,110,4.7,11,Chăm sóc móng
"Khuôn in 3D Tạo Hình Mèo Cute Nơ Tim Ngôi Sao Làm Nail Xinh Xắn, Khuân Vuông Silicon Trong Suốt Nhiều Mẫu Hoạt Hình Dễ Thương Không Mùi",59000,OEM,1,0.0,0,Chăm sóc móng
"Khuôn in 3D Silicon Tạo Hình Cánh Hoa To Nhỏ 15 Mẫu Dễ Thương Làm Nail, Khuôn in Hoa Nổi 1,2,3,4 Cánh Mini Trong Suốt Trang Trí Móng Nữ Women",25000,OEM,0,0.0,0,Chăm sóc móng
"Sơn Thạch Lẻ Màu 15ml Làm Nail, Màu Nước Gạo, Sữa Chua, Nâu Nude, Thạch Cam, Đỏ Rượu Vang Gel Đậm Đặc, Lên Màu Chuẩn Bền Sơn Gel Nữ",35000,OEM,0,0.0,0,Chăm sóc móng
"Sơn Gel Màu Nâu Ghi, Ghi Sữa 15ml XEIJAYI, Chất Gel Đậm Đặc Sánh Mịn, Bền Màu, Mùi Thơm Nhẹ, Dành Cho Thợ Làm Nail Nữ Women",35000,OEM,1,0.0,0,Chăm sóc móng
"Set Sơn Gel BUBGIR 12 Màu Xanh Xám Số 40 Làm Nail Chuẩn Màu Chai 15ml, Tặng Bảng Màu Cao Cấp, Sơn Móng BUB GIR Đậm Mướt Không Lem, Bền Màu Nữ Women",242000,OEM,0,0.0,0,Chăm sóc móng
"Sơn Thạch Đỏ Rượu Vang ANNIES Cao Cấp Cao Cấp 12ml Siêu Xinh Làm Nail, Sơn Gel Rượu Vang Chai Củ Hành Số 20 Đậm Mướt Lên Màu Chuẩn Cho Móng Siêu Sang",35000,OEM,1,0.0,0,Chăm sóc móng
"Keo Đa Năng Dán Đế Móng Mẫu 102 Miếng Keo Mini Màu Xanh, Đất Sét Dính Có Thể Tái Sử Dụng Làm Nail Cố Định Siêu Bền Phương Miu keo dán móng giả",33000,OEM,0,0.0,0,Chăm sóc móng
"Hộp Đựng Móng 10 Ô Ngăn Số 0-9 Bằng Nhựa Cao Cấp, Màu Trắng Trong Làm Nail Tiện Dụng Cho Thợ Làm Nail, Chứa Đến 500 Móng, Charm, Đá, Chống Bụi",22000,OEM,0,0.0,0,Chăm sóc móng
"Set 30 Charm Nơ Tim Hàn Quốc Kim Loại Mix Làm Nail Siêu Xinh, Trang Trí Móng Sang Trọng Nữ Women",24000,OEM,0,0.0,0,Chăm sóc móng
"Keo 401 Gắn Móng Phiên Bản Mới Chắc Hơn 200% Chai Màu Trắng Dung Tích 15ml, Bền Bỉ 10s, gel đính đá Dán Móng Giả | Nail Phương Miu",18000,OEM,21,0.0,0,Chăm sóc móng
"Set 50 Chiếc Nơ Đỏ 3D Mix Size Làm Nail Nữ Tính, Charm Nơ Đỏ Bằng Nhựa Gắn Móng Tay Nghệ Thuật Trẻ Trung Women",25000,OEM,0,0.0,0,Chăm sóc móng
Sticker Dán Móng 5D Sticker Lụa Cao Cấp 5D Miếng Giấy Dán Móng Tay Làm Nail Nữ Women,13500,OEM,0,0.0,0,Chăm sóc móng
"Sticker Dán Móng Tay Decal Làm Nail, Màu Ombre Gradient Tự Dính, Tạo French Tip Siêu Hot Dòng Thanh Trượt Móng Tay",15000,OEM,1,0.0,0,Chăm sóc móng
"Sticker Dán Móng 5D Hình Labubu Đáng Yêu, Sticker Làm Nail, Miếng Dán Móng Tay 5D Labubu Cute  Ngộ Ngĩnh Hot Trend",15000,OEM,2,0.0,0,Chăm sóc móng
"Hộp 240 Móng Up Ngắn Tròn Hạt Na, Vuông Ngắn Làm Nail, Bầu Dẻo Ôm Form Cao Cấp, Nhẹ Bền Đẹp, Móng Úp Dễ Gắn, Làm Móng Đẹp Tự Nhiên",45000,OEM,0,0.0,0,Chăm sóc móng
"Móng Up Tay HSM VINIMAY Nhọn Trong Trơn (Không Nhám), Nhọn Trong Nhám, Nhọn Đục Cao Cấp Hộp 500 Móng Đủ Size Siêu Mỏng Dẻo Làm Nail giả dài",55000,OEM,1,0.0,0,Chăm sóc móng
Khuôn in 3D Silicon Tạo Hình Nơ Nút Dài Ngắn 25 Mẫu To Nhỏ Làm Nail Phong Cách Tiểu Thư Điệu Đà Đáng Yêu Trang Trí Móng Nghệ Thuật,59000,OEM,0,0.0,0,Chăm sóc móng
Dụng cụ kềm cắt móng 16 món đa năng inox tiện dụng có túi đựng sang trọng xinh xắn dễ dàng mang theo,114000,LYNUSAN,1,0.0,0,Chăm sóc móng
"Bộ cắt móng tay cao cấp, bộ dụng cụ làm móng không gỉ tiện lợi, 4 màu lựa chọn",99000,KONKA,0,0.0,0,Chăm sóc móng
Dụng cụ bấm móng tay Nhật Bản - Giao màu ngẫu nhiên,21000,HENRYSA,6,0.0,0,Chăm sóc móng
Bấm móng tay - Best BB,20900,OEM,2,0.0,0,Chăm sóc móng
HỘP DA size 17x15cm bộ dụng cụ cắt móng tay 12 chi tiết làm bằng thép không gỉ cao cấp - Cờ tướng nam châm mini D Danido,66000,D Danido,0,0.0,0,Chăm sóc móng
Bộ cắt móng tay cao cấp,78000,Photodesign VN,4,0.0,0,Chăm sóc móng
Bộ dụng cụ làm móng tay chân 16 món cao cấp đi kèm bao da tiện dụng inox - Hàng chính hãng,79000,KINGO,11,0.0,0,Chăm sóc móng
Bấm móng tay Nail Clip 580 Victorinox Thụy Sỹ,1180000,VICTORINOX,3,0.0,0,Chăm sóc móng
"Bấm móng tay Đức, sắc bén, bền đẹp và sang chảnh",120000,OEM,1,5.0,1,Chăm sóc móng
Cây Dũa Móng Tay Bằng Thủy Tinh Tiện Dụng,12000,HBH,34,5.0,2,Chăm sóc móng
Bấm Móng Tay Thép Carbon Chuyên Dụng KỀM NGHĨA B.939 - Lưỡi Cong (Loại Lớn),24650,Kềm Nghĩa,162,5.0,20,Chăm sóc móng
Cây lấy khóe cán gỗ,9000,Kềm Nhật,27,4.0,2,Chăm sóc móng
Bấm Móng Tay Cao Cấp KAI Dụng Cụ Chăm Sóc Móng Cho Gia Đình Type 001 Size S,134000,Kai,0,0.0,0,Chăm sóc móng
Phao Dài Mịn Dũa Móng Sunshine,6000,Kềm Nhật,32,5.0,5,Chăm sóc móng
Móc Khóe | Kềm Nhật,6000,Kềm Nhật,44,5.0,8,Chăm sóc móng
24 móng giả hoạ tiết dễ thương,15800,NTnailbox,0,0.0,0,Chăm sóc móng
Bộ bấm cắt móng tay kèm kính lúp phiên bản cao cấp KAI Magoroku size M hàng Made in Japan #HC1829M,301740,Kai,1,0.0,0,Chăm sóc móng
KỀM CẮT DA THÉP,65000,MH SAIGON,109,4.5,14,Chăm sóc móng
KỀM CẮT MÓNG INOX,165000,KỀM MH SÀI GÒN,1,1.0,1,Chăm sóc móng
Bộ dũa móng tay 6 đầu dũa đa năng cho mẹ và bé,93800,OEM,0,0.0,0,Chăm sóc móng
"Kềm Da INOX 2 Mang Hình Cán Số 1,1 Chống Xi Xám",145000,MH SAIGON,37,5.0,4,Chăm sóc móng
Dũa Móng Giấy DG-402A - Kềm Nghĩa,27600,Kềm Nghĩa,256,5.0,39,Chăm sóc móng
Kềm bộ thép cao cấp mạ vàng MD-32,296100,Kềm Nghĩa,194,4.8,46,Chăm sóc móng
"Set Sơn Thạch Nhũ Hồng MiLan 4 Màu Cao Cấp Làm Nail Đẹp, Chất Gel Mịn Dễ Kéo, Tặng Kèm Bảng Màu Gấu Làm Móng Siêu Đẹp Sơn Gel Nữ Women",99000,OEM,0,0.0,0,Chăm sóc móng
"[Chai Lẻ] Sơn Nhũ Flash Siêu Sáng 15ml Làm Nail, 4 Màu Đỏ Vàng Bạc Đen, Độ Bóng Cao, Bền Màu, Dưỡng Chất Giúp Móng Khỏe",35000,OEM,0,0.0,0,Chăm sóc móng
"Sơn Gel Mắt Mèo Ánh Trăng Kim Cương Milan Pha Lê Vendeeni Chai 15ml, Đậm Mướt Độ Bóng Cao, Bền Màu Chuyên Dùng Làm Nail, Không Ố Móng Nail Phương Miu",35000,OEM,0,0.0,0,Chăm sóc móng
"[Chai Lẻ] Sơn Thạch Minayin 12 Màu Tông Hồng Tặng Bảng Màu Cao Cấp Làm Nail, set Sơn Gel Sánh Đặc Mịn Mướt 15ml, Bám Màu Lâu Nữ Sơn Gel Women",21900,OEM,0,0.0,0,Chăm sóc móng
"[Chai Lẻ] Sơn Mắt Mèo Ánh Trăng Pha Lê VENDEENI Làm Nail - Cao Cấp, Siêu Sáng, Chai Lẻ 15ml, Bán Lẻ Nữ",45000,OEM,0,0.0,0,Chăm sóc móng
"Set Trang Trí Móng Trai Nửa Nhiều Size, An Toàn Không Hóa Chất, Nhiều Kiểu Làm Nail Sáng Tạo Tự Nhiên, Túi Đựng Tiện Lợi",19900,OEM,0,0.0,0,Chăm sóc móng
"Sơn Chống Lem Viền Móng SUTOKAKA 15ml Cao Cấp, Chai Keo Lột Viền Chống Lem Sơn Móng Tay - Nail Phương Miu Nữ Women",18800,OEM,1,0.0,0,Chăm sóc móng
"Máy Mài Mini Cầm Tay Làm Nail Tặng Kèm 6 Đầu Mài Tiện Lợi, Mài Móng Tốc Độ 3000 Vòng/Phút, Điều Chỉnh 0-240V, Chà Gót Chân Nữ Women",78000,OEM,3,5.0,1,Chăm sóc móng
"Combo Đồ Nghề Làm Nail Cao Cấp Số 7 Nail Phương Miu, Máy Hơ T8, Máy Mài US801, Cốp Nhôm 3 Tầng, Bộ Đồ Nail Chuyên Nghiệp",4440000,OEM,0,0.0,0,Chăm sóc móng
"Dây Sạc Đèn Hơ Móng Sun 5 - Dây Cắm Điện Sun 5, Dài 1m, Chất Lượng Cao, Chuẩn Xác",16000,OEM,0,0.0,0,Chăm sóc móng
"Keo Mini Dán Móng Giả Làm Nail Box, Set 10 Tuýp 2g, Nhanh Khô Tiện Lợi Nhỏ Gọn, Chất Lượng Cao, Dễ Sử Dụng Nữ keo  dán mỏng",15000,OEM,0,0.0,0,Chăm sóc móng
"Gel Nhũ Tuyết Xà Cừ Lẻ 8g Làm Nail với Chất Gel Trong Suốt, Tạo Hiệu Ứng Lấp Lánh Độc Đáo, Dễ Sử Dụng Nail Phương Miu Sơn Gel",48000,OEM,0,0.0,0,Chăm sóc móng
"Set Charm Nơ Vải Lụa Mix Ngọc Trai Trang Trí Móng Độc Lạ, Làm Nail Sành Điệu Sang Chảnh Cho Nàng Nữ Women",25000,OEM,0,0.0,0,Chăm sóc móng
"Miếng Dán Móng Tay Hình Nơ Trắng Đen Làm Nail Siêu Xinh, Sticker Nơ Trang Trí Móng Tay Chân 3D Dễ Thương, Nghệ Thuật Nữ Women",5500,OEM,1,5.0,1,Chăm sóc móng
"Sticker Hình Nơ 3D Trắng Đen SJY1085 Mix Kiểu Hàn Quốc Dán Móng Siêu Xinh, Hình Dán nail Móng Nơ Nổi Trắng Đen Sheng Jia Yu Nữ Women",8000,OEM,0,0.0,0,Chăm sóc móng
"Móng Úp Nhám Form Hạt Gạo Cao Cấp Hộp 240 Móng Vỉ Size S,M,L, Form Nhọn, Bầu, Hạt Gạo Tạo Kiểu Móng, Tập Làm Nail Nữ, Tiện Dụng Nail Phương Miu",39000,OEM,0,0.0,0,Chăm sóc móng
"Móng Úp Chân Dài Form Thẳng 500 Móng Hộp 10 Ngăn Size Có Số, Chất Dẻo Linh Hoạt, Đủ Size Dễ Sử Dụng Cho Móng Thẳng Tự Nhiên Cho Cả Tay Và Chân",45000,OEM,0,0.0,0,Chăm sóc móng
"Móng Úp Tay HSM 500 Móng, Đủ Size, Nhiều Form Vuông Thang Tròn Nhọn, Nhựa Trong Đục, Làm Nail Đa Dạng Và Sáng Tạo bộ nail giả dáng bầu",55000,OEM,2,0.0,0,Chăm sóc móng
Tráng Gương Màu Bạc INOX Lấp Lánh Dùng Để Trang Trí Móng Nghệ Thuật Chuyên Dùng Làm Nail Không Chứa Cồn Nữ Women Sơn Gel,34999,OEM,1,0.0,0,Chăm sóc móng
"Set Gel Dặm Ombre 9 Màu HUAXI Số 2 Siêu Mịn Mướt, Không Cần Pha Bột, Độ Mịn Cao Làm Nail Tone Màu Hàn Quốc Trẻ Trung Nữ Women",129000,OEM,0,0.0,0,Chăm sóc móng
"Bộ dụng cụ cắt móng tay 12 chi tiết làm bằng thép không gỉ cao cấp – Dụng cụ vệ sinh mini, tỉa lông mũi độc đáo D Danido",65000,D Danido,3,0.0,0,Chăm sóc móng
Kềm cắt móng BASICARE 1172,125000,BASICARE,0,0.0,0,Chăm sóc móng
[TẶNG KÈM TÚI GIẤY] Bộ quà tặng cơ bản Kềm Nghĩa GS.13 TC,216310,Kềm Nghĩa,4,0.0,0,Chăm sóc móng
KỀM MÓNG THÉP,76000,MH,31,4.7,3,Chăm sóc móng
Bộ Dụng Cụ Làm Móng Xiaomi Cao Cấp Vật Liệu Inox 402 - Hàng Nhập Khẩu,359000,Xiaomi,3,4.0,1,Chăm sóc móng
Sơn Gel Vinimay Base Top Bóng Cứng Móng Top Lỳ Cường Lực,30000,Kềm Nhật,78,4.5,8,Chăm sóc móng
"Bấm móng tay cao cấp KAI Type 003, làm từ hợp kim thép cao cấp không gỉ, đã qua quá trình tôi luyện nhất định cho khả năng sắc bén và bền bỉ - nội địa Nhật Bản",136000,Kai,35,5.0,6,Chăm sóc móng
ZWILLING - Bấm móng tay Classic inox Multitool,692730,Zwilling,4,0.0,0,Chăm sóc móng
"Đầu mài USA ( vàng), đầu mài móng tay có bo đầu mài móng khong sợ chảy máu, mài phá, mài khoé, mài mịn, đầu mài Mỹ",129999,OEM,1,0.0,0,Chăm sóc móng
Bấm móng chân Basicare 1030,39000,BASICARE,1,0.0,0,Chăm sóc móng
Kềm bấm móng tay cao cấp Nhật Bản KAI for Ladies Size S hàng Made in Japan ,200790,Kai,2,0.0,0,Chăm sóc móng
Bấm móng tay Victorinox Nail Clipper 8.2050.B1,560000,VICTORINOX,2,0.0,0,Chăm sóc móng
Bấm Móng Tay Chân Thép Chuyên Dụng KỀM NGHĨA B.916 - Lưỡi Cong (Loại Lớn),32000,Kềm Nghĩa,47,5.0,3,Chăm sóc móng
KỀM CẮT MÓNG INOX,165000,MH SAIGON,82,5.0,18,Chăm sóc móng
 BỘ BẤM MÓNG TAY 18 CHI TIẾT tặng kèm lược gỡ rối tóc,108000,HBH,12,3.8,6,Chăm sóc móng
Bấm Móng Tay Nhật Kai-001L KE0123 - Đen,118000,Kai,2,0.0,0,Chăm sóc móng
Kềm Cắt Da 2 Chống Thép Chuyên Dụng Mạ Vàng KỀM NGHĨA D.501,112100,Kềm Nghĩa,441,5.0,22,Chăm sóc móng
Kềm Móng INOX 2 Mang Hình Cán Tây Ban Nha 2 Chống Xi Xám,155000,MH SAIGON,28,5.0,8,Chăm sóc móng
Kềm Cắt Da Thép Không Gỉ Kềm Nghĩa D-09(14),165000,Kềm Nghĩa,275,5.0,28,Chăm sóc móng
Kềm cắt da thép không gỉ D-05V (14),340000,Kềm Nghĩa,50,5.0,8,Chăm sóc móng
"Nước Rửa Móng Axetol Quyên 500ml Chai Vuông Chữ Dập Nổi Cao Cấp Làm Nail, Dung Dịch Tẩy Rửa Sơn, Ủ Phá Gel Sạch Nhanh, Mau Khô, Không Mùi Hắc",18000,OEM,0,0.0,0,Chăm sóc móng
Set Gel Dặm Huaxi 9 Màu Số 01 Nhiều Màu Siêu Xinh Chất Đặc Mịn Không Cần Pha Bột Làm Nail Mùa Hè Phong Cách Hàn Quốc,129000,OEM,0,0.0,0,Chăm sóc móng
Sơn Gel Màu Thạch Hồng Đào XEIJAYI Số 16 Siêu Bóng Mịn Lên Móng Chuẩn Màu Hồng Phấn Đẹp Dịu Dàng Làm Nail Phong Cách Hàn Quốc,35000,OEM,0,0.0,0,Chăm sóc móng
"Tổng Hợp Sơn Gel Mắt Mèo Đang Hot Ánh Trăng Kim Cương Pha Lê Cực Quang Trắng, Hồng, Đỏ, Vàng Ánh Sao, Cầu Hồng, Mắt Mèo Nâu, Thạch Xám",24000,OEM,0,0.0,0,Chăm sóc móng
"Set Sơn Mắt Mèo Ánh Trăng VENDEENI 4 Màu Hồng (Bảng Gấu) Làm Nail Siêu Sáng, Gel Đặc Chuẩn Màu Bền Bóng Sêu Mịn Nữ Women",169000,OEM,0,0.0,0,Chăm sóc móng
"Set 50 Charm Bướm Nơ Kim Loại Đính Móng Hàn Quốc Làm Nail, Charm Nơ Mix Bướm Màu Bạc Trắng Gắn Móng Siêu Đáng Yêu Nữ Women",34500,OEM,0,0.0,0,Chăm sóc móng
"Móng Típ Nối Móng Giả Siêu Dài, 500pcs, Nhựa ABS An Toàn, 2 Màu Trong Và Đục Tự Nhiên, Phom Nhọn Và Thang Làm Nail",55000,OEM,0,0.0,0,Chăm sóc móng
"Cồn Loang Vinimay Màu Trắng Đen Trong Suốt Cao Cấp 15ml Làm Nail Nhanh Khô, Tạo Hiệu Ứng Loang Màu Sơn Móng Nghệ Thuật Tiện Dụng Nữ Women",25500,OEM,0,0.0,0,Chăm sóc móng
"Base Top Cứng Móng Hoa Hồng Youth Rose 20ml Làm Nail Cho Nữ, Sơn Gel Bền Mượt, Độ Bám Cao, Dễ Kéo Mượt Nữ Women",45000,OEM,1,5.0,1,Chăm sóc móng
"Hũ Gel Lạnh IBD Trong Suốt 56g Chuyên Dụng Làm Nail, Hard Gel Không Nóng IBD Đắp Móng Và Đính Đá LED/UV Builder Clear Bền Đẹp Nữ Women",59000,OEM,0,0.0,0,Chăm sóc móng
Set 50 Charm Nơ Bạc Nơ Gân Thừng Bằng Hợp Kim Sáng Bóng Làm Nail Cao Cấp Trang Trí Gắn Móng Điệu Đà,26000,OEM,1,0.0,0,Chăm sóc móng
Set 30 Charm Nơ Dài Kim Loại Siêu Xinh Đính Đá Điệu Đà Gắn Móng Làm Nail Hot 2025 Nữ Women,39000,OEM,0,0.0,0,Chăm sóc móng
"Sticker Nail Nhũ Bạc Flash Kim Tuyến, Nhiều Mẫu Bướm Sao Lung Linh, Làm Nail Siêu Sáng, Tạo Điểm Nhấn, Dễ Sử Dụng",5500,OEM,0,0.0,0,Chăm sóc móng
"Sticker Kẻ Phen Nhãn Dán Móng, Vẽ Fen Móng Kẻ Bán Nguyệt Kiểu Pháp Dặm Ombre Siêu Mỏng Dẻo Vẽ Móng Nghệ Thuật Làm Nail Nữ",6500,OEM,0,0.0,0,Chăm sóc móng
"Hộp 500 Móng Úp Chân HSM Nhựa Dẻo Làm Nail, Siêu Bám Keo, Trong Suốt Và Trắng Đục Chất Lượng Cao, Tiện Lợi Cho Tiệm Nail giả",55000,OEM,0,0.0,0,Chăm sóc móng
"Cốp Nhựa Đựng Đồ Nail Màu Hồng 30cm, 2 Ngăn Tháo Rời, Chắc Chắn Dễ Lau Chùi, Phụ Kiện Làm Nail Tiện Lợi Nail Phương Miu",120000,OEM,0,0.0,0,Chăm sóc móng
"[Loại Rẻ Cho Học Viên] Bộ Vinimay Base Top Cứng Móng Kiềm Dầu, Top Loang Top Lỳ Top Bóng Top Kim Cương, Tạo Độ Bóng Cho Móng Chai 15ml Làm Nail",26000,OEM,0,0.0,0,Chăm sóc móng
"Set 50 Chiếc Charm Nơ Nhựa Nổi 3D SJY Mẫu Mới Làm Nail Siêu Xinh, Nơ Nút Thắt Ruy Băng Mix Màu Trắng Hồng Đen Size Mini Trang Trí Móng Hàn Quốc",25000,OEM,0,0.0,0,Chăm sóc móng
"Thanh Đẩy Mắt Mèo Hình Tai Gấu Tai Thỏ Thẳng Cong (Dùng Với Nam Châm) Làm Nail, 2 Đầu Có Tai",9800,OEM,12,0.0,0,Chăm sóc móng
Bấm Móng Tay Màu Trắng Kai 041LR0113,49000,Kai,2,4.0,2,Chăm sóc móng
Bộ Quà Tặng 3 Sản Phẩm Thép Không Gỉ Cao Cấp KỀM NGHĨA NCARE Mini Xám (Không Kềm),185221,Kềm Nghĩa,20,5.0,2,Chăm sóc móng
DỤNG CỤ BẤM MÓNG TAY CỠ L S SELECT (THÉP KHÔNG GỈ),139000,S Select,0,0.0,0,Chăm sóc móng
Bộ Bấm Móng Tay 18 Món Dụng Cụ Làm Nail Cây Nặn Mụn Lấy Khóe Kìm Dũa Nhíp - Hàng Loại 1 - Chính Hãng MINIIN,69000,MINIIN,0,0.0,0,Chăm sóc móng
"Dụng Cụ Mài , Chà Tẩy Tế Bào Chết Gót Chân Kèm Hộp Dao Cạo PaKaSa - Hàng Chính Hãng",59000,PaKaSa,5,0.0,0,Chăm sóc móng
"Bấm móng tay cao cấp KAI Type 001 size S - Hàng nội địa Nhật Bản, nhập khẩu chính hãng (#Made in Japan)",122000,Kai,8,4.0,1,Chăm sóc móng
Kềm Bấm Móng Giả - Cắt Típ,20000,Kềm Nhật,4,5.0,1,Chăm sóc móng
• 5 kềm cắt móng và 5 kềm vuông trắng,291400,Kềm Nhật,0,0.0,0,Chăm sóc móng
Keo Waloc - keo bê tông đính đá,48000,Kềm Nhật,6,5.0,1,Chăm sóc móng
Chổi Phủi Ngắn,20000,Kềm Nhật,2,0.0,0,Chăm sóc móng
"Bấm móng tay Echo size L,lưỡi bằng thép đã qua tôi luyện tại nhiệt độ cao cho khả năng sắc bén tốt - nội địa Nhật Bản",36000,Echo Metal,2,5.0,1,Chăm sóc móng
Bấm móng tay cao cấp Kai Nail Clipper - Hàng nội địa Nhậ Bản,123500,Kai,8,5.0,1,Chăm sóc móng
Bấm móng tay cao cấp Kai size S HK-0601,131000,Kai,7,4.3,3,Chăm sóc móng
Dụng cụ bấm móng tay người lớn cao cấp size L - Hàng nội đja Nhật Bản. ( Giao màu ngẫu nhiên) ,39800,Echo,2,0.0,0,Chăm sóc móng
Bấm móng tay cao cấp Echo in hoạ tiết xinh xắn - Nội địa Nhật Bản (Giao ngẫu nhiên),42500,Echo,5,5.0,2,Chăm sóc móng
Bộ Sản Phẩm Chăm Sóc Móng Và Bàn Tay Origani Body - Total Care Kit For Nails And Hands - Có Chứng Nhận Hữu Cơ - Xuất Xứ Từ Úc,2370000,Origani,3,0.0,0,Chăm sóc móng
"Kềm Nghĩa bộ MD33  gồm 1 kềm cắt - gở móng, 1 kềm cắt da, 1 dũa móng, 1 nhíp nhổ lông mày)",525000,Kềm Nghĩa,159,4.8,32,Chăm sóc móng
Bấm Móng Kềm Nghĩa B-904,58000,Kềm Nghĩa,59,4.0,5,Chăm sóc móng
Kềm Cắt Da Thép Chuyên Dụng Kềm Nghĩa D-401,65000,Kềm Nghĩa,237,3.8,10,Chăm sóc móng
Kềm Cắt Móng Thép Không Gỉ Kềm Nghĩa M-01,175000,Kềm Nghĩa,530,5.0,85,Chăm sóc móng
Kềm Cắt Móng Thép Không Gỉ Kềm Nghĩa M-03,160200,Kềm Nghĩa,380,5.0,62,Chăm sóc móng
"Sơn Gel Trắng Sữa Đậu Nành 15ml Màu Be, Chất Đặc Lên Màu Chuẩn, Độ Bóng Bền Cao, Làm Nail Đẹp Tiện Lợi Cho Mọi Loại Móng Nữ Women sơn  thạch",35000,OEM,1,0.0,0,Chăm sóc móng
"Set Sơn Gel BUBGIR 12 Màu Tông Pastel Số 85 Làm Nail Cao Cấp, Tặng Bảng Màu Cao Cấp, Bền Màu, Đặc Mướt, Tạo Xu Hướng Móng Ngọt Ngào Nữ Women",242000,OEM,0,0.0,0,Chăm sóc móng
"Sơn Gel Lẻ Màu Bơ Xanh XEIJAYI G61 Mùa Hè Siêu Đậm Mướt Làm Nail Siêu Xinh, Sơn Móng Tay Cao Cấp Chai Vuông 15ml Màu Chuẩn Bền Bóng",35000,OEM,0,0.0,0,Chăm sóc móng
"Sơn Nhũ Flash Đỏ XEIJAYI Chai 15ml Cao Cấp Làm Nail Siêu Sáng, Sơn Kim Tuyến Đỏ Đậm Mướt Chuẩn Màu Cho Móng Hiệu Ứng 9D Lấp Lánh",35000,OEM,0,0.0,0,Chăm sóc móng
"Đầu Canh Silicon To Mềm Manocanh Tập Nối Mi, Phun Xăm, Massage Bấm Huyệt, Kích Thước Tiêu Chuẩn 25x15cm Hàng Loại 1 Làm Nail Và Spa Cosmetic",55000,OEM,0,0.0,0,Chăm sóc móng
"Cọ Vẽ Móng Làm Nail Sét 15 Cây Cán Nhựa Abs, Tay Cầm Không Gỉ, Đầu Lông Mềm Dẻo Đen Hồng Dài 14cm Tạo Mẫu Móng - Nail Phương Miu",25000,OEM,0,0.0,0,Chăm sóc móng
"Combo Dụng Cụ Làm Nail Cá Nhân Số 3, Bộ Phụ Kiện Cơ Bản Cho Học Viên Tại Nhà, Gồm Máy Hơ Sun 5, Sơn 4 Màu, Bút Chấm Đá Nữ",540000,OEM,0,0.0,0,Chăm sóc móng
"Combo Nail Cơ Bản Đầy Đủ Cho Người Mới Nail Phương Miu, Máy Hơ, 5 Chai Sơn, Base Top, Mềm Da Làm Nail Chuyên Nghiệp Nữ",520000,OEM,0,0.0,0,Chăm sóc móng
"Set Nhũ Rắc Đen Trắng 6 Hũ, Chất Liệu Tinh Thể Kim Cương Siêu Sáng, Trang Trí Móng Lung Linh, Dành Cho Thợ Làm Nail Nữ Women",33000,OEM,0,0.0,0,Chăm sóc móng
"Kìm Lấy Khoé 2 Trong 1 Vinsall, Kềm Lấy Khoé Mũi Dài 1,5cm Inox Không Gỉ, Sắc Bén, Tiện Lợi Làm Nail cắt nhặt da Chuyên Nghiệp An Toàn",74000,OEM,3,0.0,0,Chăm sóc móng
"Móng Vinimay Soft Gel Hộp 552 Móng Cao Cấp Làm Nail Đủ 12 Size 7 Form Thông Dụng, Siêu Dẻo Dài Ngắn Tiện Lợi Nữ Women",69000,OEM,0,0.0,0,Chăm sóc móng
Combo Kìm Lấy Khóe Mũi Dài Nhọn 1.5cm + Kềm Nhặt cắt Da Bán Nguyệt Mạ Vàng - Dụng Cụ Chăm Sóc Nail Chuyên Nghiệp Chà Gót Chân,135000,OEM,1,5.0,1,Chăm sóc móng
"Máy Hơ Móng Sun 5 Tem Xanh 48W, 24 Bóng Đèn LED Nhanh Khô, Nhỏ Gọn Làm Nail, Cảm Biến Thông Minh, Nhiều Chế Độ Hơ",99000,OEM,1,0.0,0,Chăm sóc móng
"Máy Hơ T8 SNRQI Bản Mới 2025 LED TRẮNG 72W Làm Nail Nhanh Khô Sơn Gel, Bảo Hành 6 Tháng, Khoang Rộng Hơ 2 Tay Cùng Lúc, 4 Chế Độ Hơ Đệm Kê Tay 60 Bóng",570000,OEM,0,0.0,0,Chăm sóc móng
"Cây Chà Gót Chân Inox Lỗ Nổi To Nhỏ Dài 27cm Bền Bén Làm Nail Tiện Lợi, Dụng Cụ Chà Gót cầm tay Loại Mới Cán Nhựa Cứng",25000,OEM,0,0.0,0,Chăm sóc móng
Tổng Hợp Sticker 5D Hot Hit Làm Nail Siêu Xinh Hình Dán Móng Tay Nơ Ren Hàn Quốc Bướm Nổi Hoa Nhiều Màu Labubu Nữ Women,5500,OEM,0,0.0,0,Chăm sóc móng
"Dầu Tháo Móng Úp Blue Place Chai 14ml, Nhanh Khô, Tiện Lợi, Bảo Vệ Móng, Phá Gel Làm Nail Chuyên Nghiệp Nail Phương Miu",28500,OEM,2,0.0,0,Chăm sóc móng
"Gel Nhũ Siêu Sáng Huaxi Plantinum 7 Màu Vẽ Viền Hũ 8ml, Gel Nhũ Viền Đặc Làm Nail, Vẽ Móng Tay Chuyên Dụng  Nail Phương Miu Nữ Women",25000,OEM,0,0.0,0,Chăm sóc móng
"Combo Lấy Khóe 5 Món Tiện Lợi Làm Nail Mềm Da XINA, Bộ Dao Cắt Khóe, Cây Lấy Khóe Cán Gỗ, Cây Sủi Da, Kìm Cắt Khóe VINSALL Mũi Dài Sắc Bén Nữ Women",160000,OEM,0,0.0,0,Chăm sóc móng
"Móng Úp Nhám Trong Form Vuông Ngắn, Form Hạt Na Mỏng, Siêu Nhẹ, Dẻo, Bền Đẹp Hộp Móng Nhám Sẵn Theo Vỉ Làm Nail Tiện Lợi",45000,OEM,0,0.0,0,Chăm sóc móng
[TẶNG KÈM TÚI GIẤY]  Bộ quà tặng cơ bản Kềm Nghĩa GS.12 TC,340000,Kềm Nghĩa,7,0.0,0,Chăm sóc móng
Bộ quà tặng EVO cao cấp mạ vàng GS.EVO-01,610000,Kềm Nghĩa,0,0.0,0,Chăm sóc móng
 Dụng Cụ Chỉnh Hình Móng Chân Mọc Ngược Móng Quặp HBH,28000,HBH,53,5.0,4,Chăm sóc móng
Set charm nơ nhựa đính móng đủ màu,33000,Kềm Nhật,9,5.0,1,Chăm sóc móng
Hộp Móng Úp HSM Trong Trơn Phom Bầu - Nhọn,56000,Kềm Nhật,6,4.5,4,Chăm sóc móng
Máy Hơ Sun 5 Tem Xanh,185000,Kềm Nhật,9,4.5,4,Chăm sóc móng
Miếng Dán Móng - Bộ 24 Miếng Keo Dán Móng Hai Mặt,5000,Kềm Nhật,110,5.0,7,Chăm sóc móng
• 5 Kềm Cắt Móng và 5 Cắt Da Bán Nguyệt Vàng | Kềm Nhật,350000,Kềm Nhật,0,0.0,0,Chăm sóc móng
Ngón Tay Giả Học Nail,5000,Kềm Nhật,5,0.0,0,Chăm sóc móng
Set 6 Tròn Phụ Kiện Kim Loại,19000,Kềm Nhật,1,0.0,0,Chăm sóc móng
Đá Chân Keo Khay 1440 Viên,37000,Kềm Nhật,0,0.0,0,Chăm sóc móng
Bấm móng tay cao cấp Kai Nail Clipper size M - Hàng nội địa Nhật Bản,126500,Kai,10,5.0,1,Chăm sóc móng
Kềm Cắt Da Thép Chuyên Dụng KỀM NGHĨA D.507,82800,Kềm Nghĩa,171,4.8,18,Chăm sóc móng
Bấm móng tay đầu thẳng KAI Nhật Bản màu đen KE0123,127000,Kai,4,5.0,1,Chăm sóc móng
Kềm cắt da thép chuyên dụng DS- 222,85000,Công Ty CP Sơn Duy Tân Đưa Nghệ Thuật Thăng Hoa,0,0.0,0,Chăm sóc móng
Combo 3 Sản Phẩm (Kéo Cắt Tỉa Lông Mày - Bấm Móng - Nhíp) KỀM NGHĨA CB.3-003,106628,Kềm Nghĩa,53,5.0,17,Chăm sóc móng
Dũa Móng Tay Milliken NL-3089,59000,Milliken Tampe,17,3.8,5,Chăm sóc móng
Máy nén khí phun sơn mini HS08AC-SK,1290000,Haosheng,4,0.0,0,Chăm sóc móng
Bấm Móng Tay Cao Cấp Chống Gỉ Set Kai - Nội Địa Nhật Bản,99000,Kai,7,0.0,0,Chăm sóc móng
Kềm Da Thép Xi Xám Một Chống,65000,MH SAIGON,52,4.6,5,Chăm sóc móng
"Đá Khối Diamond Chân Bằng Hình Thoi Gắn Móng Siêu Sáng, Set 100 Viên Charm Làm Nail Size Mini Màu Trắng Thủy Tinh Lấp Lánh",22000,OEM,0,0.0,0,Chăm sóc móng
"Kìm Bấm Móng Đa Năng Siêu Khỏe Làm Nail Màu Ngẫu Nhiên, Mũi Cong Theo Đầu Móng, Kềm Cắt Móng Êm Không Bị Văng, Lò Xo Tạo Lực Hồi Mở Kềm Cắt Móng Giả",29000,OEM,3,0.0,0,Chăm sóc móng
"Bộ Tách Ngón Chân Tay Lẻ Ngọc Trai Cao Cấp Túi 8 Chiếc Làm Nail Sang Chảnh, Đế Silicon Đàn Hồi Tốt, Siêu Mềm Mịn Dễ Vệ Sinh",39000,OEM,0,0.0,0,Chăm sóc móng
"Sơn Nứt Đen Trắng Vedeeni 15ml Cao Cấp Đậm Mướt, Sơn Tạo Nứt Tự Nhiên Dễ Kéo, Không Bị Gợn Chuyên Dùng Làm Nail Women Nữ",39000,OEM,0,0.0,0,Chăm sóc móng
"Sơn Thạch Đỏ Rượu Vang XEIJAYI 15ml, Độ Bám Dính Cao, Chai Vuông Nắp Vàng, Dễ Tạo Kiểu Móng Đẹp Làm Nail Hàn Quốc",35000,OEM,2,0.0,0,Chăm sóc móng
"[Chai Lẻ] Sơn Gel Màu Thạch Hồng XEIJAYI/VENDEENI G009 Làm Nail 15ml, Sơn Móng Siêu Xinh, Dặm Nền Chuẩn Đẹp, Bền Màu Cho Salon",35000,OEM,0,0.0,0,Chăm sóc móng
"Sơn Mắt Mèo Ánh Trắng Cực Quang QINGYOU 15ml Làm Nail Siêu Sáng, Sơn Gel Mắt Mèo Kim Cương Pha Lê Ánh Trăng Màu Trắng",55000,OEM,0,0.0,0,Chăm sóc móng
"Đá Rắc Làm Nail Siêu Sáng Màu Trắng Size Nhỏ, Đá Gắn Móng Hàn Quốc Trang Trí Nail Đẹp - Nail Phương Miu",35000,OEM,0,0.0,0,Chăm sóc móng
"Gel Nhũ Galaxy Siêu Sáng, 3 Màu Bạc Vàng Hồng, Độ Bóng Lâu Hiệu Ứng Lấp Lánh, Phù Hợp Làm Nail, Chất Gel Đặc Hạt Nhũ Mịn Nữ Women",30000,OEM,0,0.0,0,Chăm sóc móng
"Ngón Tay Giả Làm Nail, Nhựa Cứng Màu Da Chân Thực, 10 Cỡ Móng Đa Dạng, Tập Vẽ Gel Đắp Móng Siêu Linh Hoạt Cho Người Mới silicon",5000,OEM,0,0.0,0,Chăm sóc móng
"Combo Dụng Cụ Làm Móng Đầy Đủ Số 4, Bộ Phụ Kiện Làm Nail Chuyên Nghiệp Sơn Very Good Nail 44 Màu, Máy Hơ Sun 5, Cốp Nhôm Nữ",2260000,OEM,0,0.0,0,Chăm sóc móng
"Nam Châm Hình Chữ Nhật Tạo Mắt Mèo, Dài, Lực Hút Mạnh, Màu Bạc, Tạo Hình Độc Đáo, Dễ Cầm Nắm, Làm Nail Chuyên Nghiệp",24000,OEM,0,0.0,0,Chăm sóc móng
"Cây Lấy Khóe Móng Cán Gỗ, Chất Liệu Gỗ Chắc Chắn, Đầu Lưỡi Thép Sắc Bén, Tiện Lợi Dành Cho Thợ Nail, Làm Nail Dễ Dàng",9000,OEM,3,0.0,0,Chăm sóc móng
Đèn Hơ Móng Mini 1 Ngón Tích Điện [Mini Game,25000,OEM,2,5.0,1,Chăm sóc móng
"Gel Vẽ Nổi Đen Trắng Làm Nail, Chất Đặc 10g Cho Thợ Nail, Tạo Hình 3D Sóng Lượn Hot Trend Đa Năng Siêu Đẹp Không Chảy Sơn Gel Nữ",39000,OEM,0,0.0,0,Chăm sóc móng
"Khay Nhựa Trong 28 Ô Đựng Charm Bông Đá Có Nắp Riêng Từng Ngăn Làm Nail, Hộp Nhựa Pvc Plastic 28 Ngăn Dẻo Không Bể Vỡ Khi Rớt, Chống Bụi",19000,OEM,0,0.0,0,Chăm sóc móng
"Sticker Móng Tay Dập Nổi Dán Làm Nail Hình Giáng Sinh Vui Vẻ, Ông Già Noel, Dễ Thương, Mỏng Trong Suốt, Lưng Keo, Trang Trí Móng Tay Nghệ Thuật - Xmas",12500,OEM,0,0.0,0,Chăm sóc móng
"Sticker 5D Dán Móng Tết 2025 Hình Rắn, Hình Dán Móng Đèn Lồng, Tia Sáng p.hoa, Quả Đào Dễ Thương Diy",15000,OEM,0,0.0,0,Chăm sóc móng
"Bút Dưỡng Viền Móng OIL 4,5ml Màu Ngẫu Nhiên, Dưỡng Ẩm Viền Móng Opi Hương Hoa Quả Sau Nhặt Da Làm Móng Nail Phương Miu Women Làm Nail",9000,OEM,15,0.0,0,Chăm sóc móng
"Set 8 Hũ Nhũ Rắc Flash Nail Siêu Sáng 7g/Hũ, Trang Trí Móng Lung Linh, Đa Dạng Màu Sắc, Dành Cho Làm Nail Chuyên Nghiệp",34000,OEM,0,0.0,0,Chăm sóc móng
"Gel Nhũ Xà Cừ Songqiao 8g Kim Tuyến Lấp Lánh, Dễ Sử Dụng Cho Người Mới Học Làm Nail, Hiệu Ứng Tuyết Ánh Xà Cừ Nữ khảm  xà Sơn Gel",28500,OEM,2,0.0,0,Chăm sóc móng
"Đế Móng Mẫu Tổng Hợp, Đế Gắn Móng Giả Bằng Gỗ Và Nhựa Tập Vẽ Móng, Đế Móng Quân Cờ Nam Châm Giữ 5 Móng 10 Móng Làm Nail Chuyên Nghiệp",12000,OEM,0,0.0,0,Chăm sóc móng
"Keo Dán Móng Đính Đá Mxbon Chính Hãng Siêu Dính, Keo Mxbon Trắng Đen Nhanh Khô 7g và 15g Làm Nail Tiện Lợi Nữ keo dán mỏng giả",12000,OEM,1,0.0,0,Chăm sóc móng
Set Gel Dặm Omber 9 Màu Đậm Đặc 8024 Phong Cách Nhật Bản BIG DREAM Làm Nail Chất Gel Đặc Mướt Màu Dịu Dàng Giấc Mơ Lớn Nữ Women ombre,129000,OEM,0,0.0,0,Chăm sóc móng
"Bộ kiềm làm móng 16  món ,inox đa năng và tiện dụng có hộp đựng xịn xò, nhỏ gọn dễ mang theo cho chị em làm đẹp",114000,LYNUSAN,1,0.0,0,Chăm sóc móng
[ HG029 ] Bộ dụng cụ chăm sóc trẻ sơ sinh - Dr.Brown's,117500,Dr.Brown's,0,0.0,0,Chăm sóc móng
DỤNG CỤ BẤM MÓNG TAY CỠ M S SELECT (THÉP KHÔNG GỈ),119000,S Select,3,0.0,0,Chăm sóc móng
Bấm Móng Tay Cao Cấp Kai Type 001 size S Có Đầu Mài/Dũa Tiện Lợi,128500,Kai,2,0.0,0,Chăm sóc móng
• 50 Kềm cắt da bán nguyệt trắng | Kềm Nhật,1470000,Kềm Nhật,4,5.0,1,Chăm sóc móng
• Kềm cắt da bán nguyệt xám | Kềm Nhật,51000,Kềm Nhật,9,5.0,1,Chăm sóc móng
Khay Đựng Đá Lớn,21000,Kềm Nhật,7,5.0,2,Chăm sóc móng
Thanh Hơ Mắt Mèo Vuông - Tròn,17000,Kềm Nhật,2,0.0,0,Chăm sóc móng
Bộ 3 Dao Lấy Khóe Móng,29000,Kềm Nhật,45,4.8,12,Chăm sóc móng
"Bấm móng tay cao cấp Kai size M màu trắng, lưỡi làm từ hợp kim thép cao cấp - nội địa Nhật Bản",129800,Kai,4,5.0,1,Chăm sóc móng
"Bấm móng tay cao cấp KAI Type 003 size S, lưỡi làm từ hợp kim thép cao cấp - nội địa Nhật Bản",149800,Kai,13,1.0,1,Chăm sóc móng
Kềm móng dành cho nữ Kai R Nail Clipper - Nhập khẩu trực tiếp từ Nhật Bản,208453,Kai,0,0.0,0,Chăm sóc móng
Kềm Cắt Da 2 Chống Thép Không Gỉ KỀM NGHĨA D.07,151000,Kềm Nghĩa,192,5.0,5,Chăm sóc móng
Dũa móng tay Milliken - Mẫu Ngẫu Nhiên,8000,Milliken Tampe,110,5.0,4,Chăm sóc móng
Máy in móng tay O'2Nails vỏ nhôm H1,13460000,O'2nails,1,0.0,0,Chăm sóc móng
Kềm cắt da thép không gỉ D-03 (16),151000,Kềm Nghĩa,238,5.0,18,Chăm sóc móng
"Máy Chà Gót Chân Sạc Điện Tốt Nhất Hiện Nay - An Toàn, Không Đau Rát",195000,OEM,0,0.0,0,Chăm sóc móng
"Set Gel Dặm Ombre 4 Màu Huaxi Bảng A Tông Màu Nude Tôn Da Làm Nail Đẹp Dịu Dàng, Chất Gel Siêu Mịn Mướt Không Cần Pha Bột",49000,OEM,0,0.0,0,Chăm sóc móng
"Sticker 3D Nơ Nổi Dài Ngắn Đen Trắng SJY1119 Làm Nail Siêu Xinh, Hình Dán Móng Nơ Ruy Băng Mix Kiểu Phong Cách Điệu Đà Đẹp Mắt Và Tinh Tế",6500,OEM,0,0.0,0,Chăm sóc móng
"Vỉ Móng Mẫu Form Tròn Học Nail Chuyên Dụng, Bịch 240 Móng, Nhựa Loại 1, Tập Sơn Vẽ Hoạt Hình Làm Nail, Dễ Dàng Tách Ra Nữ Women",23000,OEM,0,0.0,0,Chăm sóc móng
"Set Sơn Gel Đỏ BUBGIR 12 Màu Không Ánh Tím Số 25 Chai 15ml Làm Nail Siêu Bóng, Chất Sơn Đặc Mướt, Tặng Bảng Màu BUB GiR Cao Cấp",242000,OEM,0,0.0,0,Chăm sóc móng
"Hộp Đựng Giấy Lau Gel 2 Ngăn Bằng Nhựa Trong, Phụ Kiện Làm Nail Tiện Lợi 7.5x12x6.5cm, Thiết Kế Thông Minh Cho Tiệm Nail Gọn Gàng Chống Bụi",19500,OEM,0,0.0,0,Chăm sóc móng
"Set Charm Nơ Đen Trắng, Bướm Kim Loại Chống Han Gỉ, Trang Trí Móng Đẹp, Làm Nail Sang Trọng Nail Phương Miu Nữ Women",59000,OEM,0,0.0,0,Chăm sóc móng
"Gel Cọ Nét Aifer 15ml, Vẽ Nail Nghệ Thuật, Màu Nhũ Vàng, Bạc, Trắng, Đen, Chất Lượng Cao Làm Nail  Tạo Đường Nét Tinh Tế Sơn Gel Nữ bút vẽ metan nail",35000,OEM,0,0.0,0,Chăm sóc móng
"Combo Dụng Cụ Nail Cá Nhân Số 8 Nail Phương Miu, Máy Hơ Sun 5, Máy Mài, 6 Chai Sơn, Đầy Đủ Làm Nail Tiết Kiệm Chi Phí",960000,OEM,0,0.0,0,Chăm sóc móng
"Khay Đá Pha Sơn Nhựa Cao Cấp, Đá Chụp Ảnh Nail, Đá Tán Bột Vẽ Gel, Miếng Pha Mực, 6 Màu Ngẫu Nhiên Làm Nail Tiện Lợi Nữ Women",34900,OEM,0,0.0,0,Chăm sóc móng
"Khay Mica 24 Ô Đựng Charm Đá Nail, Nhựa Cao Cấp, Trong Suốt, Dễ Mang Theo Tiện Lợi, Gọn Nhẹ, Làm Nail Chuyên Nghiệp Lắp Ráp",35000,OEM,0,0.0,0,Chăm sóc móng
"Máy Hơ Gel Sun Mate-60 T10 Cao Cấp 380W, 90 Bóng Đèn Led Uv Làm Nail, Khoang Rộng Hơ 2 Tay, Đệm Kê Tay Êm Ái Tiết Kiệm Thời Gian",370000,OEM,1,0.0,0,Chăm sóc móng
"Nam Châm Tạo Mắt Mèo Đầu Tròn Bọc Silicon Đen 6cm Tạo Lực Hút Mạnh, Làm Nail Kèm Sơn Gel Tạo Hiệu Ứng cây Mắt Mèo Nữ Women",15000,OEM,0,0.0,0,Chăm sóc móng
"[Tổng Hợp] Nam Châm Tạo Mắt Mèo 2 Đầu Vuông Tròn, Nam Châm 5 in 1 Làm Nail, Nam Châm Chữ Nhật Hơ Sơn Gel Tạo Hiệu Ứng Lấp Lánh Nữ Women",9800,OEM,0,0.0,0,Chăm sóc móng
"Gel Thủy Tinh Tráng Gương Vinimay, Giọt Sương, Vẽ Nổi Định Hình , Phụ Kiện Chuyên Dùng Trong Làm Nail Nữ Women Sơn Gel",35000,OEM,0,0.0,0,Chăm sóc móng
"Gel Metan Cọ Nét VINIMAY Chai 10ml Cao Cấp 3 Màu Vàng Bạc Hồng, Lên Màu Sắc Sảo Làm Nail Dễ Dàng Nail Phương Miu Sơn Gel Nữ",45000,OEM,0,0.0,0,Chăm sóc móng
"Cây Đẩy Da, Sủi Da, Lấy Khóe Móng Xịn Cỡ Lớn, Cạo Sơn Gel B281 Inox Không Gỉ Làm Nail Chuyên Nghiệp Nail Phương Miu Nữ Women",18000,OEM,3,0.0,0,Chăm sóc móng
"Hộp Móng Úp Chia Vạch Form Thang JNICE Tem Xanh 300 Móng Dài Cứng Cáp, Tem Vàng 240 Móng Dẻo Tệp Làm Nail Tiện Lợi Cắt Dũa Dễ Dàng Nữ Women",55000,OEM,0,0.0,0,Chăm sóc móng
"Tổng Hợp Kềm Ngọc D04 Nhặt Da Cao Cấp Siêu Bén, Kìm Thép Aaa HL555 HL205, Kiềm Lấy Khóe Vinsall, Kìm Cắt mống tay Móng Giả, Cắt Móng",19000,OEM,0,0.0,0,Chăm sóc móng
"Máy Mài Móng Tích Điện STE-101 Màu Đen, Hồng Tặng Kèm 6 Đầu Mài Làm Nail Siêu Êm, Màn Hình LED, Nút Xoay Drill STE101 Pin Khỏe Đến 10h, Tốc Độ Cao",310200,OEM,0,0.0,0,Chăm sóc móng
"Dũa Mỏng DINGXI Màu Xám Độ Nhám 180/240 Chuyên Dụng Làm Nail Tiện Lợi, Xốp Cao Cấp Tạo Form Làm Nhám Bề Mặt Móng",4444,OEM,0,0.0,0,Chăm sóc móng
"Hộp Đựng Đầu Mài 48 Lỗ Bằng Nhựa Màu Ngẫu Nhiên Size To Nhỏ, Hộp Cắm Đầu Mài Móng Làm Nail Chuyên Dụng, Nắp Bảo Quản Chắc Chắn, Chống Bụi Bẩn",19000,OEM,0,0.0,0,Chăm sóc móng
[TẶNG KÈM TÚI GIẤY] Bộ quà tặng cơ bản Kềm Nghĩa GS.15 TC,212187,Kềm Nghĩa,0,0.0,0,Chăm sóc móng
Bấm Móng Tay Inox Thân Nhựa Cỡ Trung Tybe W001 Kai Razor 39255-KE0109 (Màu cam),109000,Kai,0,0.0,0,Chăm sóc móng
Set Charm Đính Móng Con Cọp Nhỏ,28000,Kềm Nhật,0,0.0,0,Chăm sóc móng
Set Charm Đính Móng Lá Bài,33000,Kềm Nhật,0,0.0,0,Chăm sóc móng
Combo • 10 Dũa Móng Giấy | Kềm Nhật,25000,Kềm Nhật,4,5.0,1,Chăm sóc móng
Set 12 Xà Cừ nail Hàn Quốc,65000,Kềm Nhật,5,0.0,0,Chăm sóc móng
• Kềm cắt da Vuông Vàng | Kềm Nhật,53000,Kềm Nhật,43,4.7,3,Chăm sóc móng
Kềm Bấm Móng Tay Inox Không Rỉ,25000,Kềm Nhật,2,0.0,0,Chăm sóc móng
Sơn Base Gel Vinimay,53000,Kềm Nhật,17,5.0,5,Chăm sóc móng
Kềm cắt móng tay cao cấp chính hãng KAI Type 003 lưỡi làm từ hợp kim thép sắc bén & bền bỉ hàng nội địa Nhật Bản Model 2022 (Made in Japan),141000,Kai,35,4.7,7,Chăm sóc móng
"Bấm móng tay cao cấp KAI Type 001, cấu tạo lưỡi cắt sắc, bén với tay cầm gọn và dễ sử dụng - Hàng nội địa Nhật Bản |#Made in Japan",122000,Kai,10,4.5,2,Chăm sóc móng
Bộ Lấy Ráy Tai Thép Không Rỉ Tặng Kèm Móc Treo Hình Trụ,48000,HBH,25,4.3,9,Chăm sóc móng
Bấm móng tay cao cấp Nhật KAI-Type001 KE0120 (màu đen),122000,Kai,4,5.0,1,Chăm sóc móng
"Dụng cụ bấm móng tay  Marutatsu Carved 119mm nhỏ gọn ,tiện dụng -Hàng nội địa Nhật made in japan",128500,MARUTATSU,3,5.0,1,Chăm sóc móng
Bấm móng tay cao cấp Nhật KAI Seki Magoroku (kèm kính lúp) HC1823,324500,Kai,2,0.0,0,Chăm sóc móng
Bấm móng tay thân nhựa kai (màu hồng size s) chính hãng KAI,105000,Kai,1,1.0,1,Chăm sóc móng
Dũa Móng Giấy DG-402B - Kềm Nghĩa,27600,Kềm Nghĩa,277,4.8,49,Chăm sóc móng
Combo 3 chiếc Bấm móng tay thân nhựa KAI cỡ trung màu xanh lá nội địa Nhật Bản,259960,Kai,1,0.0,0,Chăm sóc móng
"Cây Đẩy Da Sủi Móng Cạo Sơn Gel, Lấy Khóe 2 Đầu Cỡ Nhỏ Làm Nail Loại Inox 304 Chuyên Dụng Không Gỉ Siêu Bền Bén",18000,OEM,0,0.0,0,Chăm sóc móng
"[Chai Lẻ] Sơn Gel Very Good Nail 60 Màu Siêu Đặc Làm Nail, Bền Màu, Thơm Nhẹ Dễ Chịu, Gel Mịn Mướt Dễ Kéo Cho Tiệm Nail Nữ",17000,OEM,0,0.0,0,Chăm sóc móng
Combo Sơn Gel Mắt Mèo Ánh Trăng Kim Cương Milan Tặng Kèm Nam Châm Vuông To Siêu Từ Tính Đẩy Mắt Mèo nails Siêu Sáng,58000,OEM,0,0.0,0,Chăm sóc móng
"Set Sơn Gel Màu Nude BUBGIR 12 Màu Số 41 Tông Nâu thạch trà sữa Nude, Hồng Nude đậm , Đỏ Nude Chai 15ml Làm Nail Siêu Bóng Đặc Mướt, Tặng Bảng Màu",242000,OEM,0,0.0,0,Chăm sóc móng
"Cọ Dặm Ombre 2 Đầu Cán Đá, Bộ 4 Đầu Mút, Tạo Hiệu Ứng Ombre, Làm Nail Độc Đáo, Trang Trí Móng Sang Trọng Nail Phương Miu Nữ",35000,OEM,0,0.0,0,Chăm sóc móng
"[Cao Cấp] Sơn Gel 6 Trong 1 Born Pretty Chai 15ml Gel Dán Nối Dài Móng Tay, Base 6in1 Liên Kết, Top Loang Màu Sơn Gel Nối Móng Tay Nữ Women",55000,OEM,0,0.0,0,Chăm sóc móng
"Set 100 Dũa Móng Tay Mini Cao Cấp, Thiết Kế Nhỏ Gọn, Bền, Độ Nhám 150/150, Tiện Dụng Cho Thợ Làm Nail Tạo Form Móng",6000,OEM,0,0.0,0,Chăm sóc móng
"Nam Châm Tạo Mắt Mèo cây 2 Đầu Vuông Tròn Cat Eyes 8cm Làm Nail, Lực Hút Mạnh, Tạo Hiệu Ứng 3D Cho Móng Kết Hợp Với Sơn Gel Nữ Women",18000,OEM,0,0.0,0,Chăm sóc móng
Hoa Khô Chùm Nhỏ Khay 12 Ô Mix MàuTrang Trí Móng Siêu Đẹp Làm Nail Vẽ Nail Nữ Women,29000,OEM,0,0.0,0,Chăm sóc móng
Gel Nặn Khô Trắng Ánh Ngọc Trai PAULA Hũ 8ml Mềm Dẻo Dễ Tạo Hình Trang Trí Móng Chuyên Làm Nail Nữ Women,38000,OEM,0,0.0,0,Chăm sóc móng
"Đầu Mài Chân Móng Up, Thép Không Gỉ, Dũa Tròn Khóe Bột Dũa Tròn Khoé Da, Mài Nhám Mịn Làm Nail Tiện Lợi, Độ Bền Cao",59000,OEM,0,0.0,0,Chăm sóc móng
"Nước Phá Gel Cocominmo 15ml Làm Nail, Phá Gel Coco Lạnh Không Nóng Móng, Nhanh Chóng, Không Cần Ủ, Vỏ Chai Sang Chảnh Nữ Women gel  phá sơn",18000,OEM,110,0.0,0,Chăm sóc móng
"Bộ 5 Bút Cọ Silicon 2 Đầu Cán Đá Sang Trọng Nhiều Màu, Dễ Sử Dụng, Nặn Hoa Và Dặm Foi Chuyên Nghiệp, Làm Nail Tiện Lợi",39000,OEM,1,0.0,0,Chăm sóc móng
"Thẻ Bìa Dán Nailbox Siêu Xinh Kèm Túi Dày Dặn Và HDSD, Tag Nail Box Hình Gấu Hồng, Mây Trắng, Nail Art Sang Trọng Và Hạn Chế Thấm Nước cho bé gái",3000,OEM,0,0.0,0,Chăm sóc móng
"Set Gel Dặm Ombre 9 Màu HUAXI Số 4 Tông Màu Dịu Dàng, Siêu Mịn Mướt, Không Cần Pha Bột, Độ Mịn Cao Làm Nail Nữ Women",129000,OEM,1,0.0,0,Chăm sóc móng
"Đá Mini Tạo Hình Tim Bướm Siêu Sáng Chân Bằng, Mix Kiểu Size Khoảng 100 Viên Gắn Móng, Hình Giọt Sương, Tam Giác Siêu Xinh Phong Cách Hàn Quốc",45000,OEM,1,0.0,0,Chăm sóc móng
"Gel Đính Đá OUBOLI Siêu Bền Hũ 12g Đậm Đặc Không Bị Chảy, Không Cần Chà Nhám Top Độ Bền Cao Dùng Gắn Đá To, Nhỏ, Charm, Bo Chân Đá",109000,OEM,0,0.0,0,Chăm sóc móng
"Combo 4 Đầu Mài Titan Đúc Đặc Bo Viền Làm Nail, Mài Mịn Phá Bột Gel Mài Chân Móng Khoé Da Không Nóng",187000,OEM,0,0.0,0,Chăm sóc móng
Bấm Móng Tay Kai Thép Không Ghỉ (Size S) KK-2538,143000,Kai,0,0.0,0,Chăm sóc móng
"Bộ dụng cụ cắt móng tay 12 chi tiết làm bằng thép không gỉ cao cấp – Dụng cụ vệ sinh mini, tỉa lông mũi độc đáo D Danido",65000,D Danido,0,0.0,0,Chăm sóc móng
HỘP DA size 17x15cm bộ dụng cụ cắt móng tay 12 chi tiết làm bằng thép không gỉ cao cấp - Cờ tướng nam châm mini D Danido,66000,D Danido,0,0.0,0,Chăm sóc móng
Bấm cắt móng tay móc khóa hình Thú dễ thương PaKaSa - Hình giao ngẫu nhiên,13900,PaKaSa,25,5.0,2,Chăm sóc móng
"Máy hơ gel Sun 5 uv led 48w 24 bóng nhanh khô sơn gel, máy hơ gel mini , hơ móng tay mini - hàng nhập khẩu",241000,Nhà của Mẹ,2,0.0,0,Chăm sóc móng
Set 20 Miếng Dán Móng Tay Kiểu Hàn Quốc Silicon Không Keo Dán Bellaeve,75000,COBA'COOK,6,4.0,1,Chăm sóc móng
Set 34 Miếng Dán Móng Tay Chân Silicon Nhập Khẩu Hàn Quốc Silicon Bellaeve,79000,COBA'COOK,0,0.0,0,Chăm sóc móng
Bấm móng tay Nail Clip 580 Victorinox Thụy Sỹ,1870000,VICTORINOX,0,0.0,0,Chăm sóc móng
"Bộ Dụng Cụ Cắt Móng Có Hộp Đựng Gọn Gàng Tiện Lợi - Chính Hãng ( Giao màu , họa tiết ngẫu nhiên)",39000,PaKaSa,3,5.0,1,Chăm sóc móng
Giũa Móng Giấy MEDiCARE maxmate,12000,MAXMATE,0,0.0,0,Chăm sóc móng
Phao Cam Dũa Móng - Buffer Cam,6000,Kềm Nhật,27,4.7,3,Chăm sóc móng
Máy Mài Nail Tích Điện US801,625000,Kềm Nhật,0,0.0,0,Chăm sóc móng
Giấy Lau Gel Nail,23000,Kềm Nhật,5,0.0,0,Chăm sóc móng
"Kềm móng dành cho nữ Kai, cấu trúc lưỡi vòm 3D phù hợp với hình dạng móng tay của phụ nữ - nội địa Nhật Bản",203700,Kai,0,0.0,0,Chăm sóc móng
Bấm móng tay cao cấp KAI Type 001 size S hàng chuẩn nội địa Nhật Bản (Made in Japan),122000,Kai,13,0.0,0,Chăm sóc móng
Combo bấm móng tay cao cấp Kai R Nail Clipper TẶNG Hộp 250 tăm bông kháng khuẩn GIÁ KHÔNG ĐỔI!,248000,Kai,0,0.0,0,Chăm sóc móng
Bấm móng tay cao cấp Nhật Bản chính hãng KAI Type 003 size S White hàng Made in Japan,182000,Kai,0,0.0,0,Chăm sóc móng
Combo bấm móng tay cao cấp Echo Metal 119mm + gói 50 tăm bông kháng khuẩn - nội địa Nhật Bản,159800,Echo Metal,0,0.0,0,Chăm sóc móng
Combo 02 chiếc bấm móng tay cao cấp mạ vàng Marutatsu Carved 119mm hàng nội địa Nhật Bản,254140,MARUTATSU,2,4.0,1,Chăm sóc móng
Bấm móng tay bằng thép cao cấp KAI - Nội địa Nhật Bản,136000,Kai,6,5.0,1,Chăm sóc móng
"Bấm móng tay siêu êm, siêu sắc KAI nội địa Nhật Bản + Tặng Gói Trà Sữa Matcha / Cafe Macca 20g",153729,Kai,58,4.6,12,Chăm sóc móng
Kềm cắt da thép không gỉ D-05X (16),290460,Kềm Nghĩa,50,5.0,2,Chăm sóc móng
Máy chà gót chân làm sạch chân với 2 đầu chà mịn chà nhám ,189000,OEM,0,0.0,0,Chăm sóc móng
Bấm móng tay Echo Hibiscus - Hàng nội địa Nhật Bản nhập khẩu chính hãng,38500,Echo,0,0.0,0,Chăm sóc móng
Bấm móng tay màu Echo Pastel 8.7cm - Hàng nội địa Nhật Bản nhập khẩu chính hãng,43500,Echo,0,0.0,0,Chăm sóc móng
Bấm móng tay mini trẻ em Echo 65mm - Hàng nội địa Nhật Bản nhập khẩu chính hãng,35500,Echo,0,0.0,0,Chăm sóc móng
Bấm móng tay cao cấp - 6 sản phẩm ( Mầu xanh ),50000,PROLEA PL,0,0.0,0,Chăm sóc móng
"Đầu Mài Chân Móng Úp Titan XF-GOLD Bo Viền Làm Nail Siêu Êm, Đầu Mài Hình Nón Vonfram Đúc Đặc 3/32 Umbrella Không Nóng Không Giật Tưng Nữ Women",69000,OEM,0,0.0,0,Chăm sóc móng
"Túi 100 Miếng Màng Lọc Máy Hút Bụi Làm Nail, Đặt Trên Bảo Vệ Khay Lọc Bụi Size 24x19cm, Miếng Lót Bụi Dùng 1 Lần Dễ Thay Thế",29000,OEM,0,0.0,0,Chăm sóc móng
"Cốp Nhựa Hồng Đựng Dụng Cụ Làm Nail 2 Ngăn Tiện Lợi 30x19x18cm, Để Vừa Máy Hơ Sun 5, Nắp Trong Có Thể Tháo Rời, Dễ Vệ Sinh Nail Phương Miu",15435,OEM,0,0.0,0,Chăm sóc móng
"Cây dũa móng tay 6 mặt chà nhám và đánh bóng an toàn tiện lợi, Dụng cụ dũa móng chuyên dụng làm đẹp tại nhà, Spa",9900,AlphaVH,6,0.0,0,Chăm sóc móng
"Sơn Gel Lẻ XE BOBO VENDEENI JIAOYANSHE Nhiều Màu Mùa Hè Làm Nail Siêu Xinh Thạch Hồng Nude, Xanh Bơ, Nâu Socola, Nâu Ghi, Trắng Sữa, Xanh Neon",35000,OEM,0,0.0,0,Chăm sóc móng
"Sơn Gel Mắt Mèo Đỏ CR VENDEENI Cao Cấp Chai 15ml Làm Nail, Sơn Gel Mắt Mèo Ánh Trăng Nhũ Kim Cương Hạt Siêu Mịn Bền Màu Nữ",45000,OEM,0,0.0,0,Chăm sóc móng
"Tráng Gương Phản Quang Ánh Bạc Hồng Cam, Xanh Ánh Bạc, Tăng Độ Bám Dính, Dễ Sử Dụng Cho Nữ Yêu Thích Làm Nail thạch tráng gương",45000,OEM,0,0.0,0,Chăm sóc móng
"Cọ Đắp Gel 2 Đầu Chuyên Dụng Cho Làm Nail, Dễ Dàng Đắp Gel Và Gel Gôm, Có Nắp Bảo Quản, Kích Thước Đa Dạng Cho Thợ Nail Máy Hơ Gel",22000,OEM,0,0.0,0,Chăm sóc móng
"Liên Kết Bột Mia Secret XTRABOND 15ml Chuyên Dụng Cho Làm Nail, Tăng Độ Bền Móng, Không Cần Đèn Hơ Cho Thợ Chuyên Nghiệp",79000,OEM,0,0.0,0,Chăm sóc móng
Kẹp Tách Ngón Chân Làm Nail Silicon Siêu Dẻo 1 Cặp 2 Chiếc Màu Ngẫu Nhiên Chống Lem Sơn  Làm Móng Nail Phương Miu Nữ Women,15000,OEM,0,0.0,0,Chăm sóc móng
"Combo 3 Đầu Mài Titan Tặng Chổi Vệ Sinh, Đầu Mài Da, Mài Chân Móng Up, Mài Mịn Phá Gel Titanium Vonfram Siêu Bền Làm Nail Tiện Lợi, Không Nóng Móng",139000,OEM,0,0.0,0,Chăm sóc móng
"Con In Móng Tay Silicon To Và Bé 6x3 cm, Dễ Lấy Mực In Đều Rõ Nét, lăn làm In Dấu Khuôn Móng Kết Hợp Dùng Với Khuôn in Nail Phương Miu Nữ Women",20000,OEM,0,0.0,0,Chăm sóc móng
"Dung Dịch Phá Gel Vinimay Magic Remover 15ml Nhanh Chóng, Phá Sơn Gel Tiện Lợi",35000,OEM,0,0.0,0,Chăm sóc móng
"Combo Nhặt Da 3 Món Nhanh Gọn Mềm Da Blue Cross 177ml, Kìm NGỌC Cắt Da Siêu Bén Và Cây Đẩy Da Sủi Da INOX Lấy Khóe Kết Hợp Làm Nail Nữ Women",130000,OEM,0,0.0,0,Chăm sóc móng
"Sơn Mắt Mèo Đỏ VENDEENI R21-03 Chai 15ml Làm Nail Siêu Đậm Mướt, Sơn Gel Mắt Mèo Đỏ Nhũ Hạt Siêu Mịn",45000,OEM,0,0.0,0,Chăm sóc móng
Sủi Móng Inox Cao Cấp ,78400,LuckyJQR,0,0.0,0,Chăm sóc móng
Máy chà gót Xiaomi OVIE ROCK tẩy tế bào ch.ết làm mềm sáng gót chân chuyên dụng tại nhà Rock Foot Callus remover,281060,Xiaomi,9,4.5,2,Chăm sóc móng
[ HG087 ] Kéo cắt móng tay an toàn cho bé - Dr.Brown's,164000,Dr.Brown's,0,0.0,0,Chăm sóc móng
"Máy Chà Gót Chân Tẩy Tế Bào Chết Tự Động, Máy Chà Gót Chân Cá Nhân 2 Đầu Mài, Sạc Pin Tiện Lợi - HÀNG CHÍNH HÃNG MINIIN",68000,MINIIN,4,5.0,1,Chăm sóc móng
KỀM DA THÉP MÀU CẦU VỒNG,120000,MH SAIGON,6,5.0,1,Chăm sóc móng
Set Dây Xích Đá Gắn Móng,26000,Kềm Nhật,1,5.0,1,Chăm sóc móng
"Combo 2 thanh dũa móng tay, chân 6 mặt",36599,OEM,12,0.0,0,Chăm sóc móng
Hủ Giấy Foil Vàng - Bạc Trang Trí Móng,3977,Kềm Nhật,0,0.0,0,Chăm sóc móng
Cọ Dặm Ombre 2 Đầu Cán Đá,38000,Kềm Nhật,1,0.0,0,Chăm sóc móng
Bộ dụng cụ du lịch chăm sóc cá nhân Basicare 1943,169000,BASICARE,0,0.0,0,Chăm sóc móng
Bộ chăm sóc móng ROSE 7117,99000,ROSE,0,0.0,0,Chăm sóc móng
Dụng cụ đánh bóng móng Basicare 1137B,44900,BASICARE,0,0.0,0,Chăm sóc móng
Bộ dụng cụ làm móng MUST 6232,61000,MUST,0,0.0,0,Chăm sóc móng
Dụng cụ mài gót chân dạng gấp MUST 6230,36000,MUST,0,0.0,0,Chăm sóc móng
Máy mài kềm cắt da (Làm nail),370000,Chân Phát,33,4.8,5,Chăm sóc móng
Máy in móng tay O'2Nails vỏ nhựa M1,12460000,O'2nails,0,0.0,0,Chăm sóc móng
Kềm Da Inox 2 Mang Đầu Nửa Tròn Nửa Vuông Hình Cán Pháp 1 Chống Xi Xám,145000,MH SAIGON,65,4.7,11,Chăm sóc móng
Combo 2 viên đá chà gót chân KAI nội địa Nhật Bản,116000,Kai,9,5.0,1,Chăm sóc móng
Kềm Cắt Móng Thép Chuyên Dụng M-205 Kềm Nghĩa,69920,Kềm Nghĩa,590,4.8,99,Chăm sóc móng
Đá chà gót chân KAI nội địa Nhật Bản,62000,Kai,6,5.0,1,Chăm sóc móng
"Sữa rửa mặt vitamin làm sáng da, mờ sẹo thâm dạng kem Acnes Vitamin Cleanser 25g",134320,Acnes,57,5.0,2,Sữa rửa mặt
Sữa rửa mặt dưỡng trắng cao cấp Hada Labo Premium Cleanser Radiance 100g,106000,Hada Labo,9,5.0,1,Sữa rửa mặt
Sữa rửa mặt Hada Labo dưỡng ẩm cao cấp Premium Cleanser Hydrating 100g,99000,Hada Labo,19,5.0,3,Sữa rửa mặt
Gel rửa mặt kiêm tẩy tế bào chết tinh chất bưởi hồng danh cho da dầu mụn 150ml,112000,Evoluderm,18,5.0,4,Sữa rửa mặt
Sữa rửa mặt dạng Gel bí đao rửa mặt Cocoon 310ml,253920,The Cocoon Original Vietnam,1500,4.5,14,Sữa rửa mặt
Sữa rửa mặt nghệ Hưng Yên Cocoon 310ml,252080,The Cocoon Original Vietnam,505,5.0,4,Sữa rửa mặt
Sữa rửa mặt tẩy trang sáng da Hatomugi 130g/tuýp,45000,Hatomugi,11,5.0,1,Sữa rửa mặt
Gel rửa mặt cho da dầu nhạy cảm La Roche-Posay Effaclar Foaming Gel 400ml (Túi refill),480000,La Roche-Posay,20,5.0,2,Sữa rửa mặt
Gel Rửa Mặt Eucerin Pro Acne Solution 3X Treatment Gel To Foam Cleanser 150ml,365100,Eucerin,7,5.0,1,Sữa rửa mặt
Sữa rửa mặt cho nam Oxy sạch sâu sảng khoái dưỡng ẩm dạng gel Oxy Perfect Hydra Wash 100g,68000,OXY,1325,5.0,14,Sữa rửa mặt
Gel Rửa Mặt Cho Da Mụn Compliment No Problem 200ml,79000,COMPLIMENT,85,5.0,19,Sữa rửa mặt
Sữa rửa mặt ngăn ngừa mụn dạng gel Acnes Gentle Wash 100g,59000,Acnes,6169,5.0,44,Sữa rửa mặt
Sữa Rửa Mặt Nivea Men Hạt Mát Xa Sạch Nhờn Mát Lạnh (100G) - 88880,74000,Nivea,22172,4.5,6,Sữa rửa mặt
"Sữa rửa mặt Hada Labo cho da dầu mụn, da nhạy cảm Hada Labo Acne Care Calming Cleanser 80g",79000,Hada Labo,40098,4.7,50,Sữa rửa mặt
Sữa rửa mặt không gây kích ứng cho da nhạy cảm Eucerin pH5 Facial Cleanser 100ml,90000,Eucerin,99,5.0,2,Sữa rửa mặt
"Cốc tạo bọt sữa rửa mặt, sữa tắm nhỏ gọn thời trang tiện lợi",35000,HBH,89,4.8,17,Sữa rửa mặt
Gel rửa mặt giảm mụn Eucerin Pro Acne Cleansing Gel 200ml,237360,Eucerin,46,5.0,4,Sữa rửa mặt
Sữa rửa mặt tạo bọt sạch sâu cho da nhờn Eucerin Pro Acne Cleansing Foam 150g,250240,Eucerin,18,5.0,1,Sữa rửa mặt
Sữa rửa mặt bạc hà ngăn ngừa mụn Nature's Secrets 100ml,85000,Nature's Secrets,26,4.7,3,Sữa rửa mặt
Sữa rửa mặt tẩy trang & làm sáng da Reihaku Hatomugi W Cleansing Foam (130g),45000,Reihaku Hatomugi,37,4.8,4,Sữa rửa mặt
Combo 2 Sữa Rửa Mặt D Program Tạo Bọt Dưỡng Da 120g,450240,d program,46,5.0,7,Sữa rửa mặt
Sữa rửa mặt dưỡng trắng Hada Labo Perfect White Tranexamic Acid Cleanser 80g,76000,Hada Labo,62439,4.7,654,Sữa rửa mặt
"Sửa Rửa Mặt Ý Dĩ Hatomugi Naturie nội địa Nhật Bản 130g làm sạch nhờn, làm sáng da, mờ thâm mụn [ Được Mask 3W Clinic ]",75000,Hatomugi,394,4.8,63,Sữa rửa mặt
SỮA RỬA MẶT THORAKAO HẠT NGHỆ 100G,70000,Thorakao,66,5.0,8,Sữa rửa mặt
Sữa rửa mặt hỗ trợ trị mụn Senka Perfect Whip Acne Care 100g,93000,Senka,63819,4.7,419,Sữa rửa mặt
Sữa rửa mặt ngăn ngừa mụn Acnes Creamy Wash 100g,59000,Acnes,167774,5.0,238,Sữa rửa mặt
Sữa rửa mặt tạo bọt ngăn ngừa mụn Acnes Foaming Wash 150ml,66000,Acnes,2677,4.8,189,Sữa rửa mặt
Sữa rửa mặt cho nam Oxy sạch sâu mát lạnh dạng kem Oxy Perfect Wash 100g,64000,OXY,68329,4.8,100,Sữa rửa mặt
Sữa rửa mặt cho nam Oxy sạch sâu giảm nhờn dạng kem có hạt massage Oxy Deep Wash 100g,68000,OXY,62688,4.8,251,Sữa rửa mặt
Sữa rửa mặt cho nam Oxy sạch sâu giảm mụn kiểm soát nhờn dạng kem Oxy Total Anti Acne 100g,68000,OXY,21881,4.7,254,Sữa rửa mặt
Kem Rửa Mặt Tút Sáng Từ Đất Sét Trắng Oxy White Complete (100g),64000,OXY,24729,4.7,170,Sữa rửa mặt
Sữa Rửa Mặt Sữa Bò Trắng Da Thorakao 120g,61000,Thorakao,105,4.7,18,Sữa rửa mặt
Bộ Sản Phẩm Chăm Sóc Da Mụn La Roche Posay,734000,La Roche-Posay,5,0.0,0,Sữa rửa mặt
Sữa Rửa Mặt Hạt Nghệ Ngừa Mụn Thorakao Curcuma Cleansing Milk 100g ,66000,Thorakao,109,4.8,14,Sữa rửa mặt
Sữa rửa mặt kiểm soát nhờn ngăn ngừa mụn dạng gel Acnes Oil Control Cleanser 100g,59000,Acnes,78293,4.7,314,Sữa rửa mặt
Sữa rửa mặt dưỡng trắng dạng kem Acnes Whitening+ Cleanser 100g,59000,Acnes,10062,4.8,203,Sữa rửa mặt
Sữa rửa mặt cao cấp Hàn Quốc Dabo Tinh Chất Lô Hội (180ml),115000,Dabo,25,5.0,1,Sữa rửa mặt
"Sữa rửa mặt vitamin làm sáng da, mờ sẹo thâm dạng kem Acnes Vitamin Cleanser 100g",59000,Acnes,125705,4.8,319,Sữa rửa mặt
Sữa rửa mặt cải thiện dấu hiệu lão hóa dạng kem Hada Labo Pro-Aging Retinol B3 Cleanser 80g,76000,Hada Labo,45339,4.7,475,Sữa rửa mặt
Sữa rửa mặt dưỡng ẩm tối ưu Hada Labo Advanced Nourish Cleanser 80g,68000,Hada Labo,96739,4.7,1245,Sữa rửa mặt
Sữa rửa mặt Hada Labo chống lão hóa Premium Cleanser Aging Care 100g,106000,Hada Labo,13,0.0,0,Sữa rửa mặt
Kem Rửa Mặt OXY DEEP WASH Sạch Sâu 100g,68800,OXY,1,0.0,0,Sữa rửa mặt
Sữa Rửa Mặt Sữa Bò Thorakao Tinh Chất Giúp Da Mềm Mịn 120G,74000,Thorakao,24,5.0,1,Sữa rửa mặt
Sữa rửa mặt X-Men 100g Detox/Sáng da/Ngừa mụn/Kiểm soát nhờn/Mát lạnh,54000,X-Men,26,5.0,1,Sữa rửa mặt
"Sữa rửa mặt cho nam Oxy sạch dịu nhẹ, kiềm dầu dạng kem Oxy Oil Acne Wash 100g",75000,OXY,43,5.0,7,Sữa rửa mặt
"Sữa rửa mặt cho nam Oxy sạch dịu nhẹ, giảm khô căng dạng gel Oxy Hydrating Wash 100g",75000,OXY,37,4.3,8,Sữa rửa mặt
Sữa rửa mặt dạng gel rửa mặt cà phê Đắk Lắk Cocoon 310ml,252080,The Cocoon Original Vietnam,7,5.0,1,Sữa rửa mặt
Gel rửa mặt sạch sâu và kiểm soát mụn Emmié Pore Purifying & Blemish Control Derma Clean Gel (180ml) - Hàng chính hãng,179000,Emmié by Happy Skin,1,0.0,0,Sữa rửa mặt
Sữa rửa mặt mờ thâm sáng da La Roche-Posay Mela B3 Clarifying Micro-Peeling Gel 200ml,625000,La Roche-Posay,2,0.0,0,Sữa rửa mặt
Sữa rửa mặt CETAPHIL da dầu & da nhạy cảm 125ml,195000,Cetaphil,5,1.0,1,Sữa rửa mặt
[Hàn Quốc] Sữa rửa mặt tạo bọt chiết xuất cám gạo cho da dầu On The Body: Rice Therapy Rice Bran Scrub Foam Cleanser 150g,124200,On The Body,43,4.7,7,Sữa rửa mặt
Sữa Rửa Mặt Dạng Gel Dành Cho Da Dầu Nhạy Cảm Effaclar Gel Moussant Purifiant La Roche Posay 50ml,50000,La Roche-Posay,83,4.7,17,Sữa rửa mặt
Sữa rửa mặt dưỡng trắng Melano CC Deep Clear Enzyme Face Wash 130g,130640,Melano CC,42,4.6,7,Sữa rửa mặt
[Nội Địa Nhật Bản] Sữa rửa mặt nam tạo bọt Sạch nhờn cho da dầu UNO Whip Wash Nhật Bản 130g,135000,Dabo,16,5.0,3,Sữa rửa mặt
Sữa Rửa Mặt Ohui Hồng Miracle Moisture Cleansing Foam 200ml,550000,OHUI,11,5.0,2,Sữa rửa mặt
Sữa rửa mặt Tenamyd Fresh White Sand Platinum 120g ngừa mụn cho da dầu mụn - Hàng chính hãng - Lady & Men Viet Nam,268690,Tenamyd,18,5.0,3,Sữa rửa mặt
"Bộ mỹ phẩm chăm sóc da, kem chống nắng, serum thiên nhiên, sữa rửa mặt, nước tẩy trang, toner hoa hồng Thanh Mộc Hương",970000,Thanh Mộc Hương,1,0.0,0,Sữa rửa mặt
Sữa rửa mặt cho da dầu mụn W.Skin Laboratory AC+ TROUBLE CLEARING CLEANSING FOAM (150ml) xuất xứ Hàn Quốc {Có tem phụ nhập khẩu chính ngạch},299860,W.SKIN LABORATORY,14,5.0,2,Sữa rửa mặt
Sữa rửa mặt làm sạch dịu nhẹ không xà phòng Cetaphil Gentle Skin Cleanser 500ml,355000,Cetaphil,154,4.7,39,Sữa rửa mặt
"Sữa Rửa Mặt Làm Sạch Và Dưỡng Ẩm, Dành Cho Da Khô, Nhạy Cảm SVR Topialyse Gel Lavant 55ml",140000,SVR,6,4.0,1,Sữa rửa mặt
SỮA RỬA MẶT ENZYME,150000,Dr.D,85,5.0,10,Sữa rửa mặt
Sữa rửa mặt tạo bọt Eveline vitamin C phục hồi làm trắng da 150ML,99000,Eveline,22,4.5,2,Sữa rửa mặt
Sữa Rửa Mặt Ngừa Mụn Và Làm Sáng Da 31302 Reihaku Hatomugi Facial Foam(Tuýp 130 G),65000,Hatomugi,11,5.0,3,Sữa rửa mặt
Gel rửa mặt giảm mụn Eucerin Pro Acne Cleansing Gel 75ml,173052,Eucerin,19,5.0,1,Sữa rửa mặt
Sữa rửa mặt dịu lành cho da nhạy cảm Cetaphil Gentle Skin Cleanser 500ml,425000,Cetaphil,738,4.8,197,Sữa rửa mặt
"Sữa rửa mặt Simple giúp cấp ẩm, da trông khỏe và mịn màng - cho da khô nhạy cảm 150ml [CHÍNH HÃNG ĐỘC QUYỀN] [MỚI]",109000,SIMPLE,8881,4.7,227,Sữa rửa mặt
Bộ sản phẩm làm sạch sâu dành cho da nhạy cảm La Roche-Posay Effaclar Double Cleansing,715000,La Roche-Posay,5,5.0,1,Sữa rửa mặt
Gel Rửa Mặt Sạch Sâu Giảm Nhờn Vichy Normaderm Phytosolution 400ml,569999,VICHY,113,4.7,27,Sữa rửa mặt
Sữa Rửa Mặt Tạo Bọt Ngừa Mụn Oriss 100g - Chuyên Dành Cho Da Mụn,116000,Oriss,307,4.8,101,Sữa rửa mặt
Sữa rửa mặt NIVEA Pearl White Đất Sét giúp trắng da ngọc trai (100g) - 81273,74000,Nivea,9130,4.8,6,Sữa rửa mặt
Sữa Rửa Mặt NIVEA MEN Detox Mud Bùn Khoáng Giúp Giảm Mụn & Hư Tổn Da (100G) - 83940,79000,Nivea Men,28956,5.0,4,Sữa rửa mặt
Sữa Rửa Mặt Nam Ngăn Ngừa Mụn Sạch Nhờn Trắng Da Hàn Quốc Cao Cấp Dabo Black Force (120ml) – Hàng Chính Hãng,115000,Dabo,23,4.6,5,Sữa rửa mặt
Sữa Rửa Mặt Tinh Chất Trà Xanh sạch nhờn ngừa mụn Benew Green Tea Foam Cleansing Hàn Quốc (100ml) – Hàng Chính Hãng,72000,Benew,2,0.0,0,Sữa rửa mặt
"Sữa Rửa Mặt Dành Cho Nam Dabo Black Force Mild Scrub Cleanser Than Hoạt Tính Kháng Khuẩn, Ngừa Mụn, Sạch Nhờn (120ml) - Hàng Chính Hãng ",115000,Dabo,598,4.6,90,Sữa rửa mặt
Sữa rửa mặt dành cho phái mạnh ngừa mụn tối ưu Hàn Quốc Dabo Black Force – For Men (120ml) – Hàng chính hãng.,115000,Dabo,37,4.7,7,Sữa rửa mặt
Sữa Rửa Nam Ngăn Ngừa Mụn Trắng Da Dabo Black Force (120ml),115000,Dabo,11,4.5,2,Sữa rửa mặt
Sữa Rửa Mặt Tạo Bọt Chiết Xuất Đất Sét Trắng Senka Perfect White Clay New 14840 (120g),96000,Senka,46082,4.6,103,Sữa rửa mặt
"Sữa Rửa Mặt Cetaphil Gentle Skin Cleaner (500ml) - 8394107341305,9318637069637",355000,Cetaphil,461,5.0,115,Sữa rửa mặt
Sữa Rửa Mặt Tươi Mới Biyokea (100g),229890,Biyokea,2,0.0,0,Sữa rửa mặt
Sữa rửa mặt ngăn ngừa mụn dạng gel Acnes 25+ Facial Wash 100g,67000,Acnes,1267,4.8,173,Sữa rửa mặt
Gel rửa mặt tạo bọt DrCeutics Gentle Olive Facial Cleansing Gel (250g) - Hàng chính hãng,202730,DrCeutics,2,0.0,0,Sữa rửa mặt
Sữa Rửa Mặt Simple Refreshing Facial Wash Dành Cho Mọi Loại Da 150ml,75000,SIMPLE,6,5.0,2,Sữa rửa mặt
Sữa rửa mặt PERFECT DIARY axit amin tạo bọt dịu nhẹ cho da nhạy cảm 200ml,201480,PERFECT DIARY,7,0.0,0,Sữa rửa mặt
Sữa rửa mặt nghệ Hưng Yên Cocoon 140ml,166520,The Cocoon Original Vietnam,14,5.0,1,Sữa rửa mặt
[Mẫu Mới] Sữa Rửa Mặt Vichy Normaderm Phytosolution Dạng Gel Làm Sạch Sâu Da Dầu Mụn 50ml,145000,VICHY,3,0.0,0,Sữa rửa mặt
Sữa rửa mặt làm sáng da KANKITSU OHJI Melano Search Vita C Facial Wash,242000,Kankitsu Ohji,1,0.0,0,Sữa rửa mặt
"Kem Rửa Mặt ACNES Vitamin Làm Sáng Da, Mờ Sẹo và Thâm (Tuýp 100g)",63750,Acnes,0,0.0,0,Sữa rửa mặt
Kem Rửa Mặt Dưỡng Ẩm Tối Ưu Hada Labo Advanced Nourish Hyaluron Cleanser (15g),19000,Hada Labo,607,0.0,0,Sữa rửa mặt
Gel Rửa Mặt Cho Da Mụn Eucerin 3X Treatment Gel To Foam Cleanser 75ml,166520,Eucerin,11,0.0,0,Sữa rửa mặt
Sữa Rửa Mặt Và Tẩy Trang Tạo Bọt Dưỡng Trắng Da Softymo Kosé (Tuýp 190g),102000,Softymo,2,5.0,1,Sữa rửa mặt
Sữa Rửa Mặt CeraVe Renewing SA Cleanser Dành Cho Da Thường 237ml,45000,CeraVe,5,0.0,0,Sữa rửa mặt
Sữa Rửa Mặt Làm Sạch Sâu Kyung Lab Cleansing Gel 150ml,260930,Kyung Lab,7,5.0,2,Sữa rửa mặt
Sữa Rửa Mặt Dưỡng Ẩm Ngăn Ngừa Lão Hóa Da Kosé Softymo Cleansing Foam Hyaluronic Acid (190 G),89000,Kosé,0,0.0,0,Sữa rửa mặt
Sữa Rửa Mặt Nam Chiết Xuất Than Hoạt Tính Kosé Softymo Men's Facial Wash A (130 G),93000,Kosé,10,5.0,1,Sữa rửa mặt
Gel Rửa Mặt Oxy Acne Prevent 100g,68000,OXY,1407,5.0,15,Sữa rửa mặt
Sữa Rửa Mặt Dịu Nhẹ Cho Da Dầu CeraVe Foaming Cleanser 473ml,455000,CeraVe,770,5.0,126,Sữa rửa mặt
"Sữa Rửa Mặt Sạch Mụn PERFECT FOAMING 120ml, Làm Sạch Sâu, Có Đầu Cọ Massage Tạo Bọt, Trắng Hồng, Đào Thải Độc Tố",99000,QUYÊN LARA Natural product Spa Health club,6,4.5,2,Sữa rửa mặt
"Sữa Rửa Mặt dịu nhẹ 2 in 1 Pime Cleansing Foam sạch cực sâu, tạo bọt mịn 150g",468800,PIME,5,0.0,0,Sữa rửa mặt
Sữa rửa mặt bùn khoáng loại bỏ tế bào da chết Lá House Bio Mud Mild Facial Wash 50ml/150ml,195000,Lá House,183,5.0,27,Sữa rửa mặt
Sữa rửa mặt Hatomugi hạt ý dĩ,45000,Hatomugi,170,4.7,49,Sữa rửa mặt
Gel Rửa Mặt Dịu Nhẹ và Cấp Ẩm Sâu - Emmié by Happy Skin Soothing & Hydrating Derma Cleansing Gel 180ml,202400,Emmié by Happy Skin,1,0.0,0,Sữa rửa mặt
Sữa Rửa Mặt Dịu Nhẹ Cetaphil Gentle Skin Cleanser 500ml,355000,Cetaphil,159,4.6,49,Sữa rửa mặt
"Sữa rửa mặt thải độc , ngăn ngừa mụn , sạch nhờn Dabo Hydration dành cho nam ( 120ml )",115000,Dabo,59,4.7,16,Sữa rửa mặt
Gel rửa mặt tạo bọt làm sạch & giảm nhờn cho da dầu nhạy cảm La Roche-Posay Effaclar Purifying Foaming Gel (200ml),305500,La Roche-Posay,3,0.0,0,Sữa rửa mặt
Bộ sản phẩm dành cho da dầu La Roche-Posay,543500,La Roche-Posay,2,0.0,0,Sữa rửa mặt
Sữa Rửa Mặt Dạng Gel COSRX Low pH Good Morning Gel Cleanser 150ml. Tặng Gel Móc Khóa 30ml,179000,COSRX,187,4.6,63,Sữa rửa mặt
Sữa Rửa Mặt Tạo Bọt NIVEA Chiết Xuất Hoa Hồng Hokkaido (100ml) - 84984,88000,Nivea,3,5.0,1,Sữa rửa mặt
Sữa rửa mặt tẩy tế bào da chết ngừa mụn St.Ives 170g,145000,St.Ives,9,4.0,4,Sữa rửa mặt
Sữa rửa mặt chống ô nhiễm Rejuvaskin Anti-Pollution Facial Cleanser 60ml,340000,Rejuvaskin,15,5.0,3,Sữa rửa mặt
Sữa Rửa Mặt Tạo Bọt Trắng Da Eucerin Utra White Spotless (150g),499000,Eucerin,233,4.8,55,Sữa rửa mặt
Bộ gel rửa mặt bí đao cocoon 140ml + Toner nước cân băng da bí đao cocoon 140ml,281060,The Cocoon Original Vietnam,1,0.0,0,Sữa rửa mặt
Sữa rửa mặt dưỡng ẩm Hoàng Cung Whoo Gong Jin Hyang Foam 40ml,118000,the history of whoo,181,4.7,34,Sữa rửa mặt
Sữa Rửa Mặt Chiết Xuất Từ Trà Xanh Farmstay Green Tea Seed Pure Cleansing Foam (180ml),227950,Farmstay,10,5.0,1,Sữa rửa mặt
"Sữa rửa mặt Thảo Dược Sắc Ngọc Khang 100g không gây khô da, Sạch Mịn, Sáng Da, Mờ Nám Sạm",69000,Sắc Ngọc Khang,488,4.5,63,Sữa rửa mặt
Sữa rửa mặt ngăn ngừa mụn St.Ives Trà xanh 170g,125000,St.Ives,67,4.7,10,Sữa rửa mặt
Sữa rửa mặt cho da dầu Benew Charcoal Than hoạt tính (100ml),72000,Benew,30,5.0,1,Sữa rửa mặt
Sữa rửa mặt dạng bùn Trà tràm – Naruko Tea Tree Purifying Clay Mask and Cleanser in 1 (120g),270630,Naruko,812,4.7,205,Sữa rửa mặt
La Roche-Posay - Gel Rửa Mặt Tạo Bọt Cho Da Dầu Nhạy Cảm Effaclar Purifying Foaming Gel 200ml,379000,La Roche-Posay,57,0.0,0,Sữa rửa mặt
Sữa Rửa Mặt Tẩy Tế Bào Chết SVR Sebiaclear Gel Moussant Tuýp 200ml - SGM,349000,SVR,215,5.0,33,Sữa rửa mặt
"Sữa Rửa Mặt Sáng Da, Ngừa Mụn Tràm Trà Vedette 100ml",120000,Vedette,1152,4.7,89,Sữa rửa mặt
Sữa Rửa Mặt 3 in 1 100ml Sắc Tiên Today,56000,Sắc Tiên Today,0,0.0,0,Sữa rửa mặt
[Qùa tặng] Sữa rửa mặt kiểm soát nhờn ngăn ngừa mụn dạng gel Acnes Oil Control Cleanser 50g,40000,Acnes,8,0.0,0,Sữa rửa mặt
Sữa rửa mặt cho bé tuổi dậy thì Pororo Pure Foam Cleanser Hàn Quốc 120g,208550,Doori,0,0.0,0,Sữa rửa mặt
Sữa rửa mặt dưỡng ẩm Whoo GJH Clarifying Cleansing Foam 180ml,592320,the history of whoo,1,0.0,0,Sữa rửa mặt
Kem Rửa Mặt HADA LABO 80g,76500,Hada Labo,0,0.0,0,Sữa rửa mặt
Kem Rửa Mặt Nam OXY DeepWash Tác Động Sâu 100g,84000,OXY,2,0.0,0,Sữa rửa mặt
Sữa Rửa Mặt Tẩy Trang 2IN1 Thorakao Nha Đam 140G,101000,Thorakao,2,0.0,0,Sữa rửa mặt
Sữa Rửa Mặt Rosette Làm Giảm Mụn Face Wash Pasta Acne Clear 120G,122544,Rosette,6,5.0,1,Sữa rửa mặt
Sữa rửa mặt dạng gel rửa mặt cà phê Đắk Lắk Cocoon 140ml,166520,The Cocoon Original Vietnam,10,5.0,1,Sữa rửa mặt
Sửa rửa mặt COSRX Salicylic Acid Daily Gentle Cleanser,242000,COSRX,8,0.0,0,Sữa rửa mặt
Sữa rửa mặt CeraVe dành cho da thường và da dầu CeraVe Foaming Facial Cleanser 473ml,465000,CeraVe,9,5.0,1,Sữa rửa mặt
Sữa Rửa Mặt & Tẩy Trang Tạo Bọt Dưỡng Trắng Da Softymo Kosé Nhật Bản (Tuýp 60g),59000,Softymo,2,0.0,0,Sữa rửa mặt
Sữa Rửa Mặt Sạch Sâu Chiết Xuất Quả Thanh Yên Và Ceramide Kracie Naive Face Wash (Yuzu Ceramide) - Tuýp 130G,99000,Naive,0,0.0,0,Sữa rửa mặt
Sữa rửa mặt dạng bọt siêu mịn giúp thư giãn và làm dịu da nhạy cảm CETAPHIL SOOTHING FOAM WASH 200ML,670000,Cetaphil,6,0.0,0,Sữa rửa mặt
Sữa Rửa Mặt & Tẩy Trang Tạo Bọt Dưỡng Trắng Softymo Nhật Bản 200ml,137000,Softymo,5,5.0,1,Sữa rửa mặt
Sữa rửa mặt Kose Softymo Cleansing Foam Collagen (190g),102000,Kosé,4,0.0,0,Sữa rửa mặt
Sữa Rửa Mặt Tạo Bọt Dịu Lành Cho Da Nhạy Cảm Cetaphil Hydrating Foaming Cream Cleanser 236ml,306440,Cetaphil,16,5.0,1,Sữa rửa mặt
Cushion Dành Riêng Cho Da Treatment Bio Cover Balm Kyung Lab,625000,Kyunglab,0,0.0,0,Sữa rửa mặt
Kem Face Collagen X3 + Sữa Rửa Mặt Colagen X3,85999,Collagen X3,21,5.0,1,Sữa rửa mặt
Sữa rửa mặt làm sạch dịu nhẹ Cetaphil Gentle Skin Cleanser 125ml/250ml/473ml,150000,Cetaphil,0,0.0,0,Sữa rửa mặt
"Sữa rửa mặt chống ô nhiễm, làm sạch da Anti-pollution REJUVASKIN 60ml",340000,Rejuvaskin,1,0.0,0,Sữa rửa mặt
Sữa rửa mặt trắng da Hatomugi Cleansing Foam hạt Ý Dĩ,89000,Hatomugi,47,5.0,7,Sữa rửa mặt
"SỮA RỬA MẶT DÀNH CHO NAM LIKESHI CLEANSING FOAM 120G (ngăn ngừa mụn, sạch dầu nhờn, thải độc da)",145000,LikeShi,22,4.8,8,Sữa rửa mặt
Sữa Rửa Mặt DABO Hàn Quốc 7 tác dụng Multi Foam Cleanser 180ml ( chính hãng ),155000,Dabo,1,0.0,0,Sữa rửa mặt
Kem Sữa Rửa Mặt Ngừa Mụn VERLANE 80g,53000,Lana,10,4.7,3,Sữa rửa mặt
Sữa Rửa Mặt Simple Refreshing Facial Wash 150ml,175000,SIMPLE,142,4.7,34,Sữa rửa mặt
SỮA RỬA MẶT D PROGRAM TẠO BỌT DƯỠNG DA 120G,231067,d program,46,5.0,5,Sữa rửa mặt
Sữa Rửa Mặt Dr Hương Thanh Mộc Hương,170000,Thanh Mộc Hương,41,4.6,14,Sữa rửa mặt
Sửa rửa mặt trắng da,120000,Enny,3,0.0,0,Sữa rửa mặt
Bộ sản phẩm làm sạch và bảo vệ da dầu nhạy cảm La Roche-Posay Effaclar Gel,452000,La Roche-Posay,9,0.0,0,Sữa rửa mặt
"Gel Rửa Mặt Hữu Cơ Nhập Khẩu Dịu Nhẹ Deba Bio Vital Sạch Nhờn, Ngừa Mụn, Se Khít Lỗ Chân Lông",218250,DEBA,0,0.0,0,Sữa rửa mặt
Eucerin Pro ACNE Solution Cleansing Gel: Gel Rửa Mặt Da Mụn (400 ml),575040,Eucerin,375,5.0,94,Sữa rửa mặt
Gel rửa mặt cho da dầu Effaclar Gel Moussant Purifiant La Roche Posay 200ml,290178,La Roche-Posay,26,4.5,8,Sữa rửa mặt
Gel Rửa Mặt Cho Da Nhạy Cảm Eucerin Dermato Clean Refreshing Cleansing (200ml),388000,Eucerin,80,5.0,14,Sữa rửa mặt
Sữa rửa mặt Cây Tuyết Trắng Dabo Hàn Quốc có hạt Massage Dabo White Tree Snow Flake (150ml),125000,Dabo,2,0.0,0,Sữa rửa mặt
Sữa rửa mặt Hàn Quốc Dabo Trà Xanh 3 in 1 (180ml),118000,Dabo,35,5.0,2,Sữa rửa mặt
Gel rửa mặt tạo bọt làm sạch & giảm nhờn cho da dầu nhạy cảm La Roche-Posay Effaclar Purifying Foaming Gel (400ml),421000,La Roche-Posay,25,3.3,3,Sữa rửa mặt
Sữa Rửa Mặt Tinh Tế Làm Sạch Và Trắng Da Cải Tiến Với Nghệ Tây Himalaya Herbals (100ml),122400,Himalaya Herbals,21,0.0,0,Sữa rửa mặt
Gel rửa mặt tạo bọt làm sạch & giảm nhờn cho da dầu nhạy cảm La Roche-Posay Effaclar Purifying Foaming Gel (50ml),55860,La Roche-Posay,82,4.7,25,Sữa rửa mặt
Sữa Rửa Mặt Sạch Mụn Đầu Đen ST.IVES Trà Xanh 170g - 077043358023,98000,St.Ives,24,5.0,5,Sữa rửa mặt
Bộ Sữa rửa mặt dưỡng ẩm Whoo GJH Clarifying Cleansing Foam set,592320,the history of whoo,0,0.0,0,Sữa rửa mặt
Sữa rửa mặt Simple Micellar Gel Wash giúp cấp ẩm và sạch sâu cho da khô (150ml) - Hàng chính hãng,109000,SIMPLE,0,0.0,0,Sữa rửa mặt
Mặt Nạ Siêu Dưỡng Ẩm Da Nhiều Tinh Chất Bihada-Syokunin Kose Nhật Bản Clear Turn 30 Miếng,319000,Clear Turn,0,0.0,0,Sữa rửa mặt
SỮA RỬA MẶT RAU MÁ CICA CAO CẤP 7 TÁC DỤNG – DABO 7IN1 MULTI CICA FOAM CLEANSER 180ML,155000,Dabo,0,0.0,0,Sữa rửa mặt
Sữa rửa mặt dạng gel Bí Đao Rửa Mặt Cocoon (140ml),166520,The Cocoon Original Vietnam,6,5.0,1,Sữa rửa mặt
"[Mẫu Mới] Gel Rửa Mặt Dành Cho Da Dầu, Nhạy Cảm La Roche-Posay Effaclar",45000,La Roche-Posay,6,5.0,1,Sữa rửa mặt
Sữa rửa mặt dạng gel rửa mặt hoa hồng Cocoon 140ml,166520,The Cocoon Original Vietnam,11,5.0,1,Sữa rửa mặt
Sữa Rửa Mặt CERAVE Foaming Cleanser 236ml,330000,CeraVe,0,0.0,0,Sữa rửa mặt
"Sữa rửa mặt Thảo Dược Sắc Ngọc Khang 100g  Sạch Mịn, Sáng Da, Mờ Nám Sạm",74000,Sắc Ngọc Khang,1,0.0,0,Sữa rửa mặt
Sữa Rửa Mặt Herbloom Kiêm Tẩy Trang Green Clear Vegan Cleansing Oil to Foam (2in1) 200ML,515000,Herbloom,0,0.0,0,Sữa rửa mặt
Sữa rửa mặt CETAPHIL gentle skin dịu nhẹ 500ml,435000,Cetaphil,0,0.0,0,Sữa rửa mặt
Gel Rửa Mặt Sạch Bụi Mịn Probiotic Anti-Pollution Radiance Amino Gel  Zakka Naturals 30ml,90000,Zakka Naturals,1,0.0,0,Sữa rửa mặt
Gel Rửa Mặt Cho Da Mụn Eucerin 3X Treatment Gel To Foam Cleanser 150ml,419000,Eucerin,0,0.0,0,Sữa rửa mặt
Combo 3 Bước Cetaphil Chăm Da Dịu Lành: Sữa rửa mặt 500ML + Kem dưỡng ẩm 50G + Gel chống nắng SPF50+,1170000,Cetaphil,0,0.0,0,Sữa rửa mặt
Sữa Rửa Mặt làm sáng và dưỡng ẩm làm mới làn da xỉn màu DAILY GLYCOLIC CLEANSER của Dermalogica - Dolly Beauty,1266000,dermalogica,0,0.0,0,Sữa rửa mặt
Sữa rửa mặt làm sáng và dưỡng ẩm làm mới làn da xỉn màu Dermalogica Daily Glycolic Cleanser 150ml,1200000,dermalogica,0,0.0,0,Sữa rửa mặt
Sữa rửa mặt trắng da Moose+ 150ml giúp da mặt trắng hồng rạng rỡ hạn 2026,194000,MOOSE+,1,0.0,0,Sữa rửa mặt
" Bộ Sản Phẩm La Roche-Posay Giảm Mụn, Mờ Thâm Hiệu Quả Trong 12H",125000,La Roche-Posay,3,0.0,0,Sữa rửa mặt
Sữa rửa mặt Senka Perfect Whip Collagen In (120g),140000,Senka,3,0.0,0,Sữa rửa mặt
"Sửa rửa mặt dạng gel tạo bọt  sạch sâu, kềm dầu ngừa mụn dành cho da dầu mụn, da hỗ hợp thiên dầu Dermalogica Clearing Skin Wash 250ml/ 500ml",1370000,dermalogica,0,0.0,0,Sữa rửa mặt
Sữa rửa mặt Bioverse làm sạch sâu & mềm da Porifying Resurfacing Cleansing Gel 150ml,195000,Bioverse,5,0.0,0,Sữa rửa mặt
"Sữa rửa mặt cho da dầu mụn, nhạy cảm Cetaphil Pro Acne Prone Oil Control Foam Wash 236ml",480000,Cetaphil,50,4.8,11,Sữa rửa mặt
Sữa rửa mặt dịu lành cho da nhạy cảm Cetaphil Gentle Skin Cleanser 1000ml ,663000,Cetaphil,87,5.0,11,Sữa rửa mặt
LaRochePosay - Gel Rửa Mặt Hỗ Trợ Giảm Mụn Cho Mặt & Toàn Thân Effaclar Micro-Peeling Purifying Gel,625000,La Roche-Posay,14,0.0,0,Sữa rửa mặt
Sữa rửa mặt dịu nhẹ cho mọi loại da Cetaphil Gentle Skin Cleanser,188000,Cetaphil,70,5.0,11,Sữa rửa mặt
Sữa Rửa Mặt Thảo Dược Hoa Cúc 80g,48000,Lana,11,4.3,4,Sữa rửa mặt
Sữa Rửa Mặt Hạt Chứa Than Hoạt Tính Dành Cho Nam S Select Nhật Bản (tuýp 130g),99000,S Select,5,0.0,0,Sữa rửa mặt
Kem sữa rửa mặt GAMA 100g,65000,GAMA,10,0.0,0,Sữa rửa mặt
Sữa Rửa Mặt Nghệ Hưng Yên Cocoon 140ml,160000,The Cocoon Original Vietnam,26,5.0,5,Sữa rửa mặt
Gel Rửa Mặt Tạo Bọt Dành Cho Da Dầu Nhạy Cảm La Roche-Posay Effaclar Purifying Foaming Gel 50ml + TẶNG MÓC KHÓA,109000,La Roche-Posay,25,5.0,5,Sữa rửa mặt
Sửa rửa mặt sáng da ngừa mụn LeeWoo,102000,LEEWOO,5,0.0,0,Sữa rửa mặt
Sữa rửa mặt dạng gel SU:M37 Skin Saver Cleaning Foam 250ml,554000,SU:M37,12,4.8,5,Sữa rửa mặt
Sữa Rửa Mặt Gạo CIVIC Rice Milk 180ml THÁI LAN,49000,Civic,331,4.5,63,Sữa rửa mặt
Sữa rửa mặt NIVEA Pearl White giúp trắng da ngọc trai (100g) - 81295,63000,Nivea,12626,0.0,0,Sữa rửa mặt
Bộ sản phẩm làm sạch và dưỡng ẩm Vichy,227950,VICHY,9,3.3,3,Sữa rửa mặt
Gel Rửa Mặt Trắng Sáng Cho Mọi Loại Da BL Miracle Advanced Hydrating Whitening Cleansing Gel (120ml),1145000,BL MIRACLE,0,0.0,0,Sữa rửa mặt
Sữa rửa mặt sâm đỏ cao cấp Hàn Quốc Benew chống lão hóa sáng da (100ml) - Hàng Chính Hãng,72000,Benew,4,4.0,1,Sữa rửa mặt
TOTAL CLEANSING FOAM - SỮA RỬA MẶT TẠO BỌT KIỂM SOÁT DẦU,330000,Twins Skin,54,4.8,10,Sữa rửa mặt
Sữa Rửa Mặt Collagen 3W Clinic (100ml),42000,3W Clinic,21,4.2,5,Sữa rửa mặt
Sữa Rửa Mặt Than Dành Cho Nam Dabo Black Force (120ml),115000,Dabo,1141,4.6,117,Sữa rửa mặt
Sữa rửa mặt dưỡng ẩm OHUI Age Recovery Soft Amino Foam 180ml,572160,OHUI,1,0.0,0,Sữa rửa mặt
Sữa Rửa Mặt Dạng Gel Su:m37 Skin Saver Essential Cleansing Foam 250ml,550000,SU:M37,0,0.0,0,Sữa rửa mặt
Kem rửa mặt nam OXY PERFECT wash ngừa mụn 100g,80500,OXY,3,0.0,0,Sữa rửa mặt
Sữa rửa mặt SIMPLE dưỡng ẩm 150ml,106260,SIMPLE,1,0.0,0,Sữa rửa mặt
Bộ sữa rửa mặt và dầu tẩy trang làm sạch da BEYOND PG Cleasing Set 400ml,430000,BEYOND,0,0.0,0,Sữa rửa mặt
Sữa rửa mặt dạng gel ẩm mịn sáng da căn bóng chứa AHA/PHA OHUI Miracle Toning Jelly Cleanser 180ml,409000,OHUI,3,0.0,0,Sữa rửa mặt
Kem Face Dưỡng Trắng Và Nâng Tông Da Mặt VACCI SPF36 PA++ - Làm Trắng - Chống Lão Hóa,480000,VACCI,1,0.0,0,Sữa rửa mặt
Sữa rửa mặt và tẩy trang dưỡng ẩm lô hội Naris Alodew Nhật Bản 100ml,345000,Dabo,3,0.0,0,Sữa rửa mặt
Sữa rửa mặt dịu lành cho da dầu nhạy cảm CETAPHIL OILY SKIN CLEANSER 125ML,195000,Cetaphil,6,0.0,0,Sữa rửa mặt
Kem rửa mặt trắng da tối ưu Hadalabo Perfect White (80g),82450,Hada Labo,2,0.0,0,Sữa rửa mặt
Gel sữa rửa mặt Compliment No Problem giảm mụn,110000,COMPLIMENT,10,5.0,1,Sữa rửa mặt
Sữa Rửa Mặt Tạo Bọt Skinlife Cow Facial Wash Pump Ngăn Ngừa Mụn Chai 160mL (Combo 160ml và Set 24ml),103000,Cow,0,0.0,0,Sữa rửa mặt
Sữa rửa mặt cho da dầu cho da khô cho da mụn sữa rửa mặt cho da nhạy cảm cho nam sữa rửa mặt cho da hôn hợp tinh trái nhàu thiên nhiên dành cho da đầu mụn nhạy cảm sữa rửa mặt dành cho bà bầu sữa rửa mặt love world,330000,Love World,0,0.0,0,Sữa rửa mặt
Sữa rửa mặt rau má PrettySkin The Pure Jeju Cica Cleansing Foam  150ml,155000,PrettySkin,5,5.0,2,Sữa rửa mặt
[GARNIER] Sữa Rửa Mặt 3 Trong 1 Giúp Ngăn Ngừa Mụn & Thông Thoáng Lỗ Chân Lông Bright Complete Anti-Acnes 50/90/100ml,59000,Garnier,23,0.0,0,Sữa rửa mặt
Hatomugi Hạt Ý Dĩ Nhật Bản 130/170gr,59000,Hatomugi,1,0.0,0,Sữa rửa mặt
"[GARNIER] Sữa Rửa Mặt Tạo Bọt Chứa Vitamin C Giúp Sáng Da, Mờ Thâm Và Ẩm Mịn Light Complete Brightening Whip Foam 100ml",99000,Garnier,4,0.0,0,Sữa rửa mặt
Sữa Rửa Mặt Tẩy Trang &amp; Làm Sáng Da Hatomugi Hạt Ý Dĩ Nhật Bản (130g),99000,Hatomugi,2,0.0,0,Sữa rửa mặt
Bộ 2 Sản Phẩm Dưỡng Da Giảm Mụn Skin1004 Madagascar Centella Asiatica Gồm Sửa rữa mặt 125ml + Serum 55ml - JESS SHOP COSMETICS,550000,Skin1004,3,5.0,2,Sữa rửa mặt
[Size du lịch] Sữa rửa mặt Sắc Ngọc Khang 30g chiết suất hoa anh đào giúp làm sạch dịu nhẹ cho làn da mịn màng tươi sáng,43000,Sắc Ngọc Khang,29,5.0,1,Sữa rửa mặt
SỮA RỬA MẶT DA BY M.O.I HỒ NGỌC HÀ,459000,M.O.I,0,0.0,0,Sữa rửa mặt
Bộ sản phẩm nước cân bằng và gel rửa mặt Effaclar làm sạch cho da nhạy cảm La Roche-Posay,690000,La Roche-Posay,1,0.0,0,Sữa rửa mặt
Sữa Rửa Mặt Fixderma Chiết Xuất Dâu Tây Strawberry Face Wash 75g,213400,FIXDERMA,11,5.0,1,Sữa rửa mặt
Combo 3 Sữa Rửa Mặt Sắc Ngọc Khang 100gr / Tuýp,288090,Sắc Ngọc Khang,4,5.0,1,Sữa rửa mặt
Tẩy tế bào chết làm sáng da dạng bọt chứa AHA Tegoder Whitening Lux foam 200 ml mã 4984,1069000,Tegoder,1,0.0,0,Sữa rửa mặt
"Xà Bông Rửa Mặt Thuần Chay Nha Đam Heebee's Sạch Sâu, Dịu Nhẹ, Chống Lão Hóa, Dành Cho Mọi Loại Da 100G",213400,Heebee Vietnam,0,0.0,0,Sữa rửa mặt
SỮA RỬA MẶT I'SCARA JEJU CLEANSER,281300,I'SCARA COSMETICS,0,0.0,0,Sữa rửa mặt
Sữa Rửa Mặt Không Bọt Dịu Nhẹ Lành Tính Dành Cho Da Khô Và Nhạy Cảm TBM 1000ml,729000,TBM,2,5.0,2,Sữa rửa mặt
 Sữa rửa mặt tinh chất ốc sên ,159000,Farmstay,5,0.0,0,Sữa rửa mặt
Sữa rửa mặt tinh chất trà xanh,159000,Farmstay,11,5.0,1,Sữa rửa mặt
Gel Rửa Mặt Eucerin DermatoCLEAN HYALURON Cleansing Gel Da Nhạy Cảm (200 ml),388000,Eucerin,21,4.3,6,Sữa rửa mặt
Sữa rửa mặt dưỡng ẩm chống lão hóa WHOO GJH Soo Hydra. Foam Cleanser 180ml,607000,the history of whoo,25,5.0,4,Sữa rửa mặt
Gel làm sạch dành cho da kích ứng Uriage Bariederm Cica Gel Nettoyant 200ml,398000,Uriage,13,4.5,2,Sữa rửa mặt
GEL RỬA MẶT THIÊN NHIÊN MẸ KEN-TUÝP 100ML,165000,MẸ KEN,0,3.0,1,Sữa rửa mặt
Gel bí đao rửa mặt Cocoon (Winter melon cleanser) 140ml,150000,The Cocoon Original Vietnam,96,4.7,15,Sữa rửa mặt
Kiehl's Calendula Deep Cleansing Foaming Face Wash – Gel Rửa Mặt Chiết Xuất Hoa Cúc,1220000,Kiehl's,4,0.0,0,Sữa rửa mặt
"Sữa rửa mặt Sắc Ngọc Khang 50g giúp loại bỏ bụi bẩn và bã nhờn dư thừa, cung cấp các dưỡng chất cho da, giúp da trắng sáng, mịn màng",45000,Sắc Ngọc Khang,229,4.5,37,Sữa rửa mặt
Sữa rửa mặt Lindsay,460000,LINDSAY,0,0.0,0,Sữa rửa mặt
Sữa rửa mặt Nhật Bản ngăn ngừa lão hóa Naris Cosmetic Uruoi Collagen Moisturizing Creamy Foam 100g – Hàng chính hãng,435000,Naris Cosmetic,5,5.0,1,Sữa rửa mặt
Sữa Rửa Mặt Làm Sáng Da Rosette Face Wash Pasta Ghassoul Bright (120g),132756,Rosette,80,4.8,4,Sữa rửa mặt
Set Sữa Rửa Mặt Tái Sinh SUM37 LosecSumma Foam Cleanser Special Set,1086000,SU:M37,0,0.0,0,Sữa rửa mặt
Sữa Rửa Mặt Dưỡng Ẩm Whoo Gongjinhyang Clarifying Cleansing Foam 180ml,645000,the history of whoo,0,0.0,0,Sữa rửa mặt
Kem Rửa Mặt HADA LABO Acne Care Calming Dành Cho Da Mụn Và Nhạy Cảm (Tuýp 80g),89100,Hadalabo,0,0.0,0,Sữa rửa mặt
Sữa Rửa Mặt Hạt Nghệ Thorakao Ngừa Mụn 50G/100G,80000,Thorakao,20,5.0,1,Sữa rửa mặt
Sữa rửa mặt thảo dược cô đặc Belif Creamy Cleansing Foam Moist 160ml,445000,Belif,0,0.0,0,Sữa rửa mặt
Sữa rửa mặt tạo bọt cho da mụn nhạy cảm làm sạch sâu bã nhờn CNP AC Pro Bubble Foam Cleanser 150ML,344000,CNP Laboratory,1,0.0,0,Sữa rửa mặt
Sữa rửa mặt Lalamos Phôi Kim Ngân Hoa làm sạch sâu và cấp ẩm 280ml,404000,LALAMOS,0,0.0,0,Sữa rửa mặt
Sữa Rửa Mặt CETAPHIL Gentle Skin Dịu Nhẹ 125ml,185000,Cetaphil,0,0.0,0,Sữa rửa mặt
Sữa Rửa Mặt CERAVE Foaming Cleanser 473ml,470000,CeraVe,3,0.0,0,Sữa rửa mặt
Sữa Rửa Mặt CERAVE Hydrating Cleanser 473ml,450000,CeraVe,0,0.0,0,Sữa rửa mặt
Sữa Rửa Mặt Thu Nhỏ Lỗ Chân Lông 80G Rosette Face Wash Pasta Sea Clay Smooth,87100,Rosette,1,5.0,1,Sữa rửa mặt
Sữa rửa mặt nghệ Hưng Yên Cocoon giúp da sạch mịn và rạng rỡ (140ml/310ml) - Hàng chính hãng,149000,The Cocoon Original Vietnam,1,5.0,1,Sữa rửa mặt
Combo 2 Sữa rửa mặt hạt chứa than hoạt tính dành cho nam s select 130g/tuýp,86000,S Select,10,3.0,2,Sữa rửa mặt
Combo 2 Sửa rửa mặt COSRX Salicylic Acid Daily Gentle Cleanser,460000,COSRX,2,0.0,0,Sữa rửa mặt
Sữa rửa mặt cao cấp trắng da cấp ẩm - BENEW WHITE MOISTURIZING VITAMIN B5 (150ml),145000,Benew,1,5.0,1,Sữa rửa mặt
Sữa Rửa Mặt Dịu Nhẹ Dành Cho Da Nhờn Mụn A-derma Biology AC Cleasing Foaming Gel,450000,A-Derma,1,0.0,0,Sữa rửa mặt
Sữa rửa mặt tạo bọt Siniskin Foaming Facial Cleanser ngăn ngừa mụn 100gram,150000,Siniskin,0,0.0,0,Sữa rửa mặt
Gel Rửa Mặt Garnier Skin Naturals Bright Complete Anti-Acne Cleansing Gel 120ml,165000,Garnier,0,0.0,0,Sữa rửa mặt
Gel Rửa Mặt Làm Sạch Sâu Và Massage Nâng Cơ Mặt 37120 Hatomugi (Tuýp 150 G),83000,Hatomugi,0,0.0,0,Sữa rửa mặt
Kem rửa mặt dưỡng ẩm tối ưu Hada Labo Advanced Nourish Hyaluronic Acid Cleanser (80g),73100,Hada Labo,1,0.0,0,Sữa rửa mặt
[MUA 1 TẶNG 1] - Gel rửa mặt Hắc Mai Biển I'm Cleansing Hydrate 120ml,193030,Luvis,0,0.0,0,Sữa rửa mặt
Sữa Rửa Mặt Cho Da Nhờn Mụn CeraVe Foaming Cleanser Gel Moussant 236ml,340000,CeraVe,10,5.0,1,Sữa rửa mặt
Sữa rửa mặt dịu lành cho da nhạy cảm Cetaphil Gentle Skin Cleanser 473ml,405000,Cetaphil,51,4.0,8,Sữa rửa mặt
Combo Khổ Qua soHERBs (Gel Rửa Mặt + Cao Khổ Qua),369000,SOHERBS,1,5.0,1,Sữa rửa mặt
Sữa Rửa Mặt Tạo Bọt Ngừa Mụn Và Dưỡng Sáng Da Chai 29347 Reihaku Hatomugi Facial Whip (160 mL),119000,Hatomugi,3,5.0,2,Sữa rửa mặt
Sữa Rửa Mặt Cow Skinlife Facial Foam Ngừa Mụn Và Dưỡng Trắng Da (130g),93000,COW BRAND,1,0.0,0,Sữa rửa mặt
Sữa Rửa Mặt Fresh Dr Cell 150ml hỗ trợ làm sạch da ngăn ngừa mụn,223100,Dr Cell,5,5.0,1,Sữa rửa mặt
MELON - Kem Sữa Rửa Mặt Trái Cây Tươi  100g,65000,Lana,2,0.0,0,Sữa rửa mặt
Sữa rửa mặt làm sáng da Cetaphil Bright Healthy Radiance Creamy Cleanser 100g,255000,Cetaphil,79,4.8,12,Sữa rửa mặt
Sữa rửa mặt không xà phòng dành cho da dầu SPECIAL CLEANSING GEL của Dermalogica - Dolly Beauty,383000,dermalogica,2,0.0,0,Sữa rửa mặt
Sữa rửa mặt dịu lành cho da nhạy cảm Cetaphil Gentle Skin Cleanser 125ml,175000,Cetaphil,523,4.8,133,Sữa rửa mặt
"Bộ Gel rửa mặt và tắm giúp làm sạch bã nhờn,giảm mụn & thâm sẹo La Roche-Posay Effaclar Micro-Peeling Purifying Gel",563000,La Roche-Posay,4,3.3,3,Sữa rửa mặt
Sữa rửa mặt làm sạch & trắng da EIR Mild Cleansing Foam 150ml - Hàng Chính Hãng,585600,EIR,0,0.0,0,Sữa rửa mặt
Sữa Rửa Mặt Làm Sạch Và Giảm Mụn Acne-Aid Liquid Cleanser 100ml,175000,Acne-Aid,420,4.8,63,Sữa rửa mặt
"Sữa Rửa Mặt Chiết Xuất Từ Tinh Chất Qủa Cam Giúp giảm thiểu Nám Sạm, Tàn Nhang - Himalaya Since 1930 100ML",97000,Himalaya Since 1930,22,5.0,4,Sữa rửa mặt
Sữa rửa mặt dưỡng ẩm Facial Cleanser Men Stay Simplicity,169000,Men Stay Simplicity,81,4.5,8,Sữa rửa mặt
"Combo Sữa Rửa Mặt Ngăn Ngừa Mụn, Sạch Nhờn,Hỗ Trợ Trị Thâm Nhật Bản Naris Cosmetic Acmedica Acne Care Wash (100g) + Bông Bọt Biển Rửa Mặt Cao Cấp Hàn Quốc Mira (6 miếng/bịch) – Hàng chính hãng",237650,Naris Cosmetic,1,0.0,0,Sữa rửa mặt
Sữa Rửa Mặt Lô Hội Naive (130g),87900,Naive,69,4.5,8,Sữa rửa mặt
Tẩy trang Chống Lão hóa Omar Sharif Paris - Re20 Cleansing Gel (180ml),702000,Omar Sharif Paris,2,0.0,0,Sữa rửa mặt
Sữa Rửa Mặt SVR Sebiaclear Gel Moussant  (50ml),125000,SVR,452,4.7,80,Sữa rửa mặt
"Sữa rửa mặt nam AM-MAN AM AGERASIA 100ml dạng gel ngăn ngừa mụn, dưỡng ẩm, làm sạch da, sáng da",94000,AM MAN,0,0.0,0,Sữa rửa mặt
Kem Rửa Mặt Nam OXY White Splash tuýp 100g,80500,OXY,1,0.0,0,Sữa rửa mặt
Sữa rửa mặt Kumano Hatomugi Reihaku Facial Foam giúp ngăn ngừa mụn và làm sáng da (130g) - Hàng chính hãng,79000,Hatomugi,1,0.0,0,Sữa rửa mặt
Sữa Rửa Mặt Dạng Bột Su:m37 Micro Active Powder Wash 60g,605000,SU:M37,0,0.0,0,Sữa rửa mặt
Sữa Rửa Mặt Dịu Nhẹ Cho Da Dầu CeraVe Foaming Cleanser 236ml,65000,CeraVe,2,0.0,0,Sữa rửa mặt
Sữa Rửa Mặt Tạo Bọt Dịu Lành Cho Da Nhạy Cảm Cetaphil Hydrating Foaming Cream Cleanser 473ml,430000,Cetaphil,21,4.0,1,Sữa rửa mặt
"Sữa Rửa Mặt Da Dầu KARMEL 100g - Làm Sạch Dịu Nhẹ, Mềm Mịn; Giúp Sáng Da Se Khít Lỗ Chân Lông",330000,Karmel,0,0.0,0,Sữa rửa mặt
Gel rửa mặt cà phê Đắk Lắk Cocoon cho làn da tươi mới và rạng rỡ 140ml thuần chay,195000,The Cocoon Original Vietnam,0,0.0,0,Sữa rửa mặt
Sữa rửa mặt dành cho da dầu mụn Dermalogica Active Clay Cleanser 150ml,1370000,dermalogica,0,0.0,0,Sữa rửa mặt
Sữa rửa mặt dưỡng ẩm chuyên sâu đem lại sự mịn màng cho mọi làn da Dermalogica Intensive Moisture Cleanser,1260000,dermalogica,0,0.0,0,Sữa rửa mặt
Sữa Rửa Mặt Dịu Nhẹ Cho Da Khô CeraVe SA Smoothing Cleanser 236ml,305500,CeraVe,2,0.0,0,Sữa rửa mặt
Combo Sữa rửa mặt nghệ Hưng Yên cocoon 140ml + Toner nước nghệ cocoon 140ml,370000,The Cocoon Original Vietnam,1,5.0,1,Sữa rửa mặt
"Sữa rửa mặt thảo dược Face wash Kingphar , tube 100ml, làm sạch, làm trắng , dưỡng ẩm da",49000,Kingphar,0,0.0,0,Sữa rửa mặt
Gel rửa mặt kiểm soát bóng nhờn và sạch mụn Simple (150ml),161000,SIMPLE,2,5.0,1,Sữa rửa mặt
Xà Phòng Fixderma Giảm Mụn Mờ Thâm Mám Salyzap Soap  30g ,53000,FIXDERMA,42,5.0,5,Sữa rửa mặt
"[DƯỠNG TRẮNG CHUYÊN SÂU] Combo Bộ 4 Dưỡng Da Trắng Mịn Nhau Thai Nhật Bản MICCOSMO White Label (Sữa Rửa Mặt, Nước Hoa Hồng, Kem Dưỡng, Sữa Dưỡng Thể - CB03)",1450000,White Label,0,0.0,0,Sữa rửa mặt
Combo 2 Sữa rửa mặt dịu nhẹ cho da nhạy cảm Cetaphil Gentle Skin Cleanser 500ml,786000,Cetaphil,40,5.0,9,Sữa rửa mặt
Bộ đôi làm sạch sâu cho da Sắc Ngọc Khang: Nước tẩy trang 145ml + Sữa rửa mặt 100g,164000,Sắc Ngọc Khang,7,5.0,2,Sữa rửa mặt
Combo 3 Sữa Rửa Mặt Sắc Ngọc Khang 50g ( Tổng 150g ),168000,Sắc Ngọc Khang,1,5.0,1,Sữa rửa mặt
(Size du lịch) Bộ đôi dưỡng da Sắc Ngọc Khang Kem dưỡng da ban đêm 10g & Sữa rửa mặt 50g,196000,Sắc Ngọc Khang,9,4.7,3,Sữa rửa mặt
"Sữa Rửa Mặt Sắc Ngọc Khang 50g tinh chất hoa anh đào làm sạch dịu nhẹ cho làn da mịn màng, tươi sáng",56000,Sắc Ngọc Khang,19,5.0,3,Sữa rửa mặt
Combo Làm sạch và Dưỡng ẩm cho da nhạy cảm Sữa rửa mặt Cetaphil Gentle Skin Cleanser 250ml + Kem dưỡng ẩm Cetaphil Moisturizing Cream 50g,512000,Cetaphil,28,5.0,6,Sữa rửa mặt
Sữa rửa mặt dịu lành cho da nhạy cảm Cetaphil Gentle Skin Cleanser 250ml,282000,Cetaphil,213,4.8,55,Sữa rửa mặt
"Combo 2 tuýp Sữa rửa mặt Sắc Ngọc Khang 100g giúp làm sạch bã nhờn, bụi bẩn cho da",138000,Sắc Ngọc Khang,30,5.0,8,Sữa rửa mặt
"Sữa Rửa Mặt Tạo Bọt Zakka Naturals BHA, AHA Mandelic Glow Foam Cleanser 185ml",252000,Zakka Naturals,99,4.8,20,Sữa rửa mặt
Sữa rửa mặt Đất Sét Kiehls Rare Earth Deep Pore Daily Cleanser 150ml,950000,Kiehl's,5,0.0,0,Sữa rửa mặt
ST Beauty - Sữa Rửa Mặt: Làm Sạch Da Chuyên Sâu & Thông Thoáng Lỗ Chân Lông – Trắng Đều Màu & Cân Bằng Độ Ẩm cho Da - ST Beauty Extreme DEEP Foam Cleanse – Made in Korea - Tặng 1 Gel Rửa Tay Khô Móc Khóa 30ml,139000,ST Beauty,5,5.0,2,Sữa rửa mặt
Sữa rửa mặt cho da dầu mụn Aknicare Cleanser 200ml,683000,Aknicare,29,4.5,5,Sữa rửa mặt
Sữa rửa mặt Nam Dabo Black Force Men Hàn Quốc 120ml Tặng Móc khoá,155000,Dabo,71,5.0,17,Sữa rửa mặt
Gel Rửa Mặt Và Tẩy Tế Bào Chết SVR Sebiaclear Gel Moussant (55ml) - VIVALUST COSMETICS,125000,SVR,63,4.8,11,Sữa rửa mặt
Sữa rửa mặt làm giảm mụn và ngăn ngừa mụn Caryophy Portulaca Foam Cleanser 150ml + Tặng kèm 1 Mặt nạ dưỡng da Some By Mi,286150,Caryophy,2,0.0,0,Sữa rửa mặt
Sữa Rửa Mặt Kèm Tẩy Trang Trà Xanh Naive (200g),122000,Naive,76,4.3,11,Sữa rửa mặt
Gel rửa mặt trà xanh  Phấn Nụ Hoàng Cungung,231830,PHẤN NỤ HOÀNG CUNG,20,5.0,2,Sữa rửa mặt
Gel Rửa Mặt Da Mụn Eucerin Pro ACNE Solution Cleansing Gel (200 ml),379000,Eucerin,83,4.6,27,Sữa rửa mặt
Gel Rửa Mặt Ngừa Mụn & Nếp Nhăn Yanhee Cleansing Gel (50g),90000,Yanhee,46,5.0,3,Sữa rửa mặt
Gel Rửa Mặt Cho Da Dầu Mụn Eucerin ProAcne Solution Cleansing Gel 200ml,379000,Eucerin,70,4.8,13,Sữa rửa mặt
Sửa Rửa Mặt Dưỡng Trắng Ohui Extreme White Foam FI50243012 (160ml),607000,OHUI,29,5.0,5,Sữa rửa mặt
Sữa Rửa Mặt Neem Ngừa Mụn Trứng Cá Himalaya Herbals (150ml),157200,Himalaya Herbals,672,4.5,54,Sữa rửa mặt
"Sữa Rửa Mặt Không Bọt, Ngăn Ngừa Mụn, Làm Sạch Sâu Biyokea (100g)",229890,Biyokea,20,5.0,1,Sữa rửa mặt
Sữa Rửa Mặt Sạch Mụn Đầu Đen St.Ives Trà Xanh (170g),125000,St.Ives,101,4.6,14,Sữa rửa mặt
Bộ Sữa Rửa Mặt Tái Sinh Ohui The First Geniture Foam Cleanser Special Set,1047000,OHUI,0,0.0,0,Sữa rửa mặt
Sữa rửa mặt làm sạch sâu và chống lão hóa da OHUI Prime Advancer Gel Cleanser 250ml,782000,OHUI,0,0.0,0,Sữa rửa mặt
"Gel Tẩy Trang Dưỡng Trắng, Dưỡng Ẩm Bổ Sung Hyaluronic Acid Softymo Cleansing Gel Nhật Bản 210G",129000,Softymo,0,0.0,0,Sữa rửa mặt
Sữa Rửa Mặt Neem Ngừa Mụn Trứng Cá Himalaya Herbals (50ml),72000,Himalaya Herbals,1,0.0,0,Sữa rửa mặt
Sữa Rửa Mặt CERAVE Hydrating Cleanser 236ml,310200,CeraVe,0,0.0,0,Sữa rửa mặt
Sữa Rửa Mặt Làm Giảm Mụn 80G Rosette Face Wash Pasta Acne Clear,87100,Rosette,1,5.0,1,Sữa rửa mặt
Gel rửa mặt Emmié Sooting & Hydrating Derma Cleansing Gel (180ml) - Hàng chính hãng,179000,Emmié by Happy Skin,0,0.0,0,Sữa rửa mặt
Gel rửa mặt bí đao Cocoon giảm dầu và mụn (50ml/140ml/310ml) - Hàng chính hãng,169000,The Cocoon Original Vietnam,2,0.0,0,Sữa rửa mặt
Sữa rửa mặt CETAPHIL hydrating foaming 236ml,300800,Cetaphil,1,0.0,0,Sữa rửa mặt
Xịt Chống Nắng Siêu Chống Thấm Nước Suncut Kosé Nhật Bản (Chai 90G),171000,Softymo,2,0.0,0,Sữa rửa mặt
CHÍNH HÃNG Sữa Rửa Mặt Gel Rửa Mặt Cosrx Low PH Good Morning Gel Cleanser Dạng Gel Chiết Từ Dầu Cây Trà 150ml.,149000,FTAKY,1,0.0,0,Sữa rửa mặt
"CeraVe Hydrating Cleanser - Sữa Rửa Mặt Cho Da Khô, Hỗn Hợp Khô Nhạy Cảm",65000,CeraVe,3,0.0,0,Sữa rửa mặt
Sữa rửa mặt Ganier 3in1 giảm mụn kiềm dầu,185000,COMPLIMENT,3,0.0,0,Sữa rửa mặt
Sữa Rửa Mặt Tạo Bọt Dưỡng Ẩm Bổ Sung Ceramide Softymo Kose Nhật Bản (150g),97000,Softymo,0,0.0,0,Sữa rửa mặt
Sữa Rửa Mặt Sạch Sâu Chiết Xuất Lá Trà Xanh Kracie Naive Face Wash (Green Tea) - Tuýp 130G,99000,Naive,0,0.0,0,Sữa rửa mặt
"Xà Phòng Rửa Mặt ,Làm Sạch Bã Nhờn Và Mụn Vùng Cánh Mũi Pelican Dot Washy (75G)",119000,Pelican,0,0.0,0,Sữa rửa mặt
SỮA RỬA MẶT DỊU NHẸ PIME CLEANSING FOAM 150G,430000,PIME,1,5.0,1,Sữa rửa mặt
Sữa Rửa Mặt Tẩy Trang Tạo Bọt Kosé Softymo Cleansing Foam (190 G),119000,Kosé,9,0.0,0,Sữa rửa mặt
Sữa Rửa Mặt Saffron Nhụy Hoa Nghệ Tây Herskin 60ml Sạch Sâu Se Lỗ Chân Lông,125000,HERSKIN,4,0.0,0,Sữa rửa mặt
Sữa Rửa Mặt Than Hoạt Tính Deve Men Sumi Facial Wash Dành Cho Nam (Tuýp 130g),79000,Deve,7,0.0,0,Sữa rửa mặt
"Sữa rửa mặt dạng bùn khoáng sạch sâu cho da mụn, hỗn hợp thiên dầu Dermalogica Active Clay Cleanser",60000,dermalogica,0,0.0,0,Sữa rửa mặt
Sữa rửa mặt dành cho da dầu mụn CLEARING SKIN WASH của Dermalogica - Dolly Beauty,1590000,dermalogica,3,5.0,1,Sữa rửa mặt
Sữa Rửa Mặt Deve Hạt Scrub Dành Cho Nam Giới (130g),75000,KUMANO DEVE,15,0.0,0,Sữa rửa mặt
Combo 4 dưỡng da cơ bản và chống nắng Sắc Ngọc Khang [Nước tẩy trang 145ml + Sữa rửa mặt 100g + Nước hoa hồng 145ml + Kem chống nắng 50g],402000,Sắc Ngọc Khang,12,4.3,6,Sữa rửa mặt
Sữa rửa mặt dưỡng trắng Whoo Gongjinhyang Seol Brightening Cleansing Foam (180ml),674000,the history of whoo,36,4.5,5,Sữa rửa mặt
Combo Nước cân bằng da cocoon 140ml + Mặt nạ bí đao cocoon 30ml,320000,The Cocoon Original Vietnam,57,4.8,13,Sữa rửa mặt
Sữa Rửa Mặt Sáng Da Ngừa Mụn Kháng Khuẩn Cho Nam Hàn Quốc Dabo Black Force(120ml) – Hàng Chính Hãng,115000,Dabo,73,5.0,18,Sữa rửa mặt
Sữa rửa mặt cao cấp 7in 1 dưỡng trắng DABO Multi Foam Cleanser 180ml,155000,Dabo,4,0.0,0,Sữa rửa mặt
Sữa rửa mặt Thuốc bắc Tinh chất,400000,Rosie Beauty,0,0.0,0,Sữa rửa mặt
Sữa Rửa Mặt Cấp Ẩm LaTa ForMen Hydrating Cleanser,271600,LATA Formen,10,4.0,1,Sữa rửa mặt
SỮA RỬA MẶT SKINICER REPAIR CLEANSER 100ML,850000,Skinicer,1,5.0,1,Sữa rửa mặt
Sữa Rửa Mặt Sạch Mụn Đầu Đen St.Ives Trà Xanh (170g) [ Được Mask 3W Clinic ],139000,St.Ives,50,4.5,13,Sữa rửa mặt
Gel Bí Đao Rửa Mặt Cocoon (140ml),140000,The Cocoon Original Vietnam,23,4.8,5,Sữa rửa mặt
Sữa rửa mặt shikioriori soy milk,89000,Kumano,4,4.0,2,Sữa rửa mặt
Sữa Rửa Mặt Sữa Tươi Và Dưa Leo Thorakao 100g,44000,Thorakao,63,5.0,16,Sữa rửa mặt
"Combo Sữa Rửa Mặt Ngăn Ngừa Mụn, Sạch Nhờn, Ngừa Thâm Nhật Bản Naris Cosmetic Acmedica Acne Care Wash (100g) + Bông bọt biển massage mặt Hàn Quốc Aroma – Hàng chính hãng",237650,Naris Cosmetic,17,4.3,4,Sữa rửa mặt
Sữa rửa mặt tinh chất than kháng khuẩn dành cho nam Dabo Hàn quốc ( 120ml) - HÀNG CHÍNH HÃNG,115000,Dabo,161,4.6,10,Sữa rửa mặt
Sữa Rửa Mặt Thu Nhỏ Lỗ Chân Lông Rosette Face Wash Pasta Sea Clay Smooth (120g),127880,Rosette,376,4.5,29,Sữa rửa mặt
Naruko Ý Dĩ Nhân Đỏ - Sữa Rửa Mặt BọtRJT Pore Minimizing & Brightening Foaming Wash (120ml),270630,Naruko,54,5.0,15,Sữa rửa mặt
Sữa Rửa Mặt Tinh Tế Làm Sạch Và Trắng Da Cải Tiến Với Nghệ Tây Himalaya Herbals (150ml),157200,Himalaya Herbals,170,4.8,15,Sữa rửa mặt
Sữa rửa mặt thuần chay giúp cân bằng pH và làm sạch lớp trang điểm Ph Hubby Haut 5.7 dạng gel 150ml,378000,Ph Hubby,0,0.0,0,Sữa rửa mặt
Sửa rửa mặt thuần chay tạo bọt Ph Hubby Haut 5.7 Foam Cleanser 150ml,378000,Ph Hubby,0,0.0,0,Sữa rửa mặt
"Sữa rửa mặt tạo bọt Donghae RATAPLAN dưỡng ẩm sâu, làm sạch lớp trang điểm, bụi bẩn, da mềm mịn 210ml",364000,Rataplan,0,0.0,0,Sữa rửa mặt
"Sữa rửa mặt Minari RATAPLAN làm dịu da, giảm mụn, kháng khuẩn và an toàn cho da 150ml",282000,Rataplan,0,0.0,0,Sữa rửa mặt
Sữa rửa mặt tạo bọt DrCeutics Gentle Olive Foaming (420g) - Hàng chính hãng,231000,DrCeutics,0,0.0,0,Sữa rửa mặt
"Sữa rửa mặt tạo bọt giúp làm sạch bụi bẩn, giảm bớt dầu nhờn cho da DR.SOMCHAI ACNE FOAMING CLEANSER SALICYLIC 150ml",286150,dr somchai,0,0.0,0,Sữa rửa mặt
Sữa Rửa Mặt Lalamos Phôi Kim Ngân Hoa Làm Sạch Sâu và Cấp Ẩm Mini Size - 50ml,83000,LALAMOS,0,0.0,0,Sữa rửa mặt
Sữa rửa mặt Simple Refreshing Facial Wash giúp làm sạch cho da nhạy cảm (50ml/150ml) - Hàng chính hãng,69000,SIMPLE,2,0.0,0,Sữa rửa mặt
Gel rửa mặt ACNES Oil Control Cleanser giúp kiểm soát nhờn (Tuýp 100g),63750,Acnes,0,0.0,0,Sữa rửa mặt
Combo Sữa Rửa Mặt Tạo Bọt Cetaphil Hydrating Foaming Cream Cleanser 236ml + Kem dưỡng ẩm CETAPHIL MOISTURISING CREAM 50G,562000,Cetaphil,0,0.0,0,Sữa rửa mặt
"Gel Rửa Mặt Zakka Naturals Loại Bỏ Bụi Mịn, Sạch Sâu, Ngừa Mụn, Sáng da Probiotic Anti-Pollution Radiance Amino Gel 150ml",282000,Zakka Naturals,1,0.0,0,Sữa rửa mặt
[Chính Hãng] Sữa rửa mặt tạo bọt dưỡng ẩm ngăn ngừa viêm mụn Serenys 150ml,129000,Serenys,0,0.0,0,Sữa rửa mặt
Sữa Rửa Mặt Làm Sạch Sâu Cho Da Cleansing Celaud 100ml,281300,C'ELAUD,0,0.0,0,Sữa rửa mặt
Sữa rửa mặt tạo bọt cấp ẩm sâu và trẻ hoá da tinh chất Peptide và Collagen - 7GF Moisture Facial Foam 140g,720000,aishodo,1,0.0,0,Sữa rửa mặt
Bộ Sữa Rửa Mặt Ohui Trắng Ohui Extreme White Cleansing Foam 160ml +100ml,631000,OHUI,6,5.0,2,Sữa rửa mặt
"(mới)5 LỌ Sữa rủa mặt Mychi mint cleanser phiên bản to 100ml gấp 3,5 lần",380000,Mychi,0,0.0,0,Sữa rửa mặt
Sữa rửa mặt Mychi mint Cleanser Chính hãng,90000,Mychi,1,0.0,0,Sữa rửa mặt
Sữa rửa mặt Tenamyd Fresh White Sand UV Whitening Foam Cleanser II 120g trắng da- Hàng chính hãng - Lady & Men Viet Nam,258990,Tenamyd,2,0.0,0,Sữa rửa mặt
Sữa rửa mặt siêu cấp ẩm DABO Hyaluron Creamy Whip Foam - Hàng công ty nhập khẩu Hàn Quốc,145000,Dabo,2,0.0,0,Sữa rửa mặt
Gel Bí Đao Rửa Mặt Cocoon 310ml Cho Da Dầu Mụn,213400,The Cocoon Original Vietnam,3,0.0,0,Sữa rửa mặt
SỮA RỬA MẶT TINH CHẤT VÀNG ANJO PROFESSIONAL 24K GOLD FOAM CLEANSING 100g,79000,Anjo,4,0.0,0,Sữa rửa mặt
Sữa rửa mặt dạng gel Dermalogica Special Cleansing Gel 50ml - 250ml - 500ml dành cho mọi loại da,400000,dermalogica,0,0.0,0,Sữa rửa mặt
Sữa Rửa Mặt Than Hoạt Tính Dành Cho Nam DEVE Nhật Bản,92000,Deve,4,0.0,0,Sữa rửa mặt
Sữa Rửa Mặt Dịu Nhẹ Cho Da Nhạy Cảm Cetaphil Gentle Skin Cleanser 1000ml,600000,Cetaphil,24,4.7,3,Sữa rửa mặt
"Sữa Rửa Mặt WASH FACE 100ml, Làm Sạch Da, Sạch Bụi Bẩn, Dầu Nhờn, Lớp Trang Điểm, Tế Bào Da Chết, Ngăn Ngừa Mụn, Duy Trì Độ Ẩm",59000,QUYÊN LARA Natural product Spa Health club,0,0.0,0,Sữa rửa mặt
Bộ Sữa Rửa Mặt Trị Mụn Ohui Clinic Science Deep Medi - Cleansing Foam,605000,OHUI,1,0.0,0,Sữa rửa mặt
Sữa Rửa Mặt Tẩy Trang Và Dưỡng Trắng Da Reihaku Hatomugi (Tuýp 130 G),69000,Hatomugi,0,0.0,0,Sữa rửa mặt
Sữa Rửa Mặt Tẩy Tế Bào Chết Dịu Nhẹ ST.IVES 170g USA,135000,St.Ives,17,3.7,3,Sữa rửa mặt
Sữa rửa mặt dành cho da nhạy cảm ULTRACALMING CLEANSER của Dermalogica - Dolly Beauty,1525000,dermalogica,1,0.0,0,Sữa rửa mặt
Sữa rửa mặt Ju:cy pH5.5 Mild Foam 130ml,208550,Ju:cy,0,0.0,0,Sữa rửa mặt
"Sữa rửa mặt tạo bọt giúp làm sạch bụi bẩn, giảm bớt dầu nhờn cho da DR.SOMCHAI ACNE FOAMING CLEANSER SALICYLIC 150ml",286150,dr somchai,0,0.0,0,Sữa rửa mặt
"Sữa rửa mặt nam thải độc, khử nhờn, dưỡng ẩm Dabo Black Fore Hydration Hàn Quốc 120ml tặng móc khóa",155000,Dabo,20,3.4,8,Sữa rửa mặt
"Sữa Rửa Mặt Dành Cho Nam Dabo Black Force Foam Cleanser Black & White Mild Scrub Kháng Khuẩn, Ngừa Mụn, Sạch Nhờn Có Hạt Massage (120ml)",115000,Dabo,2,0.0,0,Sữa rửa mặt
Sữa Rửa Mặt Hoa Cúc Làm Sạch Dịu Nhẹ Dưỡng Ẩm Calendula Manuka Honey Hydrating & Calming Amino Foam Zakka Naturals 185ml,252000,Zakka Naturals,34,4.7,7,Sữa rửa mặt
Sữa Rửa Mặt Dạng Gel Giúp Làm Sạch Sâu Và Giảm Bã Nhờn Trên Da Normaderm Phytosolution Intensive Purifying Gel 200Ml,449000,VICHY,14,5.0,1,Sữa rửa mặt
Sữa Rửa Mặt Cleansing Foam Onyx Cosmetics giúp dưỡng ẩm cho làn da (150ml),460000,ONYX COSMETICS,6,0.0,0,Sữa rửa mặt
Sữa Rửa Mặt Kèm Tẩy Trang Lá Đào Naive (200g),107900,Naive,37,4.8,8,Sữa rửa mặt
"Sữa rửa mặt sáng da Vitara Deep Cleansing Foam loại bỏ dầu, bụi bẩn, lớp trang điểm, ngừa mụn, giữ ẩm 100",198000,VITARA,28,4.7,3,Sữa rửa mặt
Naruko Hoa Hồng Nhung - Sữa Rửa Mặt Bọt Rose & Botanic Ha Aqua Cubic Foaming Wash Ex (120g),270630,Naruko,17,5.0,4,Sữa rửa mặt
"Sữa rửa mặt ngừa mụn Lotuphil 250ml - Hàng Chính Hãng hợp da nhờn, da khô, da nhạy cảm",179000,Lotuphil,320,4.6,29,Sữa rửa mặt
